outage,circuit,kind,s_nom,worst_loading_pct,hours_over,group_size,eirgrid_group_size,vetoed_from_eirgrid,best_node
1021-2121-1,1122-1742-1,Line,513.0,100.15,3,26,3,3,3581
1021-2121-1,3581-89516-1,Line,123.0,100.17,16,26,26,0,3581
1021-2121-1,T3464-3462-34641-1-w1,Transformer,500.0,100.13,6,26,63,0,3581
1021-2121-1,T3464-3462-34641-1-w2,Transformer,500.0,100.13,6,26,63,0,3581
1021-2361-1,1122-1742-1,Line,513.0,100.13,3,26,3,3,3581
1021-2361-1,3581-89516-1,Line,123.0,100.23,39,26,26,0,3581
1021-10210-1,1122-1742-1,Line,513.0,100.11,2,42,42,0,11261
1031-1181-1,3581-89516-1,Line,123.0,102.29,104,45,26,0,3581
1031-1181-1,T89510-89515-1,Transformer,125.0,100.65,6,45,26,0,3581
1031-1181-1,T89515-89516-1,Transformer,125.0,100.65,6,45,26,0,3581
1031-1181-1,T3464-3462-34641-1-w1,Transformer,500.0,100.18,9,45,63,0,3581
1031-1181-1,T3464-3462-34641-1-w2,Transformer,500.0,100.18,9,45,63,0,3581
1031-4221-1,3581-89516-1,Line,123.0,102.29,104,45,26,0,3581
1031-4221-1,T89510-89515-1,Transformer,125.0,100.65,6,45,26,0,3581
1031-4221-1,T89515-89516-1,Transformer,125.0,100.65,6,45,26,0,3581
1031-4221-1,T3464-3462-34641-1-w1,Transformer,500.0,100.18,9,45,63,0,3581
1031-4221-1,T3464-3462-34641-1-w2,Transformer,500.0,100.18,9,45,63,0,3581
1071-2361-1,1122-1742-1,Line,513.0,100.11,1,83,41,4,1511
1071-2361-1,3082-3122-1,Line,634.0,100.1,1,83,42,5,1511
1071-2361-1,3581-89516-1,Line,123.0,100.17,6,83,26,26,1511
1071-2361-1,T3464-3462-34641-1-w1,Transformer,500.0,100.59,19,83,62,0,1511
1071-2361-1,T3464-3462-34641-1-w2,Transformer,500.0,100.59,19,83,62,0,1511
1071-4941-1,1122-1742-1,Line,513.0,100.15,8,78,41,4,14016
1071-4941-1,3082-3122-1,Line,634.0,100.17,5,78,42,5,14016
1071-4941-1,3691-4041-1,Line,192.0,100.33,2,78,14,0,14016
1071-4941-1,T3464-3462-34641-1-w1,Transformer,500.0,101.19,20,78,63,0,14016
1071-4941-1,T3464-3462-34641-1-w2,Transformer,500.0,101.19,20,78,63,0,14016
1121-1301-1,1122-1742-1,Line,513.0,117.31,21,44,44,0,11261
1121-1301-1,3581-89516-1,Line,123.0,100.13,15,44,26,26,11261
1121-1301-1,T3464-3462-34641-1-w1,Transformer,500.0,100.72,20,44,63,0,11261
1121-1301-1,T3464-3462-34641-1-w2,Transformer,500.0,100.72,20,44,63,0,11261
1121-4321-1,3082-3122-1,Line,634.0,100.28,1,75,42,5,1511
1121-4321-1,T3464-3462-34641-1-w1,Transformer,500.0,100.33,9,75,63,0,1511
1121-4321-1,T3464-3462-34641-1-w2,Transformer,500.0,100.33,9,75,63,0,1511
1122-1742-1,1121-1301-1,Line,159.0,182.98,50,42,13,0,1121
1122-1742-1,1301-17411-1,Line,159.0,173.25,44,42,13,0,1121
1122-1742-1,3581-89516-1,Line,123.0,101.21,67,42,26,26,1121
1122-1742-1,3691-4041-1,Line,192.0,100.91,2,42,14,8,1121
1122-1742-1,T3464-3462-34641-1-w1,Transformer,500.0,106.68,25,42,65,0,1121
1122-1742-1,T3464-3462-34641-1-w2,Transformer,500.0,106.68,25,42,65,0,1121
1122-1742-1,T3934-3942-39402-1-w1,Transformer,500.0,104.29,21,42,65,0,1121
1122-3642-1,3082-3122-1,Line,634.0,104.06,3,15,15,0,17420
1122-3642-1,3581-89516-1,Line,123.0,100.28,30,15,26,26,17420
1122-3642-1,3691-4041-1,Line,192.0,100.14,1,15,14,4,17420
1122-3642-1,T3464-3462-34641-1-w1,Transformer,500.0,102.02,18,15,65,0,17420
1122-3642-1,T3464-3462-34641-1-w2,Transformer,500.0,102.02,18,15,65,0,17420
1141-3501-1,1122-1742-1,Line,513.0,100.9,9,82,42,4,11261
1141-3501-1,3082-3122-1,Line,634.0,100.52,7,82,42,5,11261
1141-3501-1,3581-89516-1,Line,123.0,100.82,16,82,27,27,11261
1141-3501-1,3691-4041-1,Line,192.0,101.0,2,82,14,8,11261
1141-3501-1,T3464-3462-34641-1-w1,Transformer,500.0,101.47,20,82,65,0,11261
1141-3501-1,T3464-3462-34641-1-w2,Transformer,500.0,101.47,20,82,65,0,11261
1141-4941-1,1122-1742-1,Line,513.0,100.8,9,78,42,4,14016
1141-4941-1,3082-3122-1,Line,634.0,100.56,7,78,43,6,14016
1141-4941-1,3691-4041-1,Line,192.0,101.71,2,78,14,0,14016
1141-4941-1,T3464-3462-34641-1-w1,Transformer,500.0,101.3,20,78,64,0,14016
1141-4941-1,T3464-3462-34641-1-w2,Transformer,500.0,101.3,20,78,64,0,14016
1151-1161-1,1122-1742-1,Line,513.0,100.14,1,42,42,0,11261
1151-1161-1,3581-89516-1,Line,123.0,100.12,4,42,26,26,11261
1151-1161-1,T3464-3462-34641-1-w1,Transformer,500.0,100.13,1,42,63,0,11261
1151-1161-1,T3464-3462-34641-1-w2,Transformer,500.0,100.13,1,42,63,0,11261
1151-3461-1,1122-1742-1,Line,513.0,100.14,1,42,42,0,11261
1151-3461-1,3581-89516-1,Line,123.0,100.12,5,42,26,26,11261
1161-3901-1,T3464-3462-34641-1-w1,Transformer,500.0,100.58,20,75,63,0,1511
1161-3901-1,T3464-3462-34641-1-w2,Transformer,500.0,100.58,20,75,63,0,1511
1181-1861-1,1122-1742-1,Line,513.0,100.3,9,105,42,8,5361
1181-1861-1,3082-3122-1,Line,634.0,100.3,7,105,42,9,5361
1181-1861-1,3581-89516-1,Line,123.0,104.72,124,105,27,12,5361
1181-1861-1,T89510-89515-1,Transformer,125.0,103.04,98,105,27,12,5361
1181-1861-1,T89515-89516-1,Transformer,125.0,103.04,98,105,27,12,5361
1181-1861-1,T3464-3462-34641-1-w1,Transformer,500.0,100.91,20,105,63,0,5361
1181-1861-1,T3464-3462-34641-1-w2,Transformer,500.0,100.91,20,105,63,0,5361
1181-2821-1,3581-89516-1,Line,123.0,103.55,49,42,26,0,3581
1181-2821-1,T89510-89515-1,Transformer,125.0,101.89,19,42,26,0,3581
1181-2821-1,T89515-89516-1,Transformer,125.0,101.89,19,42,26,0,3581
1181-4961-1,3581-89516-1,Line,123.0,100.89,114,26,26,0,3581
1181-4961-2,3581-89516-1,Line,123.0,100.59,111,26,26,0,3581
1201-2561-1,2561-3781-1,Line,114.0,129.5,117,0,0,0,
1201-3781-1,2561-3781-1,Line,114.0,116.04,51,0,0,0,
1212-1602-1,T3464-3462-34641-1-w1,Transformer,500.0,105.77,24,84,63,0,3391
1212-1602-1,T3464-3462-34641-1-w2,Transformer,500.0,105.77,24,84,63,0,3391
1212-1602-1,T3934-3942-39402-1-w1,Transformer,500.0,103.64,17,84,63,0,3391
1212-3332-1,1122-1742-1,Line,513.0,106.15,15,55,43,0,11261
1212-3332-1,3082-3122-1,Line,634.0,103.31,10,55,43,1,11261
1221-1901-1,1122-1742-1,Line,513.0,100.37,9,60,42,0,11261
1221-1901-1,3082-3122-1,Line,634.0,100.32,6,60,42,1,11261
1221-1901-1,T3464-3462-34641-1-w1,Transformer,500.0,100.12,2,60,63,0,11261
1221-1901-1,T3464-3462-34641-1-w2,Transformer,500.0,100.12,2,60,63,0,11261
1251-2361-1,T3464-3462-34641-1-w1,Transformer,500.0,101.73,21,80,57,0,1511
1251-2361-1,T3464-3462-34641-1-w2,Transformer,500.0,101.73,21,80,57,0,1511
1251-2361-1,T3934-3942-39402-1-w1,Transformer,500.0,100.27,9,80,57,0,1511
1251-52219-1,1122-1742-1,Line,513.0,100.16,7,26,3,3,3581
1251-52219-1,3581-89516-1,Line,123.0,100.53,93,26,26,0,3581
1251-52219-1,3691-4041-1,Line,192.0,100.42,2,26,14,0,3581
1271-1491-1,3691-4041-1,Line,192.0,100.1,1,14,14,0,1401
1271-2041-1,3691-4041-1,Line,192.0,100.17,1,14,14,0,1401
1301-17411-1,1122-1742-1,Line,513.0,115.19,20,43,43,0,11261
1301-17411-1,3581-89516-1,Line,123.0,100.11,8,43,26,26,11261
1301-17411-1,T3464-3462-34641-1-w1,Transformer,500.0,100.63,20,43,63,0,11261
1301-17411-1,T3464-3462-34641-1-w2,Transformer,500.0,100.63,20,43,63,0,11261
1331-2041-1,1122-1742-1,Line,513.0,100.13,4,104,42,9,4991
1331-2041-1,3082-3122-1,Line,634.0,100.14,4,104,42,10,4991
1331-2041-1,3581-89516-1,Line,123.0,101.19,118,104,26,12,4991
1331-2041-1,T3464-3462-34641-1-w1,Transformer,500.0,100.41,20,104,63,0,4991
1331-2041-1,T3464-3462-34641-1-w2,Transformer,500.0,100.41,20,104,63,0,4991
1331-4001-1,1122-1742-1,Line,513.0,100.15,7,104,42,9,4991
1331-4001-1,3082-3122-1,Line,634.0,100.16,6,104,42,10,4991
1331-4001-1,3581-89516-1,Line,123.0,101.35,119,104,26,12,4991
1331-4001-1,T3464-3462-34641-1-w1,Transformer,500.0,100.47,20,104,63,0,4991
1331-4001-1,T3464-3462-34641-1-w2,Transformer,500.0,100.47,20,104,63,0,4991
1341-1701-1,3581-89516-1,Line,123.0,108.13,50,44,26,0,1571
1341-1701-1,T89510-89515-1,Transformer,125.0,106.4,31,44,26,0,1571
1341-1701-1,T89515-89516-1,Transformer,125.0,106.4,31,44,26,0,1571
1341-5191-1,3581-89516-1,Line,123.0,100.74,3,26,26,0,1571
1341-5191-1,T3464-3462-34641-1-w1,Transformer,500.0,100.13,1,26,63,0,1571
1341-5191-1,T3464-3462-34641-1-w2,Transformer,500.0,100.13,1,26,63,0,1571
1351-4081-1,1122-1742-1,Line,513.0,100.3,9,42,42,0,11261
1351-4081-1,3082-3122-1,Line,634.0,100.28,7,42,43,1,11261
1351-4081-1,3581-89516-1,Line,123.0,100.14,17,42,26,26,11261
1351-4201-1,1122-1742-1,Line,513.0,100.33,9,42,42,0,11261
1351-4201-1,3082-3122-1,Line,634.0,100.3,7,42,43,1,11261
1351-4201-1,3581-89516-1,Line,123.0,100.14,28,42,26,26,11261
1361-2001-1,3082-3122-1,Line,634.0,100.28,1,103,34,14,4991
1361-2001-1,3581-89516-1,Line,123.0,100.52,107,103,26,12,4991
1361-2001-1,3691-4041-1,Line,192.0,100.29,2,103,14,0,4991
1361-2001-1,T3464-3462-34641-1-w1,Transformer,500.0,101.64,21,103,63,0,4991
1361-2001-1,T3464-3462-34641-1-w2,Transformer,500.0,101.64,21,103,63,0,4991
1361-2161-1,3581-89516-1,Line,123.0,100.57,113,104,26,12,1511
1361-2161-1,3691-4041-1,Line,192.0,100.34,2,104,14,0,1511
1361-2161-1,T3464-3462-34641-1-w1,Transformer,500.0,101.83,21,104,63,0,1511
1361-2161-1,T3464-3462-34641-1-w2,Transformer,500.0,101.83,21,104,63,0,1511
1361-2161-1,T3934-3942-39402-1-w1,Transformer,500.0,100.14,2,104,63,0,1511
1392-3842-1,1122-1742-1,Line,513.0,104.69,11,90,42,4,1511
1392-3842-1,3082-3122-1,Line,634.0,104.34,11,90,50,6,1511
1392-3842-1,3581-89516-1,Line,123.0,104.04,122,90,26,26,1511
1392-3842-1,3691-4041-1,Line,192.0,101.63,2,90,14,4,1511
1392-3842-1,T89510-89515-1,Transformer,125.0,102.38,67,90,26,26,1511
1392-3842-1,T89515-89516-1,Transformer,125.0,102.38,67,90,26,26,1511
1392-3842-1,T3464-3462-34641-1-w1,Transformer,500.0,109.31,31,90,67,0,1511
1392-3842-1,T3464-3462-34641-1-w2,Transformer,500.0,109.31,31,90,67,0,1511
1392-3842-1,T3934-3942-39402-1-w1,Transformer,500.0,106.74,29,90,67,0,1511
1392-4943-1,1122-1742-1,Line,513.0,104.69,11,90,42,4,1511
1392-4943-1,3082-3122-1,Line,634.0,103.86,11,90,50,6,1511
1392-4943-1,3581-89516-1,Line,123.0,103.28,122,90,26,26,1511
1392-4943-1,3691-4041-1,Line,192.0,101.63,2,90,14,4,1511
1392-4943-1,T89510-89515-1,Transformer,125.0,101.63,65,90,26,26,1511
1392-4943-1,T89515-89516-1,Transformer,125.0,101.63,65,90,26,26,1511
1392-4943-1,T3464-3462-34641-1-w1,Transformer,500.0,109.31,31,90,67,0,1511
1392-4943-1,T3464-3462-34641-1-w2,Transformer,500.0,109.31,31,90,67,0,1511
1392-4943-1,T3934-3942-39402-1-w1,Transformer,500.0,106.74,29,90,67,0,1511
1401-1661-1,1401-3691-1,Line,192.0,102.26,1,38,4,0,14016
1401-1661-1,3581-89516-1,Line,123.0,106.44,76,38,26,22,14016
1401-1661-1,3691-4041-1,Line,192.0,130.38,4,38,4,0,14016
1401-1661-1,T89510-89515-1,Transformer,125.0,104.74,36,38,26,22,14016
1401-1661-1,T89515-89516-1,Transformer,125.0,104.74,36,38,26,22,14016
1401-1661-1,T3464-3462-34641-1-w1,Transformer,500.0,100.31,1,38,63,63,14016
1401-1661-1,T3464-3462-34641-1-w2,Transformer,500.0,100.31,1,38,63,63,14016
1401-3691-1,1122-1742-1,Line,513.0,100.22,6,45,3,3,3581
1401-3691-1,3082-3122-1,Line,634.0,100.22,4,45,42,11,3581
1401-3691-1,3581-89516-1,Line,123.0,102.59,38,45,22,0,3581
1401-3691-1,T89510-89515-1,Transformer,125.0,100.94,3,45,22,0,3581
1401-3691-1,T89515-89516-1,Transformer,125.0,100.94,3,45,22,0,3581
1401-3691-1,T3464-3462-34641-1-w1,Transformer,500.0,101.33,19,45,63,0,3581
1401-3691-1,T3464-3462-34641-1-w2,Transformer,500.0,101.33,19,45,63,0,3581
1431-2651-1,1122-1742-1,Line,513.0,101.01,9,84,42,3,11261
1431-2651-1,3082-3122-1,Line,634.0,100.57,6,84,42,4,11261
1431-2651-1,T3464-3462-34641-1-w1,Transformer,500.0,100.35,4,84,63,6,11261
1431-2651-1,T3464-3462-34641-1-w2,Transformer,500.0,100.35,4,84,63,6,11261
1431-3261-1,1122-1742-1,Line,513.0,100.56,9,41,41,0,17420
1431-3261-1,3082-3122-1,Line,634.0,100.7,5,41,41,0,17420
1431-3261-1,T3464-3462-34641-1-w1,Transformer,500.0,100.18,3,41,63,0,17420
1431-3261-1,T3464-3462-34641-1-w2,Transformer,500.0,100.18,3,41,63,0,17420
1441-2225-1,T3464-3462-34641-1-w1,Transformer,500.0,100.35,20,75,63,0,1511
1441-2225-1,T3464-3462-34641-1-w2,Transformer,500.0,100.35,20,75,63,0,1511
1441-47210-1,T3464-3462-34641-1-w1,Transformer,500.0,100.15,14,75,63,0,1511
1441-47210-1,T3464-3462-34641-1-w2,Transformer,500.0,100.15,14,75,63,0,1511
1472-2562-1,2563-4242-1,Line,548.0,141.64,37,23,13,0,44731
1472-2562-1,4242-4462-1,Line,570.0,136.18,37,23,13,0,44731
1472-5022-1,2563-4242-1,Line,548.0,103.72,1,13,13,0,44731
1474-5464-1,1122-1742-1,Line,513.0,100.58,8,61,42,0,11261
1474-5464-1,3082-3122-1,Line,634.0,101.07,7,61,43,1,11261
1474-5464-1,3691-4041-1,Line,192.0,100.11,2,61,14,8,11261
1481-2001-1,2001-5441-1,Line,201.0,100.62,1,76,27,0,1511
1481-2001-1,T3464-3462-34641-1-w1,Transformer,500.0,100.22,19,76,63,0,1511
1481-2001-1,T3464-3462-34641-1-w2,Transformer,500.0,100.22,19,76,63,0,1511
1481-3401-1,T3464-3462-34641-1-w1,Transformer,500.0,100.14,13,75,64,0,1511
1481-3401-1,T3464-3462-34641-1-w2,Transformer,500.0,100.14,13,75,64,0,1511
1491-2181-1,3691-4041-1,Line,192.0,100.1,1,14,14,0,1401
1522-2042-1,1122-1742-1,Line,513.0,100.22,3,42,42,0,17420
1522-2042-1,3082-3122-1,Line,634.0,100.27,3,42,42,0,17420
1522-2042-1,3581-89516-1,Line,123.0,100.19,27,42,26,26,17420
1522-5462-1,1122-1742-1,Line,513.0,100.37,8,61,42,0,11261
1522-5462-1,3082-3122-1,Line,634.0,100.7,6,61,43,1,11261
1522-5462-1,3581-89516-1,Line,123.0,100.1,1,61,26,26,11261
1541-4321-1,3082-3122-1,Line,634.0,100.28,1,75,42,5,1511
1541-4321-1,T3464-3462-34641-1-w1,Transformer,500.0,100.33,9,75,63,0,1511
1541-4321-1,T3464-3462-34641-1-w2,Transformer,500.0,100.33,9,75,63,0,1511
1541-5291-1,3082-3122-1,Line,634.0,100.11,1,75,42,5,1511
1541-5291-1,T3464-3462-34641-1-w1,Transformer,500.0,100.37,11,75,63,0,1511
1541-5291-1,T3464-3462-34641-1-w2,Transformer,500.0,100.37,11,75,63,0,1511
1581-4491-1,2561-3781-1,Line,114.0,111.2,28,0,0,0,
1581-5521-1,2561-3781-1,Line,114.0,102.17,8,0,0,0,
1591-3381-1,3581-89516-1,Line,123.0,100.96,86,27,27,0,3581
1591-3381-1,T3464-3462-34641-1-w1,Transformer,500.0,100.25,11,27,63,0,3581
1591-3381-1,T3464-3462-34641-1-w2,Transformer,500.0,100.25,11,27,63,0,3581
1591-4001-1,3581-89516-1,Line,123.0,100.96,76,27,27,0,3581
1591-4001-1,T3464-3462-34641-1-w1,Transformer,500.0,100.25,9,27,63,0,3581
1591-4001-1,T3464-3462-34641-1-w2,Transformer,500.0,100.25,9,27,63,0,3581
1601-1611-1,1122-1742-1,Line,513.0,100.7,9,51,42,0,11261
1601-1611-1,3082-3122-1,Line,634.0,100.38,7,51,42,1,11261
1602-3202-1,T3464-3462-34641-1-w1,Transformer,500.0,103.42,22,79,63,0,1511
1602-3202-1,T3464-3462-34641-1-w2,Transformer,500.0,103.42,22,79,63,0,1511
1602-3202-1,T3934-3942-39402-1-w1,Transformer,500.0,101.44,6,79,63,0,1511
1611-3301-1,1122-1742-1,Line,513.0,100.7,9,51,42,0,11261
1611-3301-1,3082-3122-1,Line,634.0,100.38,7,51,42,1,11261
1621-3061-1,T3464-3462-34641-1-w1,Transformer,500.0,100.4,20,75,63,0,1511
1621-3061-1,T3464-3462-34641-1-w2,Transformer,500.0,100.4,20,75,63,0,1511
1621-3221-1,T3464-3462-34641-1-w1,Transformer,500.0,100.35,20,75,63,0,1511
1621-3221-1,T3464-3462-34641-1-w2,Transformer,500.0,100.35,20,75,63,0,1511
1631-5041-1,3581-89516-1,Line,123.0,100.98,13,26,26,0,3581
1631-5041-1,3691-4041-1,Line,192.0,100.34,2,26,14,0,3581
1631-10619-1,3581-89516-1,Line,123.0,105.31,71,44,26,0,3581
1631-10619-1,3691-4041-1,Line,192.0,100.14,1,44,14,0,3581
1631-10619-1,T89510-89515-1,Transformer,125.0,103.62,29,44,26,0,3581
1631-10619-1,T89515-89516-1,Transformer,125.0,103.62,29,44,26,0,3581
1641-1821-1,1122-1742-1,Line,513.0,100.13,7,73,42,4,1511
1641-1821-1,3082-3122-1,Line,634.0,100.15,6,73,42,5,1511
1641-1821-1,3581-89516-1,Line,123.0,100.24,1,73,28,14,1511
1641-1821-1,T3464-3462-34641-1-w1,Transformer,500.0,100.57,20,73,63,0,1511
1641-1821-1,T3464-3462-34641-1-w2,Transformer,500.0,100.57,20,73,63,0,1511
1641-2361-1,1122-1742-1,Line,513.0,100.51,9,79,42,4,11261
1641-2361-1,3082-3122-1,Line,634.0,100.31,7,79,42,5,11261
1641-2361-1,3581-89516-1,Line,123.0,100.52,14,79,26,26,11261
1641-2361-1,T3464-3462-34641-1-w1,Transformer,500.0,101.57,20,79,57,0,11261
1641-2361-1,T3464-3462-34641-1-w2,Transformer,500.0,101.57,20,79,57,0,11261
1641-4951-1,2781-4951-1,Line,106.0,138.67,77,5,5,0,4951
1641-16411-1,3691-4041-1,Line,192.0,100.75,2,14,14,0,14013
1641-22811-1,3581-89516-1,Line,123.0,101.18,29,28,29,22,1401
1641-22811-1,3691-4041-1,Line,192.0,104.58,2,28,8,0,1401
1641-22811-1,T3464-3462-34641-1-w1,Transformer,500.0,100.14,2,28,63,0,1401
1641-22811-1,T3464-3462-34641-1-w2,Transformer,500.0,100.14,2,28,63,0,1401
1641-50019-1,1122-1742-1,Line,513.0,100.14,1,27,42,10,1401
1641-50019-1,3581-89516-1,Line,123.0,100.42,91,27,26,22,1401
1641-50019-1,3691-4041-1,Line,192.0,100.94,2,27,14,0,1401
1642-2522-1,1122-1742-1,Line,513.0,101.05,9,80,42,4,1511
1642-2522-1,3082-3122-1,Line,634.0,101.24,7,80,43,6,1511
1642-2522-1,3691-4041-1,Line,192.0,113.38,2,80,14,0,1511
1642-2522-1,T3464-3462-34641-1-w1,Transformer,500.0,104.09,23,80,64,0,1511
1642-2522-1,T3464-3462-34641-1-w2,Transformer,500.0,104.09,23,80,64,0,1511
1642-2522-1,T3934-3942-39402-1-w1,Transformer,500.0,101.91,20,80,64,0,1511
1642-4522-1,1122-1742-1,Line,513.0,100.73,9,72,42,4,1511
1642-4522-1,3082-3122-1,Line,634.0,100.71,7,72,42,5,1511
1642-4522-1,3581-89516-1,Line,123.0,101.42,26,72,26,26,1511
1642-4522-1,T3464-3462-34641-1-w1,Transformer,500.0,108.26,28,72,59,0,1511
1642-4522-1,T3464-3462-34641-1-w2,Transformer,500.0,108.26,28,72,59,0,1511
1642-4522-1,T3934-3942-39402-1-w1,Transformer,500.0,106.09,23,72,58,0,1511
1642-5172-1,1122-1742-1,Line,513.0,100.16,3,106,42,10,4991
1642-5172-1,3581-89516-1,Line,123.0,103.94,73,106,28,11,4991
1642-5172-1,3691-4041-1,Line,192.0,101.58,2,106,14,0,4991
1642-5172-1,T89510-89515-1,Transformer,125.0,102.28,31,106,28,11,4991
1642-5172-1,T89515-89516-1,Transformer,125.0,102.28,31,106,28,11,4991
1642-5172-1,T3464-3462-34641-1-w1,Transformer,500.0,104.86,23,106,68,0,4991
1642-5172-1,T3464-3462-34641-1-w2,Transformer,500.0,104.86,23,106,68,0,4991
1642-5172-1,T3934-3942-39402-1-w1,Transformer,500.0,103.21,14,106,72,0,4991
1651-5261-1,1122-1742-1,Line,513.0,100.11,7,42,42,0,11261
1661-1821-1,3581-89516-1,Line,123.0,101.58,50,28,27,22,1401
1661-1821-1,3691-4041-1,Line,192.0,109.87,2,28,7,0,1401
1661-2281-1,3581-89516-1,Line,123.0,100.95,30,28,27,22,1401
1661-2281-1,3691-4041-1,Line,192.0,102.65,2,28,6,0,1401
1661-2281-1,T3464-3462-34641-1-w1,Transformer,500.0,100.16,1,28,65,0,1401
1661-2281-1,T3464-3462-34641-1-w2,Transformer,500.0,100.16,1,28,65,0,1401
1681-3881-1,T3464-3462-34641-1-w1,Transformer,500.0,100.37,20,75,63,0,1511
1681-3881-1,T3464-3462-34641-1-w2,Transformer,500.0,100.37,20,75,63,0,1511
1681-32210-1,T3464-3462-34641-1-w1,Transformer,500.0,100.37,20,75,63,0,1511
1681-32210-1,T3464-3462-34641-1-w2,Transformer,500.0,100.37,20,75,63,0,1511
1701-1981-1,3581-89516-1,Line,123.0,115.52,127,104,27,11,3581
1701-1981-1,T89510-89515-1,Transformer,125.0,113.67,123,104,27,11,3581
1701-1981-1,T89515-89516-1,Transformer,125.0,113.67,123,104,27,11,3581
1701-1981-1,T3464-3462-34641-1-w1,Transformer,500.0,100.16,7,104,63,0,3581
1701-1981-1,T3464-3462-34641-1-w2,Transformer,500.0,100.16,7,104,63,0,3581
1701-5041-1,3581-89516-1,Line,123.0,106.74,27,37,26,0,3581
1701-5041-1,T89510-89515-1,Transformer,125.0,105.04,14,37,26,0,3581
1701-5041-1,T89515-89516-1,Transformer,125.0,105.04,14,37,26,0,3581
1701-5041-1,T3464-3462-34641-1-w1,Transformer,500.0,100.28,13,37,63,3,3581
1701-5041-1,T3464-3462-34641-1-w2,Transformer,500.0,100.28,13,37,63,3,3581
1701-17010-1,3581-89516-1,Line,123.0,100.58,84,26,26,0,3581
1701-28712-2,3581-89516-1,Line,123.0,100.93,5,26,26,0,3581
1721-2161-1,3581-89516-1,Line,123.0,100.74,119,104,26,12,1511
1721-2161-1,3691-4041-1,Line,192.0,100.45,2,104,14,0,1511
1721-2161-1,T3464-3462-34641-1-w1,Transformer,500.0,102.43,21,104,63,0,1511
1721-2161-1,T3464-3462-34641-1-w2,Transformer,500.0,102.43,21,104,63,0,1511
1721-2161-1,T3934-3942-39402-1-w1,Transformer,500.0,100.72,12,104,63,0,1511
1721-2391-1,1122-1742-1,Line,513.0,100.58,1,26,3,3,3581
1721-2391-1,3082-3122-1,Line,634.0,100.17,1,26,38,11,3581
1721-2391-1,3581-89516-1,Line,123.0,101.01,103,26,26,0,3581
1721-2391-1,3691-4041-1,Line,192.0,100.17,2,26,14,0,3581
1721-5381-1,3581-89516-1,Line,123.0,100.11,9,79,26,22,14016
1721-5381-1,3691-4041-1,Line,192.0,100.2,1,79,14,0,14016
1721-5381-1,T3464-3462-34641-1-w1,Transformer,500.0,101.24,21,79,63,0,14016
1721-5381-1,T3464-3462-34641-1-w2,Transformer,500.0,101.24,21,79,63,0,14016
1721-14619-1,T3464-3462-34641-1-w1,Transformer,500.0,100.35,20,74,63,0,1511
1721-14619-1,T3464-3462-34641-1-w2,Transformer,500.0,100.35,20,74,63,0,1511
1742-2202-1,1122-1742-1,Line,513.0,101.43,4,22,42,0,17420
1742-2202-1,3082-3122-1,Line,634.0,113.87,12,22,22,0,17420
1742-2202-1,T3464-3462-34641-1-w1,Transformer,500.0,100.1,1,22,63,16,17420
1742-2202-1,T3464-3462-34641-1-w2,Transformer,500.0,100.1,1,22,63,16,17420
1742-3122-1,3581-89516-1,Line,123.0,100.16,29,35,26,26,17420
1742-3122-1,3691-4041-1,Line,192.0,100.22,1,35,14,4,17420
1742-3122-1,T1742-17431-1,Transformer,350.0,120.66,16,35,35,0,17420
1742-3122-1,T3464-3462-34641-1-w1,Transformer,500.0,100.59,20,35,63,0,17420
1742-3122-1,T3464-3462-34641-1-w2,Transformer,500.0,100.59,20,35,63,0,17420
1742-17420-1,1742-17420-2,Line,570.0,130.11,40,1,1,0,17420
1742-17420-2,1742-17420-1,Line,570.0,130.11,40,1,1,0,17420
1791-4201-1,1122-1742-1,Line,513.0,100.73,9,86,42,4,11261
1791-4201-1,3082-3122-1,Line,634.0,100.77,7,86,43,6,11261
1791-4201-1,3691-4041-1,Line,192.0,100.14,2,86,14,8,11261
1791-4201-1,T3464-3462-34641-1-w1,Transformer,500.0,100.12,4,86,63,0,11261
1791-4201-1,T3464-3462-34641-1-w2,Transformer,500.0,100.12,4,86,63,0,11261
1791-4481-1,1122-1742-1,Line,513.0,100.73,9,86,42,4,11261
1791-4481-1,3082-3122-1,Line,634.0,100.77,7,86,43,6,11261
1791-4481-1,3691-4041-1,Line,192.0,100.14,2,86,14,8,11261
1791-4481-1,T3464-3462-34641-1-w1,Transformer,500.0,100.12,4,86,63,0,11261
1791-4481-1,T3464-3462-34641-1-w2,Transformer,500.0,100.12,4,86,63,0,11261
1821-35011-1,1122-1742-1,Line,513.0,100.11,2,79,42,4,14016
1821-35011-1,3082-3122-1,Line,634.0,100.16,5,79,42,5,14016
1821-35011-1,3581-89516-1,Line,123.0,100.26,5,79,26,22,14016
1821-35011-1,3691-4041-1,Line,192.0,106.43,2,79,14,0,14016
1821-35011-1,T3464-3462-34641-1-w1,Transformer,500.0,100.61,20,79,63,0,14016
1821-35011-1,T3464-3462-34641-1-w2,Transformer,500.0,100.61,20,79,63,0,14016
1841-2351-1,1122-1742-1,Line,513.0,100.62,8,42,42,0,11261
1841-2351-1,3082-3122-1,Line,634.0,100.1,2,42,42,1,11261
1841-5291-1,3082-3122-1,Line,634.0,100.11,1,75,42,5,1511
1841-5291-1,T3464-3462-34641-1-w1,Transformer,500.0,100.25,9,75,63,0,1511
1841-5291-1,T3464-3462-34641-1-w2,Transformer,500.0,100.25,9,75,63,0,1511
1841-5501-1,1122-1742-1,Line,513.0,101.37,4,36,36,0,11261
1841-5501-1,3082-3122-1,Line,634.0,101.33,5,36,42,1,11261
1841-5501-1,T3464-3462-34641-1-w1,Transformer,500.0,100.27,7,36,63,0,11261
1841-5501-1,T3464-3462-34641-1-w2,Transformer,500.0,100.27,7,36,63,0,11261
1861-2521-1,1861-2521-2,Line,121.0,117.86,9,25,25,0,5341
1861-2521-2,1861-2521-1,Line,121.0,117.62,9,25,25,0,5341
1861-10619-1,3581-89516-1,Line,123.0,105.89,78,44,26,0,3581
1861-10619-1,3691-4041-1,Line,192.0,100.16,1,44,14,0,3581
1861-10619-1,T89510-89515-1,Transformer,125.0,104.2,33,44,26,0,3581
1861-10619-1,T89515-89516-1,Transformer,125.0,104.2,33,44,26,0,3581
1881-3281-1,1122-1742-1,Line,513.0,100.54,9,60,42,0,11261
1881-3281-1,3082-3122-1,Line,634.0,100.33,7,60,42,1,11261
1881-3281-1,3581-89516-1,Line,123.0,100.11,1,60,26,26,11261
1881-4021-1,1122-1742-1,Line,513.0,100.2,8,60,40,0,11261
1881-4021-1,3082-3122-1,Line,634.0,100.15,3,60,40,1,11261
1881-4021-1,3581-89516-1,Line,123.0,100.16,30,60,26,26,11261
1881-4021-1,T3464-3462-34641-1-w1,Transformer,500.0,100.11,1,60,63,0,11261
1881-4021-1,T3464-3462-34641-1-w2,Transformer,500.0,100.11,1,60,63,0,11261
1931-4371-1,3581-89516-1,Line,123.0,100.42,1,22,22,0,3581
1931-4371-1,T3464-3462-34641-1-w1,Transformer,500.0,100.38,19,22,63,0,3581
1931-4371-1,T3464-3462-34641-1-w2,Transformer,500.0,100.38,19,22,63,0,3581
1931-4981-1,1122-1742-1,Line,513.0,100.12,3,22,3,3,3581
1931-4981-1,3581-89516-1,Line,123.0,100.42,1,22,22,0,3581
1931-4981-1,T3464-3462-34641-1-w1,Transformer,500.0,100.39,20,22,63,0,3581
1931-4981-1,T3464-3462-34641-1-w2,Transformer,500.0,100.39,20,22,63,0,3581
1941-2401-1,1122-1742-1,Line,513.0,100.1,1,26,3,3,3581
1941-2401-1,3082-3122-1,Line,634.0,100.11,2,26,43,12,3581
1941-2401-1,3581-89516-1,Line,123.0,100.44,76,26,26,0,3581
1941-4201-1,1122-1742-1,Line,513.0,100.19,9,104,42,9,4991
1941-4201-1,3082-3122-1,Line,634.0,100.23,7,104,42,10,4991
1941-4201-1,3581-89516-1,Line,123.0,100.31,110,104,26,12,4991
1941-4201-1,T3464-3462-34641-1-w1,Transformer,500.0,100.13,10,104,63,0,4991
1941-4201-1,T3464-3462-34641-1-w2,Transformer,500.0,100.13,10,104,63,0,4991
1941-4391-1,1122-1742-1,Line,513.0,100.44,9,61,42,0,11261
1941-4391-1,3082-3122-1,Line,634.0,100.47,7,61,43,1,11261
1981-2821-1,3581-89516-1,Line,123.0,105.09,85,42,25,0,3581
1981-2821-1,T89510-89515-1,Transformer,125.0,103.41,55,42,25,0,3581
1981-2821-1,T89515-89516-1,Transformer,125.0,103.41,55,42,25,0,3581
1981-79016-1,3581-89516-1,Line,123.0,112.8,76,47,29,0,3581
1981-79016-1,T89510-89515-1,Transformer,125.0,110.99,58,47,29,0,3581
1981-79016-1,T89515-89516-1,Transformer,125.0,110.99,58,47,29,0,3581
1981-79016-1,T3464-3462-34641-1-w1,Transformer,500.0,100.2,5,47,63,0,3581
1981-79016-1,T3464-3462-34641-1-w2,Transformer,500.0,100.2,5,47,63,0,3581
2001-4791-1,3581-89516-1,Line,123.0,100.18,43,103,26,12,4991
2001-4791-1,3691-4041-1,Line,192.0,100.17,1,103,14,0,4991
2001-4791-1,T3464-3462-34641-1-w1,Transformer,500.0,101.86,21,103,63,0,4991
2001-4791-1,T3464-3462-34641-1-w2,Transformer,500.0,101.86,21,103,63,0,4991
2001-5441-1,3401-5441-1,Line,121.0,109.6,6,73,22,0,1481
2001-5441-1,T3464-3462-34641-1-w1,Transformer,500.0,100.5,20,73,63,0,1481
2001-5441-1,T3464-3462-34641-1-w2,Transformer,500.0,100.5,20,73,63,0,1481
2002-2742-1,2001-5441-1,Line,201.0,139.07,38,101,39,0,1511
2002-2742-1,3401-5441-1,Line,121.0,108.56,3,101,23,1,1511
2002-2742-1,3581-89516-1,Line,123.0,101.04,119,101,26,12,1511
2002-2742-1,3691-4041-1,Line,192.0,100.75,2,101,14,0,1511
2002-2742-1,T3464-3462-34641-1-w1,Transformer,500.0,107.99,30,101,63,0,1511
2002-2742-1,T3464-3462-34641-1-w2,Transformer,500.0,107.99,30,101,63,0,1511
2002-2742-1,T3934-3942-39402-1-w1,Transformer,500.0,105.77,25,101,63,0,1511
2002-3203-1,1721-2161-1,Line,210.0,114.07,19,100,19,1,1511
2002-3203-1,2141-6931-1,Line,210.0,103.87,6,100,25,2,1511
2002-3203-1,3581-89516-1,Line,123.0,101.38,119,100,26,12,1511
2002-3203-1,3691-4041-1,Line,192.0,101.04,2,100,14,0,1511
2002-3203-1,T3464-3462-34641-1-w1,Transformer,500.0,112.67,34,100,64,4,1511
2002-3203-1,T3464-3462-34641-1-w2,Transformer,500.0,112.67,34,100,64,4,1511
2002-3203-1,T3934-3942-39402-1-w1,Transformer,500.0,110.43,31,100,63,4,1511
2052-5462-2,1122-1742-1,Line,513.0,100.35,7,61,42,0,11261
2052-5462-2,3082-3122-1,Line,634.0,100.62,6,61,43,1,11261
2052-5462-2,3581-89516-1,Line,123.0,100.13,5,61,26,26,11261
2101-4061-1,3581-89516-1,Line,123.0,100.11,7,26,26,0,3581
2121-21210-1,3581-89516-1,Line,123.0,100.26,59,26,26,0,3581
2121-21210-1,3691-4041-1,Line,192.0,100.15,1,26,14,0,3581
2141-4791-1,3581-89516-1,Line,123.0,100.17,41,103,26,12,4991
2141-4791-1,3691-4041-1,Line,192.0,100.12,1,103,14,0,4991
2141-4791-1,T3464-3462-34641-1-w1,Transformer,500.0,101.68,21,103,63,0,4991
2141-4791-1,T3464-3462-34641-1-w2,Transformer,500.0,101.68,21,103,63,0,4991
2141-6931-1,3581-89516-1,Line,123.0,100.23,107,104,26,12,1511
2141-6931-1,3691-4041-1,Line,192.0,100.19,2,104,14,0,1511
2141-6931-1,T3464-3462-34641-1-w1,Transformer,500.0,102.32,21,104,62,0,1511
2141-6931-1,T3464-3462-34641-1-w2,Transformer,500.0,102.32,21,104,62,0,1511
2141-6931-1,T3934-3942-39402-1-w1,Transformer,500.0,100.57,10,104,62,0,1511
2151-3461-1,1122-1742-1,Line,513.0,100.11,3,42,42,0,11261
2202-3342-1,1122-1742-1,Line,513.0,114.32,18,88,47,4,1511
2202-3342-1,3082-3122-1,Line,634.0,104.34,11,88,44,5,1511
2202-3342-1,3581-89516-1,Line,123.0,100.78,51,88,26,26,1511
2202-3342-1,3691-4041-1,Line,192.0,100.44,1,88,14,14,1511
2202-3342-1,T3464-3462-34641-1-w1,Transformer,500.0,104.08,22,88,65,6,1511
2202-3342-1,T3464-3462-34641-1-w2,Transformer,500.0,104.08,22,88,65,6,1511
2202-3342-1,T3934-3942-39402-1-w1,Transformer,500.0,101.81,6,88,65,6,1511
2202-3842-1,1122-1742-1,Line,513.0,100.55,9,67,42,0,11261
2202-3842-1,3082-3122-1,Line,634.0,103.93,10,67,47,1,11261
2202-3852-2,1122-1742-1,Line,513.0,101.01,9,69,42,0,11261
2202-3852-2,3082-3122-1,Line,634.0,105.98,11,69,47,1,11261
2202-3852-2,3691-4041-1,Line,192.0,100.23,2,69,14,8,11261
2202-5202-1,1122-1742-1,Line,513.0,100.93,9,61,42,0,11261
2202-5202-1,3082-3122-1,Line,634.0,105.73,13,61,43,1,11261
2202-5202-1,3691-4041-1,Line,192.0,100.26,2,61,14,8,11261
2204-5464-1,1122-1742-1,Line,513.0,101.98,9,72,42,0,11261
2204-5464-1,3082-3122-1,Line,634.0,108.18,14,72,53,1,11261
2204-5464-1,3581-89516-1,Line,123.0,104.35,120,72,26,26,11261
2204-5464-1,3691-4041-1,Line,192.0,101.35,2,72,14,8,11261
2204-5464-1,4664-5464-1,Line,997.0,102.18,2,72,104,24,11261
2204-5464-1,4664-43844-1,Line,997.0,102.18,2,72,104,24,11261
2204-5464-1,T89510-89515-1,Transformer,125.0,102.68,79,72,26,26,11261
2204-5464-1,T89515-89516-1,Transformer,125.0,102.68,79,72,26,26,11261
2204-22044-1,1122-1742-1,Line,513.0,109.75,18,119,49,6,4991
2204-22044-1,1392-3842-1,Line,420.0,103.9,1,119,76,0,4991
2204-22044-1,3082-3122-1,Line,634.0,101.66,8,119,43,7,4991
2204-22044-1,3581-89516-1,Line,123.0,107.76,128,119,26,8,4991
2204-22044-1,3691-4041-1,Line,192.0,104.24,2,119,14,0,4991
2204-22044-1,4664-5464-1,Line,997.0,137.4,66,119,100,0,4991
2204-22044-1,4664-43844-1,Line,997.0,137.4,66,119,100,0,4991
2204-22044-1,T89510-89515-1,Transformer,125.0,106.04,111,119,26,8,4991
2204-22044-1,T89515-89516-1,Transformer,125.0,106.04,111,119,26,8,4991
2221-2225-1,T3464-3462-34641-1-w1,Transformer,500.0,100.13,19,75,63,0,2131
2221-2225-1,T3464-3462-34641-1-w2,Transformer,500.0,100.13,19,75,63,0,2131
2261-3381-1,3581-89516-1,Line,123.0,100.14,3,26,26,0,3581
2261-22612-1,3581-89516-1,Line,123.0,100.96,116,26,26,0,4991
2261-22612-1,T3464-3462-34641-1-w1,Transformer,500.0,100.16,3,26,63,0,4991
2261-22612-1,T3464-3462-34641-1-w2,Transformer,500.0,100.16,3,26,63,0,4991
2281-22811-1,3581-89516-1,Line,123.0,102.03,96,28,28,22,14010
2281-22811-1,3691-4041-1,Line,192.0,109.79,2,28,7,0,14010
2281-22811-1,T89510-89515-1,Transformer,125.0,100.4,1,28,28,22,14010
2281-22811-1,T89515-89516-1,Transformer,125.0,100.4,1,28,28,22,14010
2321-3581-1,3581-28019-1,Line,121.0,107.28,5,14,14,0,4091
2321-3581-1,T3464-3462-34641-1-w1,Transformer,500.0,100.14,15,14,63,0,4091
2321-3581-1,T3464-3462-34641-1-w2,Transformer,500.0,100.14,15,14,63,0,4091
2321-28710-1,3581-28019-1,Line,121.0,107.28,5,13,13,0,4091
2321-28710-1,T3464-3462-34641-1-w1,Transformer,500.0,100.13,11,13,63,0,4091
2321-28710-1,T3464-3462-34641-1-w2,Transformer,500.0,100.13,11,13,63,0,4091
2351-3641-1,1122-1742-1,Line,513.0,100.62,8,42,42,0,11261
2351-3641-1,3082-3122-1,Line,634.0,100.1,2,42,42,1,11261
2361-21210-1,3581-89516-1,Line,123.0,100.22,52,26,26,0,3581
2391-5301-1,1122-1742-1,Line,513.0,100.81,1,26,3,3,3581
2391-5301-1,3082-3122-1,Line,634.0,100.33,1,26,39,11,3581
2391-5301-1,3581-89516-1,Line,123.0,101.01,96,26,26,0,3581
2391-5301-1,3691-4041-1,Line,192.0,100.17,1,26,14,0,3581
2401-5321-1,1122-1742-1,Line,513.0,100.27,9,42,42,0,11261
2401-5321-1,3082-3122-1,Line,634.0,100.25,7,42,43,1,11261
2401-5321-1,3691-4041-1,Line,192.0,100.12,1,42,14,8,11261
2441-4501-1,3691-4041-1,Line,192.0,100.42,2,14,14,0,1401
2521-4981-1,3581-89516-1,Line,123.0,102.14,29,44,26,0,3581
2521-4981-1,3691-4041-1,Line,192.0,100.29,2,44,14,0,3581
2521-4981-1,T89510-89515-1,Transformer,125.0,100.51,1,44,26,0,3581
2521-4981-1,T89515-89516-1,Transformer,125.0,100.51,1,44,26,0,3581
2521-5341-1,3581-89516-1,Line,123.0,101.72,94,26,26,0,3581
2521-5341-1,T3464-3462-34641-1-w1,Transformer,500.0,100.33,18,26,63,0,3581
2521-5341-1,T3464-3462-34641-1-w2,Transformer,500.0,100.33,18,26,63,0,3581
2521-66094-1,1122-1742-1,Line,513.0,100.21,8,83,42,4,14016
2521-66094-1,3581-89516-1,Line,123.0,103.69,10,83,26,22,14016
2521-66094-1,3691-4041-1,Line,192.0,104.28,2,83,14,0,14016
2521-66094-1,T89510-89515-1,Transformer,125.0,102.04,3,83,26,22,14016
2521-66094-1,T89515-89516-1,Transformer,125.0,102.04,3,83,26,22,14016
2521-66094-1,T3464-3462-34641-1-w1,Transformer,500.0,100.38,13,83,63,0,14016
2521-66094-1,T3464-3462-34641-1-w2,Transformer,500.0,100.38,13,83,63,0,14016
2522-3522-1,1122-1742-1,Line,513.0,100.65,9,107,42,8,4991
2522-3522-1,3082-3122-1,Line,634.0,100.64,7,107,42,9,4991
2522-3522-1,3581-89516-1,Line,123.0,116.64,129,107,33,12,4991
2522-3522-1,T89510-89515-1,Transformer,125.0,114.77,121,107,33,12,4991
2522-3522-1,T89515-89516-1,Transformer,125.0,114.77,121,107,33,12,4991
2522-3522-1,T3464-3462-34641-1-w1,Transformer,500.0,102.66,21,107,64,0,4991
2522-3522-1,T3464-3462-34641-1-w2,Transformer,500.0,102.66,21,107,64,0,4991
2522-3522-1,T3934-3942-39402-1-w1,Transformer,500.0,101.04,12,107,64,0,4991
2522-5042-1,3581-89516-1,Line,123.0,108.51,24,45,27,0,3581
2522-5042-1,3691-4041-1,Line,192.0,102.3,2,45,14,0,3581
2522-5042-1,T89510-89515-1,Transformer,125.0,106.78,17,45,27,0,3581
2522-5042-1,T89515-89516-1,Transformer,125.0,106.78,17,45,27,0,3581
2522-5042-1,T3464-3462-34641-1-w1,Transformer,500.0,100.17,7,45,63,17,3581
2522-5042-1,T3464-3462-34641-1-w2,Transformer,500.0,100.17,7,45,63,17,3581
2561-4491-1,2561-3781-1,Line,114.0,120.89,86,0,0,0,
2562-4012-1,3082-3122-1,Line,634.0,100.1,1,42,42,0,17420
2563-4242-1,1472-2562-1,Line,457.0,169.31,53,13,13,0,14720
2601-4041-1,3581-89516-1,Line,123.0,102.58,24,44,22,0,3581
2601-4041-1,T89510-89515-1,Transformer,125.0,100.93,4,44,22,0,3581
2601-4041-1,T89515-89516-1,Transformer,125.0,100.93,4,44,22,0,3581
2601-4041-1,T3464-3462-34641-1-w1,Transformer,500.0,100.31,4,44,63,0,3581
2601-4041-1,T3464-3462-34641-1-w2,Transformer,500.0,100.31,4,44,63,0,3581
2601-4371-1,3581-89516-1,Line,123.0,100.68,2,22,22,0,3581
2601-4371-1,T3464-3462-34641-1-w1,Transformer,500.0,100.38,17,22,63,0,3581
2601-4371-1,T3464-3462-34641-1-w2,Transformer,500.0,100.38,17,22,63,0,3581
2651-3551-1,1122-1742-1,Line,513.0,101.94,9,85,43,3,11261
2651-3551-1,3082-3122-1,Line,634.0,101.17,7,85,43,4,11261
2651-3551-1,T3464-3462-34641-1-w1,Transformer,500.0,100.68,8,85,63,6,11261
2651-3551-1,T3464-3462-34641-1-w2,Transformer,500.0,100.68,8,85,63,6,11261
2712-34620-1,3462-5142-2,Line,513.0,165.93,10,24,24,0,2111
2741-3441-1,1122-1742-1,Line,513.0,103.2,11,84,41,3,11261
2741-3441-1,3082-3122-1,Line,634.0,101.66,8,84,41,4,11261
2741-3441-1,T3464-3462-34641-1-w1,Transformer,500.0,101.18,20,84,64,0,11261
2741-3441-1,T3464-3462-34641-1-w2,Transformer,500.0,101.18,20,84,64,0,11261
2741-5441-1,T3464-3462-34641-1-w1,Transformer,500.0,100.24,16,75,63,0,1511
2741-5441-1,T3464-3462-34641-1-w2,Transformer,500.0,100.24,16,75,63,0,1511
2741-5441-2,T3464-3462-34641-1-w1,Transformer,500.0,100.2,13,75,63,0,1511
2741-5441-2,T3464-3462-34641-1-w2,Transformer,500.0,100.2,13,75,63,0,1511
2741-5451-1,1122-1742-1,Line,513.0,101.29,6,58,36,0,11261
2741-5451-1,3082-3122-1,Line,634.0,100.72,5,58,35,1,11261
2741-5451-1,T3464-3462-34641-1-w1,Transformer,500.0,100.41,10,58,63,6,11261
2741-5451-1,T3464-3462-34641-1-w2,Transformer,500.0,100.41,10,58,63,6,11261
2742-3342-1,1122-1742-1,Line,513.0,117.76,21,86,47,2,1511
2742-3342-1,3082-3122-1,Line,634.0,106.89,13,86,47,4,1511
2742-3342-1,3581-89516-1,Line,123.0,100.63,54,86,26,26,1511
2742-3342-1,3691-4041-1,Line,192.0,100.46,1,86,14,8,1511
2742-3342-1,T3464-3462-34641-1-w1,Transformer,500.0,105.11,23,86,66,0,1511
2742-3342-1,T3464-3462-34641-1-w2,Transformer,500.0,105.11,23,86,66,0,1511
2742-3342-1,T3934-3942-39402-1-w1,Transformer,500.0,102.8,13,86,66,0,1511
2742-3642-1,1122-1742-1,Line,513.0,102.74,1,15,13,0,17420
2742-3642-1,3082-3122-1,Line,634.0,105.19,6,15,15,0,17420
2742-3642-1,3581-89516-1,Line,123.0,100.27,29,15,26,26,17420
2742-3642-1,T3464-3462-34641-1-w1,Transformer,500.0,101.36,18,15,65,0,17420
2742-3642-1,T3464-3462-34641-1-w2,Transformer,500.0,101.36,18,15,65,0,17420
2781-4951-1,1641-4951-1,Line,105.0,139.99,78,5,5,0,4951
2842-3522-1,3581-89516-1,Line,123.0,100.94,10,26,26,0,3581
2842-3522-1,3691-4041-1,Line,192.0,100.15,1,26,14,0,3581
2842-3852-1,3581-89516-1,Line,123.0,100.78,45,25,26,22,1401
2842-3852-1,3691-4041-1,Line,192.0,101.0,2,25,14,0,1401
2842-3852-1,T3464-3462-34641-1-w1,Transformer,500.0,100.1,2,25,63,0,1401
2842-3852-1,T3464-3462-34641-1-w2,Transformer,500.0,100.1,2,25,63,0,1401
2870-2871-1,2321-3581-1,Line,123.0,140.67,105,29,15,1,51911
2870-2871-1,2321-28710-1,Line,123.0,140.67,74,29,14,0,51911
2870-2871-1,3581-89516-1,Line,123.0,101.8,2,29,26,7,51911
2870-2871-1,T89510-89515-1,Transformer,125.0,100.17,1,29,26,7,51911
2870-2871-1,T89515-89516-1,Transformer,125.0,100.17,1,29,26,7,51911
2870-2871-1,T3464-3462-34641-1-w1,Transformer,500.0,100.19,19,29,63,0,51911
2870-2871-1,T3464-3462-34641-1-w2,Transformer,500.0,100.19,19,29,63,0,51911
2870-17010-1,3581-89516-1,Line,123.0,100.92,5,26,26,0,3581
2870-28712-1,3581-89516-1,Line,123.0,100.23,104,26,26,0,3581
2871-28019-1,2321-3581-1,Line,123.0,110.25,15,29,15,1,51911
2871-28019-1,2321-28710-1,Line,123.0,110.25,9,29,14,0,51911
2871-28019-1,T3464-3462-34641-1-w1,Transformer,500.0,100.1,4,29,63,0,51911
2871-28019-1,T3464-3462-34641-1-w2,Transformer,500.0,100.1,4,29,63,0,51911
2921-3381-1,3082-3122-1,Line,634.0,100.11,2,26,42,9,3581
2921-3381-1,3581-89516-1,Line,123.0,100.52,116,26,26,0,3581
2921-3381-1,T3464-3462-34641-1-w1,Transformer,500.0,100.13,10,26,63,0,3581
2921-3381-1,T3464-3462-34641-1-w2,Transformer,500.0,100.13,10,26,63,0,3581
2921-4121-1,1122-1742-1,Line,513.0,100.1,1,26,3,3,3581
2921-4121-1,3082-3122-1,Line,634.0,100.11,2,26,42,9,3581
2921-4121-1,3581-89516-1,Line,123.0,100.52,116,26,26,0,3581
2921-4121-1,T3464-3462-34641-1-w1,Transformer,500.0,100.13,11,26,63,0,3581
2921-4121-1,T3464-3462-34641-1-w2,Transformer,500.0,100.13,11,26,63,0,3581
2931-4741-1,3581-89516-1,Line,123.0,100.39,44,26,26,0,3581
2931-23019-1,1122-1742-1,Line,513.0,100.1,1,26,3,3,3581
2931-23019-1,3082-3122-1,Line,634.0,100.16,5,26,42,10,3581
2931-23019-1,3581-89516-1,Line,123.0,100.73,119,26,26,0,3581
2931-23019-1,T3464-3462-34641-1-w1,Transformer,500.0,100.2,16,26,63,0,3581
2931-23019-1,T3464-3462-34641-1-w2,Transformer,500.0,100.2,16,26,63,0,3581
3061-3881-1,T3464-3462-34641-1-w1,Transformer,500.0,100.4,20,75,63,0,1511
3061-3881-1,T3464-3462-34641-1-w2,Transformer,500.0,100.4,20,75,63,0,1511
3082-3122-1,3581-89516-1,Line,123.0,100.23,87,63,26,26,4991
3082-3122-1,3691-4041-1,Line,192.0,100.31,2,63,14,4,4991
3082-3122-1,T1742-17431-1,Transformer,350.0,147.81,62,63,35,9,4991
3082-3122-1,T3464-3462-34641-1-w1,Transformer,500.0,100.87,20,63,63,0,4991
3082-3122-1,T3464-3462-34641-1-w2,Transformer,500.0,100.87,20,63,63,0,4991
3082-3472-2,3472-30820-1,Line,548.0,123.33,12,12,12,0,44733
3082-30820-1,T3464-3462-34641-1-w1,Transformer,500.0,100.14,4,75,63,0,1511
3082-30820-1,T3464-3462-34641-1-w2,Transformer,500.0,100.14,4,75,63,0,1511
3190-3461-1,1122-1742-1,Line,513.0,100.11,7,42,42,0,11261
3190-5261-2,1122-1742-1,Line,513.0,100.11,7,42,42,0,11261
3192-3332-1,1122-1742-1,Line,513.0,110.48,17,58,46,0,11261
3192-3332-1,3082-3122-1,Line,634.0,105.64,10,58,46,1,11261
3192-3332-1,3581-89516-1,Line,123.0,100.12,12,58,26,26,11261
3192-3462-1,1122-1742-1,Line,513.0,100.25,9,43,42,0,1511
3192-3462-1,3082-3122-1,Line,634.0,100.14,6,43,42,1,1511
3192-3462-1,3192-3462-2,Line,660.0,105.71,3,43,43,0,1511
3192-3462-2,1122-1742-1,Line,513.0,101.16,9,65,42,0,11261
3192-3462-2,3082-3122-1,Line,634.0,100.62,7,65,42,1,11261
3201-14619-1,T3464-3462-34641-1-w1,Transformer,500.0,100.4,20,75,63,0,1511
3201-14619-1,T3464-3462-34641-1-w2,Transformer,500.0,100.4,20,75,63,0,1511
3202-3203-1,3581-89516-1,Line,123.0,100.18,54,104,26,12,1511
3202-3203-1,3691-4041-1,Line,192.0,100.11,2,104,14,0,1511
3202-3203-1,T3464-3462-34641-1-w1,Transformer,500.0,101.84,21,104,63,0,1511
3202-3203-1,T3464-3462-34641-1-w2,Transformer,500.0,101.84,21,104,63,0,1511
3202-3203-1,T3934-3942-39402-1-w1,Transformer,500.0,100.12,1,104,63,0,1511
3202-3282-1,1122-1742-1,Line,513.0,104.44,12,58,42,0,11261
3202-3282-1,3082-3122-1,Line,634.0,102.76,10,58,46,1,11261
3202-3282-1,3581-89516-1,Line,123.0,100.22,36,58,26,26,11261
3209-6931-1,3581-89516-1,Line,123.0,100.16,52,103,26,12,4991
3209-6931-1,3691-4041-1,Line,192.0,100.12,1,103,14,0,4991
3209-6931-1,T3464-3462-34641-1-w1,Transformer,500.0,101.64,21,103,60,0,4991
3209-6931-1,T3464-3462-34641-1-w2,Transformer,500.0,101.64,21,103,60,0,4991
3241-4081-1,1122-1742-1,Line,513.0,100.19,9,42,42,0,11261
3241-4081-1,3082-3122-1,Line,634.0,100.15,7,42,43,1,11261
3261-3341-1,1122-1742-1,Line,513.0,100.35,9,82,42,4,11261
3261-3341-1,T3464-3462-34641-1-w1,Transformer,500.0,100.12,2,82,63,0,11261
3261-3341-1,T3464-3462-34641-1-w2,Transformer,500.0,100.12,2,82,63,0,11261
3261-3441-1,1122-1742-1,Line,513.0,103.81,12,82,41,3,11261
3261-3441-1,3082-3122-1,Line,634.0,102.61,9,82,41,4,11261
3261-3441-1,T3464-3462-34641-1-w1,Transformer,500.0,101.34,20,82,64,0,11261
3261-3441-1,T3464-3462-34641-1-w2,Transformer,500.0,101.34,20,82,64,0,11261
3281-5091-1,1122-1742-1,Line,513.0,100.15,5,42,42,0,11261
3282-4942-1,1122-1742-1,Line,513.0,102.68,9,78,41,4,1511
3282-4942-1,3082-3122-1,Line,634.0,102.44,10,78,48,5,1511
3282-4942-1,3581-89516-1,Line,123.0,100.11,1,78,26,26,1511
3282-4942-1,3691-4041-1,Line,192.0,100.26,2,78,14,8,1511
3282-4942-1,T3464-3462-34641-1-w1,Transformer,500.0,107.37,29,78,57,0,1511
3282-4942-1,T3464-3462-34641-1-w2,Transformer,500.0,107.37,29,78,57,0,1511
3282-4942-1,T3934-3942-39402-1-w1,Transformer,500.0,104.9,25,78,63,0,1511
3282-34620-1,1122-1742-1,Line,513.0,100.73,9,42,42,0,11261
3282-34620-1,3082-3122-1,Line,634.0,100.26,7,42,42,1,11261
3282-34620-1,3581-89516-1,Line,123.0,100.2,15,42,26,26,11261
3301-43619-1,1122-1742-1,Line,513.0,100.37,9,52,43,0,11261
3301-43619-1,3082-3122-1,Line,634.0,100.21,7,52,43,1,11261
3352-3842-1,3581-89516-1,Line,123.0,100.35,27,104,26,12,4991
3352-3842-1,T3464-3462-34641-1-w1,Transformer,500.0,100.41,5,104,63,0,4991
3352-3842-1,T3464-3462-34641-1-w2,Transformer,500.0,100.41,5,104,63,0,4991
3352-5462-1,1122-1742-1,Line,513.0,100.33,9,60,42,0,11261
3352-5462-1,3082-3122-1,Line,634.0,100.66,5,60,42,1,11261
3401-5441-1,T3464-3462-34641-1-w1,Transformer,500.0,100.11,2,75,64,0,1511
3401-5441-1,T3464-3462-34641-1-w2,Transformer,500.0,100.11,2,75,64,0,1511
3461-4681-1,T3464-3462-34641-1-w1,Transformer,500.0,100.4,19,75,63,0,1511
3461-4681-1,T3464-3462-34641-1-w2,Transformer,500.0,100.4,19,75,63,0,1511
3462-3940-1,T3464-3462-34641-1-w1,Transformer,500.0,101.59,21,75,63,0,1511
3462-3940-1,T3464-3462-34641-1-w2,Transformer,500.0,101.59,21,75,63,0,1511
3462-3942-2,T3464-3462-34641-1-w1,Transformer,500.0,101.8,21,75,63,0,1511
3462-3942-2,T3464-3462-34641-1-w2,Transformer,500.0,101.8,21,75,63,0,1511
3462-5142-2,3581-89516-1,Line,123.0,100.13,1,26,26,0,3581
3462-34620-1,3462-5142-2,Line,513.0,139.18,4,33,33,0,66096
3462-34620-1,3581-89516-1,Line,123.0,100.12,2,33,26,0,66096
3464-3934-1,1122-1742-1,Line,513.0,101.94,9,105,42,9,39420
3464-3934-1,3082-3122-1,Line,634.0,100.77,7,105,42,10,39420
3464-3934-1,3581-89516-1,Line,123.0,101.61,120,105,26,12,39420
3464-3934-1,3691-4041-1,Line,192.0,100.98,2,105,14,0,39420
3464-3934-1,3944-3954-1,Line,500.0,115.2,41,105,64,0,39420
3464-3934-1,T3934-3942-39402-1-w1,Transformer,500.0,142.55,79,105,69,0,39420
3464-3934-1,T3954-3942-39421-2-w1,Transformer,500.0,115.2,41,105,64,0,39420
3472-3842-1,1122-1742-1,Line,513.0,102.82,9,86,42,4,11261
3472-3842-1,3082-3122-1,Line,634.0,107.73,11,86,53,6,11261
3472-3842-1,3581-89516-1,Line,123.0,100.24,57,86,26,26,11261
3472-3842-1,3691-4041-1,Line,192.0,100.16,2,86,14,5,11261
3472-3842-1,T3464-3462-34641-1-w1,Transformer,500.0,100.19,17,86,63,0,11261
3472-3842-1,T3464-3462-34641-1-w2,Transformer,500.0,100.19,17,86,63,0,11261
3472-3852-2,1122-1742-1,Line,513.0,100.94,7,69,42,0,11261
3472-3852-2,3082-3122-1,Line,634.0,101.49,6,69,47,1,11261
3472-3852-2,3581-89516-1,Line,123.0,100.14,6,69,26,26,11261
3491-3561-1,3581-89516-1,Line,123.0,101.92,102,44,26,0,3581
3491-3561-1,T89510-89515-1,Transformer,125.0,100.29,3,44,26,0,3581
3491-3561-1,T89515-89516-1,Transformer,125.0,100.29,3,44,26,0,3581
3491-3561-1,T3464-3462-34641-1-w1,Transformer,500.0,100.12,2,44,63,0,3581
3491-3561-1,T3464-3462-34641-1-w2,Transformer,500.0,100.12,2,44,63,0,3581
3491-4961-1,3581-89516-1,Line,123.0,101.07,74,26,26,0,3581
3501-4971-1,1122-1742-1,Line,513.0,100.38,9,106,42,10,5361
3501-4971-1,3082-3122-1,Line,634.0,100.42,7,106,42,11,5361
3501-4971-1,3581-89516-1,Line,123.0,105.08,114,106,27,12,5361
3501-4971-1,T89510-89515-1,Transformer,125.0,103.4,59,106,27,12,5361
3501-4971-1,T89515-89516-1,Transformer,125.0,103.4,59,106,27,12,5361
3501-4971-1,T3464-3462-34641-1-w1,Transformer,500.0,101.55,21,106,64,0,5361
3501-4971-1,T3464-3462-34641-1-w2,Transformer,500.0,101.55,21,106,64,0,5361
3501-35011-1,3581-89516-1,Line,123.0,101.6,47,27,27,0,3581
3521-4061-1,3581-89516-1,Line,123.0,100.14,50,26,26,0,3581
3521-4781-1,3581-89516-1,Line,123.0,102.6,65,108,26,12,5361
3521-4781-1,T89510-89515-1,Transformer,125.0,100.96,8,108,26,12,5361
3521-4781-1,T89515-89516-1,Transformer,125.0,100.96,8,108,26,12,5361
3521-4781-1,T3464-3462-34641-1-w1,Transformer,500.0,100.19,5,108,63,0,5361
3521-4781-1,T3464-3462-34641-1-w2,Transformer,500.0,100.19,5,108,63,0,5361
3522-66121-1,3581-89516-1,Line,123.0,102.96,95,44,26,0,3581
3522-66121-1,3691-4041-1,Line,192.0,101.74,2,44,14,0,3581
3522-66121-1,T89510-89515-1,Transformer,125.0,101.31,42,44,26,0,3581
3522-66121-1,T89515-89516-1,Transformer,125.0,101.31,42,44,26,0,3581
3522-66121-1,T3464-3462-34641-1-w1,Transformer,500.0,100.31,5,44,63,0,3581
3522-66121-1,T3464-3462-34641-1-w2,Transformer,500.0,100.31,5,44,63,0,3581
3541-3901-1,T3464-3462-34641-1-w1,Transformer,500.0,100.34,17,74,63,0,1511
3541-3901-1,T3464-3462-34641-1-w2,Transformer,500.0,100.34,17,74,63,0,1511
3541-4681-1,T3464-3462-34641-1-w1,Transformer,500.0,100.19,6,74,63,0,1511
3541-4681-1,T3464-3462-34641-1-w2,Transformer,500.0,100.19,6,74,63,0,1511
3551-4481-1,1122-1742-1,Line,513.0,100.92,9,60,42,0,11261
3551-4481-1,3082-3122-1,Line,634.0,101.1,6,60,43,1,11261
3551-4481-1,3581-89516-1,Line,123.0,100.8,70,60,26,26,11261
3551-4481-1,T3464-3462-34641-1-w1,Transformer,500.0,100.6,9,60,64,0,11261
3551-4481-1,T3464-3462-34641-1-w2,Transformer,500.0,100.6,9,60,64,0,11261
3554-22044-1,1122-1742-1,Line,513.0,109.75,18,119,49,6,4991
3554-22044-1,1392-3842-1,Line,420.0,103.9,1,119,76,0,4991
3554-22044-1,3082-3122-1,Line,634.0,101.66,8,119,43,7,4991
3554-22044-1,3581-89516-1,Line,123.0,107.76,128,119,26,8,4991
3554-22044-1,3691-4041-1,Line,192.0,104.24,2,119,14,0,4991
3554-22044-1,4664-5464-1,Line,997.0,137.4,66,119,100,0,4991
3554-22044-1,4664-43844-1,Line,997.0,137.4,66,119,100,0,4991
3554-22044-1,T89510-89515-1,Transformer,125.0,106.04,111,119,26,8,4991
3554-22044-1,T89515-89516-1,Transformer,125.0,106.04,111,119,26,8,4991
3554-39444-1,1122-1742-1,Line,513.0,107.26,15,107,46,9,4991
3554-39444-1,1392-3842-1,Line,420.0,104.74,1,107,76,0,4991
3554-39444-1,3082-3122-1,Line,634.0,100.63,7,107,42,10,4991
3554-39444-1,3581-89516-1,Line,123.0,107.53,129,107,26,6,4991
3554-39444-1,3691-4041-1,Line,192.0,104.81,2,107,14,0,4991
3554-39444-1,4664-5464-1,Line,997.0,146.27,80,107,93,0,4991
3554-39444-1,4664-43844-1,Line,997.0,146.27,80,107,93,0,4991
3554-39444-1,T89510-89515-1,Transformer,125.0,105.81,113,107,26,6,4991
3554-39444-1,T89515-89516-1,Transformer,125.0,105.81,113,107,26,6,4991
3561-35211-1,3581-89516-1,Line,123.0,101.01,37,26,26,0,3581
3561-35211-1,3691-4041-1,Line,192.0,100.18,2,26,14,0,3581
3571-4481-1,3581-89516-1,Line,123.0,101.54,120,83,26,12,1511
3571-4481-1,3691-4041-1,Line,192.0,100.64,2,83,14,0,1511
3571-4481-1,T3464-3462-34641-1-w1,Transformer,500.0,102.6,21,83,67,0,1511
3571-4481-1,T3464-3462-34641-1-w2,Transformer,500.0,102.6,21,83,67,0,1511
3571-4481-1,T3934-3942-39402-1-w1,Transformer,500.0,100.6,11,83,67,0,1511
3571-5081-1,3581-89516-1,Line,123.0,101.44,119,74,26,12,1511
3571-5081-1,3691-4041-1,Line,192.0,100.53,2,74,14,0,1511
3571-5081-1,T3464-3462-34641-1-w1,Transformer,500.0,102.28,21,74,66,0,1511
3571-5081-1,T3464-3462-34641-1-w2,Transformer,500.0,102.28,21,74,66,0,1511
3571-5081-1,T3934-3942-39402-1-w1,Transformer,500.0,100.21,1,74,66,0,1511
3581-3591-1,T3464-3462-34641-1-w1,Transformer,500.0,100.15,17,75,63,0,1511
3581-3591-1,T3464-3462-34641-1-w2,Transformer,500.0,100.15,17,75,63,0,1511
3581-28019-1,2321-3581-1,Line,123.0,110.25,15,29,15,1,51911
3581-28019-1,2321-28710-1,Line,123.0,110.25,9,29,14,0,51911
3581-28019-1,T3464-3462-34641-1-w1,Transformer,500.0,100.1,4,29,63,0,51911
3581-28019-1,T3464-3462-34641-1-w2,Transformer,500.0,100.1,4,29,63,0,51911
3581-89516-1,1122-1742-1,Line,513.0,100.19,9,75,42,4,1511
3581-89516-1,3082-3122-1,Line,634.0,100.11,6,75,42,5,1511
3581-89516-1,T3464-3462-34641-1-w1,Transformer,500.0,100.88,20,75,63,0,1511
3581-89516-1,T3464-3462-34641-1-w2,Transformer,500.0,100.88,20,75,63,0,1511
3591-5191-1,T3464-3462-34641-1-w1,Transformer,500.0,100.14,12,75,63,0,1511
3591-5191-1,T3464-3462-34641-1-w2,Transformer,500.0,100.14,12,75,63,0,1511
3691-4041-1,1122-1742-1,Line,513.0,100.38,9,79,42,42,14016
3691-4041-1,1401-1661-1,Line,217.0,115.36,2,79,4,0,14016
3691-4041-1,3082-3122-1,Line,634.0,100.38,7,79,42,42,14016
3691-4041-1,T3464-3462-34641-1-w1,Transformer,500.0,101.85,20,79,63,63,14016
3691-4041-1,T3464-3462-34641-1-w2,Transformer,500.0,101.85,20,79,63,63,14016
3841-5211-1,1122-1742-1,Line,513.0,100.2,6,26,3,3,3581
3841-5211-1,3082-3122-1,Line,634.0,100.23,5,26,42,10,3581
3841-5211-1,3581-89516-1,Line,123.0,100.73,115,26,26,0,3581
3841-5211-1,T3464-3462-34641-1-w1,Transformer,500.0,100.21,16,26,63,0,3581
3841-5211-1,T3464-3462-34641-1-w2,Transformer,500.0,100.21,16,26,63,0,3581
3851-4621-1,3691-4041-1,Line,192.0,100.26,2,79,14,0,14016
3851-4621-1,T3464-3462-34641-1-w1,Transformer,500.0,100.2,20,79,63,0,14016
3851-4621-1,T3464-3462-34641-1-w2,Transformer,500.0,100.2,20,79,63,0,14016
3851-4741-1,3581-89516-1,Line,123.0,100.33,28,26,26,0,3581
3851-13219-1,1122-1742-1,Line,513.0,100.17,7,42,42,0,11261
3851-13219-1,3082-3122-1,Line,634.0,100.15,6,42,43,1,11261
3934-3944-1,1122-1742-1,Line,513.0,101.51,9,106,42,9,4991
3934-3944-1,3581-89516-1,Line,123.0,101.76,121,106,26,12,4991
3934-3944-1,3691-4041-1,Line,192.0,101.15,2,106,14,0,4991
3934-3944-1,3944-3954-1,Line,500.0,139.91,74,106,68,0,4991
3934-3944-1,4664-5464-1,Line,997.0,101.61,4,106,92,0,4991
3934-3944-1,4664-43844-1,Line,997.0,101.61,4,106,92,0,4991
3934-3944-1,T89510-89515-1,Transformer,125.0,100.13,5,106,26,12,4991
3934-3944-1,T89515-89516-1,Transformer,125.0,100.13,5,106,26,12,4991
3934-3944-1,T3954-3942-39421-2-w1,Transformer,500.0,139.91,74,106,68,0,4991
3934-4384-1,1122-1742-1,Line,513.0,101.65,9,67,42,0,11261
3934-4384-1,3082-3122-1,Line,634.0,101.68,8,67,44,1,11261
3934-4384-1,3581-89516-1,Line,123.0,100.9,108,67,26,26,11261
3934-4384-1,3691-4041-1,Line,192.0,100.41,2,67,14,8,11261
3940-3942-1,T3464-3462-34641-1-w1,Transformer,500.0,101.91,21,75,63,0,1511
3940-3942-1,T3464-3462-34641-1-w2,Transformer,500.0,101.91,21,75,63,0,1511
3941-52219-1,1122-1742-1,Line,513.0,100.18,7,26,3,3,3581
3941-52219-1,3581-89516-1,Line,123.0,100.65,105,26,26,0,3581
3941-52219-1,3691-4041-1,Line,192.0,100.55,2,26,14,0,3581
3944-3954-1,1122-1742-1,Line,513.0,101.34,9,105,42,9,39420
3944-3954-1,3082-3122-1,Line,634.0,100.53,7,105,42,10,39420
3944-3954-1,3581-89516-1,Line,123.0,101.16,119,105,26,12,39420
3944-3954-1,3691-4041-1,Line,192.0,100.71,2,105,14,0,39420
3944-3954-1,T3464-3462-34641-1-w1,Transformer,500.0,131.86,66,105,69,0,39420
3944-3954-1,T3464-3462-34641-1-w2,Transformer,500.0,131.86,66,105,69,0,39420
3944-3954-1,T3934-3942-39402-1-w1,Transformer,500.0,131.81,64,105,69,0,39420
3944-39444-1,1122-1742-1,Line,513.0,107.26,15,107,46,9,4991
3944-39444-1,1392-3842-1,Line,420.0,104.74,1,107,76,0,4991
3944-39444-1,3082-3122-1,Line,634.0,100.63,7,107,42,10,4991
3944-39444-1,3581-89516-1,Line,123.0,107.53,129,107,26,6,4991
3944-39444-1,3691-4041-1,Line,192.0,104.81,2,107,14,0,4991
3944-39444-1,4664-5464-1,Line,997.0,146.27,80,107,93,0,4991
3944-39444-1,4664-43844-1,Line,997.0,146.27,80,107,93,0,4991
3944-39444-1,T89510-89515-1,Transformer,125.0,105.81,113,107,26,6,4991
3944-39444-1,T89515-89516-1,Transformer,125.0,105.81,113,107,26,6,4991
4001-4971-1,1122-1742-1,Line,513.0,100.39,9,106,42,10,5361
4001-4971-1,3082-3122-1,Line,634.0,100.43,7,106,42,11,5361
4001-4971-1,3581-89516-1,Line,123.0,105.08,118,106,27,12,5361
4001-4971-1,T89510-89515-1,Transformer,125.0,103.4,63,106,27,12,5361
4001-4971-1,T89515-89516-1,Transformer,125.0,103.4,63,106,27,12,5361
4001-4971-1,T3464-3462-34641-1-w1,Transformer,500.0,101.55,21,106,64,0,5361
4001-4971-1,T3464-3462-34641-1-w2,Transformer,500.0,101.55,21,106,64,0,5361
4021-32210-1,1122-1742-1,Line,513.0,100.42,9,60,40,0,11261
4021-32210-1,3082-3122-1,Line,634.0,100.29,7,60,40,1,11261
4021-32210-1,3581-89516-1,Line,123.0,100.12,4,60,26,26,11261
4041-5341-1,3581-89516-1,Line,123.0,101.83,114,44,26,0,3581
4041-5341-1,T89510-89515-1,Transformer,125.0,100.2,3,44,26,0,3581
4041-5341-1,T89515-89516-1,Transformer,125.0,100.2,3,44,26,0,3581
4041-5341-1,T3464-3462-34641-1-w1,Transformer,500.0,100.36,20,44,63,0,3581
4041-5341-1,T3464-3462-34641-1-w2,Transformer,500.0,100.36,20,44,63,0,3581
4121-23019-1,1122-1742-1,Line,513.0,100.12,4,26,3,3,3581
4121-23019-1,3082-3122-1,Line,634.0,100.19,6,26,42,9,3581
4121-23019-1,3581-89516-1,Line,123.0,100.81,119,26,26,0,3581
4121-23019-1,T3464-3462-34641-1-w1,Transformer,500.0,100.23,18,26,63,0,3581
4121-23019-1,T3464-3462-34641-1-w2,Transformer,500.0,100.23,18,26,63,0,3581
4201-13219-1,1122-1742-1,Line,513.0,100.32,9,61,42,0,11261
4201-13219-1,3082-3122-1,Line,634.0,100.33,7,61,43,1,11261
4201-13219-1,3581-89516-1,Line,123.0,100.14,22,61,26,26,11261
4242-4462-1,1472-2562-1,Line,457.0,169.31,53,13,13,0,14720
4382-5172-1,1122-1742-1,Line,513.0,101.13,9,106,42,10,4991
4382-5172-1,3082-3122-1,Line,634.0,100.3,7,106,42,11,4991
4382-5172-1,3581-89516-1,Line,123.0,111.74,131,106,28,11,4991
4382-5172-1,3691-4041-1,Line,192.0,105.88,2,106,14,0,4991
4382-5172-1,T89510-89515-1,Transformer,125.0,109.96,128,106,28,11,4991
4382-5172-1,T89515-89516-1,Transformer,125.0,109.96,128,106,28,11,4991
4382-5172-1,T3464-3462-34641-1-w1,Transformer,500.0,114.48,36,106,68,0,4991
4382-5172-1,T3464-3462-34641-1-w2,Transformer,500.0,114.48,36,106,68,0,4991
4382-5172-1,T3934-3942-39402-1-w1,Transformer,500.0,112.75,32,106,72,0,4991
4384-43844-1,1122-1742-1,Line,513.0,103.58,11,44,42,7,3581
4384-43844-1,3082-3122-1,Line,634.0,102.87,10,44,46,8,3581
4384-43844-1,3581-89516-1,Line,123.0,109.6,130,44,26,0,3581
4384-43844-1,3691-4041-1,Line,192.0,105.03,2,44,14,0,3581
4384-43844-1,T89510-89515-1,Transformer,125.0,107.84,128,44,26,0,3581
4384-43844-1,T89515-89516-1,Transformer,125.0,107.84,128,44,26,0,3581
4391-4481-1,1122-1742-1,Line,513.0,100.37,9,61,42,0,11261
4391-4481-1,3082-3122-1,Line,634.0,100.41,6,61,43,1,11261
4461-4651-3,4471-4651-4,Line,258.0,111.82,30,157,0,0,44733
4461-4651-3,T4472-4471-44624-4-w1,Transformer,250.0,115.4,50,157,0,0,44733
4462-4472-1,1122-1742-1,Line,513.0,100.54,4,61,42,0,11261
4462-4472-1,3082-3122-1,Line,634.0,101.42,4,61,42,1,11261
4462-4472-1,3581-89516-1,Line,123.0,100.12,2,61,26,26,11261
4462-4472-1,T3464-3462-34641-1-w1,Transformer,500.0,100.18,2,61,63,0,11261
4462-4472-1,T3464-3462-34641-1-w2,Transformer,500.0,100.18,2,61,63,0,11261
4462-4922-1,3082-3122-1,Line,634.0,100.22,5,42,42,0,17420
4471-4651-4,4461-4651-3,Line,254.0,113.58,38,157,0,0,44733
4471-4651-4,T4472-4461-44623-3-w1,Transformer,250.0,115.4,50,157,0,0,44733
4472-17431-1,3082-3122-1,Line,634.0,119.78,26,50,50,0,17420
4472-30820-1,3082-3122-1,Line,634.0,100.49,4,5,42,42,44732
4472-30820-1,4472-30820-2,Line,570.0,119.65,32,5,5,0,44732
4472-30820-2,3082-3122-1,Line,634.0,100.55,4,5,42,42,44732
4472-30820-2,4472-30820-1,Line,570.0,119.21,32,5,5,0,44732
4522-5142-1,T3464-3462-34641-1-w1,Transformer,500.0,100.96,20,75,57,0,1511
4522-5142-1,T3464-3462-34641-1-w2,Transformer,500.0,100.96,20,75,57,0,1511
4664-5464-1,1122-1742-1,Line,513.0,103.58,11,44,42,7,3581
4664-5464-1,3082-3122-1,Line,634.0,102.87,10,44,46,8,3581
4664-5464-1,3581-89516-1,Line,123.0,109.6,130,44,26,0,3581
4664-5464-1,3691-4041-1,Line,192.0,105.03,2,44,14,0,3581
4664-5464-1,T89510-89515-1,Transformer,125.0,107.84,128,44,26,0,3581
4664-5464-1,T89515-89516-1,Transformer,125.0,107.84,128,44,26,0,3581
4664-43844-1,1122-1742-1,Line,513.0,103.58,11,44,42,7,3581
4664-43844-1,3082-3122-1,Line,634.0,102.87,10,44,46,8,3581
4664-43844-1,3581-89516-1,Line,123.0,109.6,130,44,26,0,3581
4664-43844-1,3691-4041-1,Line,192.0,105.03,2,44,14,0,3581
4664-43844-1,T89510-89515-1,Transformer,125.0,107.84,128,44,26,0,3581
4664-43844-1,T89515-89516-1,Transformer,125.0,107.84,128,44,26,0,3581
4781-4961-1,3581-89516-1,Line,123.0,101.47,42,26,26,0,3581
4781-4961-1,3691-4041-1,Line,192.0,100.26,1,26,14,0,3581
4922-5022-1,2563-4242-1,Line,548.0,103.72,1,13,13,0,44731
4941-5351-1,1122-1742-1,Line,513.0,102.08,9,81,42,4,11261
4941-5351-1,3082-3122-1,Line,634.0,101.32,7,81,43,5,11261
4941-5351-1,3581-89516-1,Line,123.0,100.36,11,81,26,26,11261
4941-5351-1,T3464-3462-34641-1-w1,Transformer,500.0,101.13,20,81,57,0,11261
4941-5351-1,T3464-3462-34641-1-w2,Transformer,500.0,101.13,20,81,57,0,11261
4941-22419-1,3581-89516-1,Line,123.0,101.23,59,72,26,12,1511
4941-22419-1,3691-4041-1,Line,192.0,100.21,2,72,14,0,1511
4941-22419-1,T3464-3462-34641-1-w1,Transformer,500.0,101.45,16,72,64,0,1511
4941-22419-1,T3464-3462-34641-1-w2,Transformer,500.0,101.45,16,72,64,0,1511
4941-50019-1,1122-1742-1,Line,513.0,100.2,1,28,42,10,1401
4941-50019-1,3581-89516-1,Line,123.0,100.23,18,28,26,22,1401
4941-50019-1,3691-4041-1,Line,192.0,100.4,1,28,15,0,1401
4942-4943-1,1122-1742-1,Line,513.0,102.32,9,92,42,8,1511
4942-4943-1,3082-3122-1,Line,634.0,102.16,8,92,43,9,1511
4942-4943-1,3581-89516-1,Line,123.0,100.72,102,92,26,26,1511
4942-4943-1,3691-4041-1,Line,192.0,100.6,2,92,14,8,1511
4942-4943-1,T3464-3462-34641-1-w1,Transformer,500.0,105.41,28,92,63,0,1511
4942-4943-1,T3464-3462-34641-1-w2,Transformer,500.0,105.41,28,92,63,0,1511
4942-4943-1,T3934-3942-39402-1-w1,Transformer,500.0,103.35,22,92,63,0,1511
4942-4943-1,T4943-4941-49421-1-w1,Transformer,125.0,145.52,31,92,15,3,1511
4981-5041-1,3581-89516-1,Line,123.0,100.39,40,26,26,0,3581
4981-5041-2,3581-89516-1,Line,123.0,100.37,40,26,26,0,3581
5041-17010-2,3581-89516-1,Line,123.0,108.03,27,37,26,0,3581
5041-17010-2,T89510-89515-1,Transformer,125.0,106.3,16,37,26,0,3581
5041-17010-2,T89515-89516-1,Transformer,125.0,106.3,16,37,26,0,3581
5041-17010-2,T3464-3462-34641-1-w1,Transformer,500.0,100.34,13,37,63,29,3581
5041-17010-2,T3464-3462-34641-1-w2,Transformer,500.0,100.34,13,37,63,29,3581
5081-22419-1,3581-89516-1,Line,123.0,101.13,53,73,26,12,1511
5081-22419-1,3691-4041-1,Line,192.0,100.19,2,73,14,0,1511
5081-22419-1,T3464-3462-34641-1-w1,Transformer,500.0,101.28,14,73,65,0,1511
5081-22419-1,T3464-3462-34641-1-w2,Transformer,500.0,101.28,14,73,65,0,1511
5091-10210-1,1122-1742-1,Line,513.0,100.11,2,42,42,0,11261
5211-22613-1,1122-1742-1,Line,513.0,100.19,4,26,3,3,3581
5211-22613-1,3082-3122-1,Line,634.0,100.23,4,26,42,10,3581
5211-22613-1,3581-89516-1,Line,123.0,100.73,115,26,26,0,3581
5211-22613-1,T3464-3462-34641-1-w1,Transformer,500.0,100.21,16,26,63,0,3581
5211-22613-1,T3464-3462-34641-1-w2,Transformer,500.0,100.21,16,26,63,0,3581
5271-5274-1,1122-1742-1,Line,513.0,100.81,8,58,41,0,11261
5271-5274-1,3082-3122-1,Line,634.0,100.47,6,58,42,1,11261
5271-32810-1,1122-1742-1,Line,513.0,101.73,9,58,42,0,11261
5271-32810-1,3082-3122-1,Line,634.0,101.0,7,58,43,1,11261
5274-5381-1,3581-89516-1,Line,123.0,100.13,44,95,26,22,14016
5274-5381-1,3691-4041-1,Line,192.0,100.23,2,95,14,0,14016
5274-5381-1,T3464-3462-34641-1-w1,Transformer,500.0,101.45,21,95,63,0,14016
5274-5381-1,T3464-3462-34641-1-w2,Transformer,500.0,101.45,21,95,63,0,14016
5281-43619-1,1122-1742-1,Line,513.0,100.18,3,75,44,4,1511
5281-43619-1,T3464-3462-34641-1-w1,Transformer,500.0,100.21,3,75,63,0,1511
5281-43619-1,T3464-3462-34641-1-w2,Transformer,500.0,100.21,3,75,63,0,1511
5301-31019-1,1122-1742-1,Line,513.0,101.89,9,82,41,4,11261
5301-31019-1,3082-3122-1,Line,634.0,101.23,7,82,42,5,11261
5301-31019-1,3581-89516-1,Line,123.0,100.42,7,82,26,26,11261
5301-31019-1,T3464-3462-34641-1-w1,Transformer,500.0,101.03,20,82,56,0,11261
5301-31019-1,T3464-3462-34641-1-w2,Transformer,500.0,101.03,20,82,56,0,11261
5321-22614-1,1122-1742-1,Line,513.0,100.1,1,26,3,3,3581
5321-22614-1,3581-89516-1,Line,123.0,100.13,9,26,26,0,3581
5351-31019-1,1122-1742-1,Line,513.0,102.03,9,81,42,4,11261
5351-31019-1,3082-3122-1,Line,634.0,101.3,7,81,43,5,11261
5351-31019-1,3581-89516-1,Line,123.0,100.52,11,81,26,26,11261
5351-31019-1,T3464-3462-34641-1-w1,Transformer,500.0,101.1,20,81,57,0,11261
5351-31019-1,T3464-3462-34641-1-w2,Transformer,500.0,101.1,20,81,57,0,11261
5451-5501-1,1122-1742-1,Line,513.0,100.93,2,58,36,0,11261
5451-5501-1,3082-3122-1,Line,634.0,100.55,3,58,35,1,11261
5451-5501-1,T3464-3462-34641-1-w1,Transformer,500.0,100.41,13,58,63,6,11261
5451-5501-1,T3464-3462-34641-1-w2,Transformer,500.0,100.41,13,58,63,6,11261
5462-54622-1,1122-1742-1,Line,513.0,100.69,9,61,42,0,11261
5462-54622-1,3082-3122-1,Line,634.0,101.34,7,61,43,1,11261
5462-54622-1,3691-4041-1,Line,192.0,100.19,2,61,14,8,11261
5462-66121-1,3581-89516-1,Line,123.0,101.15,23,26,26,0,3581
5462-66121-1,3691-4041-1,Line,192.0,100.65,2,26,14,0,3581
5462-66121-1,T3464-3462-34641-1-w1,Transformer,500.0,100.35,6,26,63,0,3581
5462-66121-1,T3464-3462-34641-1-w2,Transformer,500.0,100.35,6,26,63,0,3581
5464-90440-1,1122-1742-1,Line,513.0,100.72,9,115,42,0,3581
5464-90440-1,3082-3122-1,Line,634.0,102.1,9,115,44,1,3581
5464-90440-1,3581-89516-1,Line,123.0,119.98,92,115,26,26,3581
5464-90440-1,3691-4041-1,Line,192.0,104.05,2,115,14,8,3581
5464-90440-1,T89510-89515-1,Transformer,125.0,118.06,79,115,26,26,3581
5464-90440-1,T89515-89516-1,Transformer,125.0,118.06,79,115,26,26,3581
5464-90440-1,T3464-3462-34641-1-w1,Transformer,500.0,100.7,4,115,57,0,3581
5464-90440-1,T3464-3462-34641-1-w2,Transformer,500.0,100.7,4,115,57,0,3581
22612-22613-1,3581-89516-1,Line,123.0,100.96,116,26,26,0,3581
22612-22613-1,T3464-3462-34641-1-w1,Transformer,500.0,100.16,3,26,63,0,3581
22612-22613-1,T3464-3462-34641-1-w2,Transformer,500.0,100.16,3,26,63,0,3581
22613-22614-1,1122-1742-1,Line,513.0,100.11,1,26,42,10,3581
22613-22614-1,3082-3122-1,Line,634.0,100.1,1,26,43,12,3581
22613-22614-1,3581-89516-1,Line,123.0,100.12,4,26,26,0,3581
28710-28712-1,2321-3581-1,Line,123.0,100.72,1,44,2,0,3581
28710-28712-1,2321-28710-1,Line,123.0,100.72,1,44,1,0,3581
28710-28712-1,3581-89516-1,Line,123.0,109.5,59,44,26,0,3581
28710-28712-1,T89510-89515-1,Transformer,125.0,107.75,42,44,26,0,3581
28710-28712-1,T89515-89516-1,Transformer,125.0,107.75,42,44,26,0,3581
35011-66094-1,1122-1742-1,Line,513.0,100.19,6,41,42,12,3581
35011-66094-1,3581-89516-1,Line,123.0,104.91,33,41,27,0,3581
35011-66094-1,3691-4041-1,Line,192.0,103.47,2,41,14,0,3581
35011-66094-1,T89510-89515-1,Transformer,125.0,103.23,8,41,27,0,3581
35011-66094-1,T89515-89516-1,Transformer,125.0,103.23,8,41,27,0,3581
35011-66094-1,T3464-3462-34641-1-w1,Transformer,500.0,100.34,10,41,63,0,3581
35011-66094-1,T3464-3462-34641-1-w2,Transformer,500.0,100.34,10,41,63,0,3581
35231-90020-1,3581-89516-1,Line,123.0,106.99,75,46,26,0,3581
35231-90020-1,T89510-89515-1,Transformer,125.0,105.28,47,46,26,0,3581
35231-90020-1,T89515-89516-1,Transformer,125.0,105.28,47,46,26,0,3581
35231-90020-1,T3464-3462-34641-1-w1,Transformer,500.0,100.17,6,46,63,0,3581
35231-90020-1,T3464-3462-34641-1-w2,Transformer,500.0,100.17,6,46,63,0,3581
35232-90020-2,3581-89516-1,Line,123.0,106.99,75,46,26,0,3581
35232-90020-2,T89510-89515-1,Transformer,125.0,105.28,47,46,26,0,3581
35232-90020-2,T89515-89516-1,Transformer,125.0,105.28,47,46,26,0,3581
35232-90020-2,T3464-3462-34641-1-w1,Transformer,500.0,100.17,6,46,63,0,3581
35232-90020-2,T3464-3462-34641-1-w2,Transformer,500.0,100.17,6,46,63,0,3581
70510-72010-1,3581-89516-1,Line,123.0,100.11,1,26,26,0,3581
70510-72010-2,3581-89516-1,Line,123.0,100.11,1,26,26,0,3581
70520-85020-1,3581-89516-1,Line,123.0,100.13,4,26,26,0,3581
74520-90020-1,3581-89516-1,Line,123.0,101.92,113,44,26,0,3581
74520-90020-1,T89510-89515-1,Transformer,125.0,100.29,1,44,26,0,3581
74520-90020-1,T89515-89516-1,Transformer,125.0,100.29,1,44,26,0,3581
75010-79510-1,75010-79510-2,Line,103.0,102.32,2,10,10,0,83510
75010-79510-2,75010-79510-1,Line,103.0,102.5,2,10,10,0,83510
75010-87900-1,3581-89516-1,Line,123.0,102.21,20,44,26,0,3581
75010-87900-1,T89510-89515-1,Transformer,125.0,100.58,2,44,26,0,3581
75010-87900-1,T89515-89516-1,Transformer,125.0,100.58,2,44,26,0,3581
75510-75511-1,3581-89516-1,Line,123.0,102.47,26,44,26,0,4991
75510-75511-1,T89510-89515-1,Transformer,125.0,100.83,2,44,26,0,4991
75510-75511-1,T89515-89516-1,Transformer,125.0,100.83,2,44,26,0,4991
75510-79510-1,3581-89516-1,Line,123.0,100.4,9,26,26,0,3581
75510-81810-1,75510-89510-1,Line,166.0,100.65,1,33,33,0,81810
75510-83510-1,3581-89516-1,Line,123.0,100.37,11,26,26,0,3581
75810-90310-1,3581-89516-1,Line,123.0,100.19,60,26,26,0,3581
76511-81010-1,76512-81010-2,Line,158.0,109.57,28,0,0,0,
76512-81010-2,76511-81010-1,Line,158.0,111.67,35,0,0,0,
76512-90710-2,76511-81010-1,Line,158.0,111.67,35,0,0,0,
76810-79010-1,3581-89516-1,Line,123.0,100.81,9,26,26,0,3581
76810-79010-2,3581-89516-1,Line,123.0,100.81,9,26,26,0,3581
76810-87510-1,3581-89516-1,Line,123.0,101.08,78,26,26,0,3581
76810-87510-2,3581-89516-1,Line,123.0,101.09,78,26,26,0,3581
77512-87510-1,T3464-3462-34641-1-w1,Transformer,500.0,100.13,5,75,63,0,1511
77512-87510-1,T3464-3462-34641-1-w2,Transformer,500.0,100.13,5,75,63,0,1511
79510-83510-1,3581-89516-1,Line,123.0,100.36,9,26,26,0,3581
80710-87510-1,3581-89516-1,Line,123.0,100.29,8,26,26,0,3581
81510-87900-1,3581-89516-1,Line,123.0,100.23,3,26,26,0,3581
81510-87901-1,3581-89516-1,Line,123.0,100.45,59,26,26,0,3581
81520-82020-1,3581-89516-1,Line,123.0,100.19,38,26,26,0,3581
81520-82020-2,3581-89516-1,Line,123.0,100.19,38,26,26,0,3581
81520-85020-1,3581-89516-1,Line,123.0,100.13,3,26,26,0,3581
81810-89510-1,3581-89516-1,Line,123.0,102.07,39,44,26,0,3581
81810-89510-1,T89510-89515-1,Transformer,125.0,100.44,5,44,26,0,3581
81810-89510-1,T89515-89516-1,Transformer,125.0,100.44,5,44,26,0,3581
82020-90020-1,3581-89516-1,Line,123.0,100.32,1,26,26,0,3581
85020-90320-1,3581-89516-1,Line,123.0,100.57,4,26,26,0,3581
85020-90320-2,3581-89516-1,Line,123.0,100.57,4,26,26,0,3581
87510-89510-1,3581-89516-1,Line,123.0,101.27,3,26,26,0,3581
87510-89510-2,3581-89516-1,Line,123.0,101.24,3,26,26,0,3581
87510-90210-1,3581-89516-1,Line,123.0,100.12,2,26,26,0,3581
90210-90310-1,3581-89516-1,Line,123.0,100.12,1,75,26,12,1511
90210-90310-1,T3464-3462-34641-1-w1,Transformer,500.0,100.13,5,75,63,0,1511
90210-90310-1,T3464-3462-34641-1-w2,Transformer,500.0,100.13,5,75,63,0,1511
90320-90420-1,3581-89516-1,Line,123.0,100.3,14,26,26,0,3581
90320-90420-2,3581-89516-1,Line,123.0,100.3,14,26,26,0,3581
T1742-17431-1,3082-3122-1,Line,634.0,119.78,26,50,50,0,17420
T79010-79015-1,3581-89516-1,Line,123.0,112.8,76,47,29,0,3581
T79010-79015-1,T89510-89515-1,Transformer,125.0,110.99,58,47,29,0,3581
T79010-79015-1,T89515-89516-1,Transformer,125.0,110.99,58,47,29,0,3581
T79010-79015-1,T3464-3462-34641-1-w1,Transformer,500.0,100.2,5,47,63,0,3581
T79010-79015-1,T3464-3462-34641-1-w2,Transformer,500.0,100.2,5,47,63,0,3581
T79015-79016-1,3581-89516-1,Line,123.0,112.8,76,47,29,0,3581
T79015-79016-1,T89510-89515-1,Transformer,125.0,110.99,58,47,29,0,3581
T79015-79016-1,T89515-89516-1,Transformer,125.0,110.99,58,47,29,0,3581
T79015-79016-1,T3464-3462-34641-1-w1,Transformer,500.0,100.2,5,47,63,0,3581
T79015-79016-1,T3464-3462-34641-1-w2,Transformer,500.0,100.2,5,47,63,0,3581
T89510-89515-1,1122-1742-1,Line,513.0,100.19,9,75,42,4,1511
T89510-89515-1,3082-3122-1,Line,634.0,100.11,6,75,42,5,1511
T89510-89515-1,T3464-3462-34641-1-w1,Transformer,500.0,100.88,20,75,63,0,1511
T89510-89515-1,T3464-3462-34641-1-w2,Transformer,500.0,100.88,20,75,63,0,1511
T89515-89516-1,1122-1742-1,Line,513.0,100.19,9,75,42,4,1511
T89515-89516-1,3082-3122-1,Line,634.0,100.11,6,75,42,5,1511
T89515-89516-1,T3464-3462-34641-1-w1,Transformer,500.0,100.88,20,75,63,0,1511
T89515-89516-1,T3464-3462-34641-1-w2,Transformer,500.0,100.88,20,75,63,0,1511
T1122-1121-11221-1-w1,1122-1742-1,Line,513.0,100.86,9,42,42,0,11261
T1122-1121-11221-1-w2,1122-1742-1,Line,513.0,100.86,9,42,42,0,11261
T1122-1121-11222-2-w1,1122-1742-1,Line,513.0,100.86,9,42,42,0,11261
T1122-1121-11222-2-w2,1122-1742-1,Line,513.0,100.86,9,42,42,0,11261
T1212-1211-12121-1-w1,1211-12111-1,Line,210.0,102.84,21,5,4,0,1971
T1212-1211-12121-1-w1,T1212-12111-12122-2-w1,Transformer,250.0,142.81,77,5,5,0,1971
T1212-1211-12121-1-w2,1211-12111-1,Line,210.0,102.84,21,5,4,0,1971
T1212-1211-12121-1-w2,T1212-12111-12122-2-w1,Transformer,250.0,142.81,77,5,5,0,1971
T1212-12111-12122-2-w1,T1212-1211-12121-1-w1,Transformer,250.0,142.81,77,5,5,0,2731
T1212-12111-12122-2-w2,T1212-1211-12121-1-w1,Transformer,250.0,142.81,77,5,5,0,2731
T1474-1472-14723-1-w1,1122-1742-1,Line,513.0,100.58,8,61,42,0,11261
T1474-1472-14723-1-w1,3082-3122-1,Line,634.0,101.07,7,61,43,1,11261
T1474-1472-14723-1-w1,3691-4041-1,Line,192.0,100.11,2,61,14,8,11261
T1474-1472-14723-1-w2,1122-1742-1,Line,513.0,100.58,8,61,42,0,11261
T1474-1472-14723-1-w2,3082-3122-1,Line,634.0,101.07,7,61,43,1,11261
T1474-1472-14723-1-w2,3691-4041-1,Line,192.0,100.11,2,61,14,8,11261
T1642-1641-16421-1-w1,3581-89516-1,Line,123.0,100.22,67,25,26,22,1401
T1642-1641-16421-1-w1,3691-4041-1,Line,192.0,101.98,2,25,14,0,1401
T1642-1641-16421-1-w2,3581-89516-1,Line,123.0,100.22,67,25,26,22,1401
T1642-1641-16421-1-w2,3691-4041-1,Line,192.0,101.98,2,25,14,0,1401
T1642-1641-16422-2-w1,3581-89516-1,Line,123.0,100.22,67,25,26,22,1401
T1642-1641-16422-2-w1,3691-4041-1,Line,192.0,101.98,2,25,14,0,1401
T1642-1641-16422-2-w2,3581-89516-1,Line,123.0,100.22,67,25,26,22,1401
T1642-1641-16422-2-w2,3691-4041-1,Line,192.0,101.98,2,25,14,0,1401
T1642-16411-16424-4-w1,3691-4041-1,Line,192.0,100.75,2,14,14,0,1401
T1642-16411-16424-4-w2,3691-4041-1,Line,192.0,100.75,2,14,14,0,1401
T1742-17411-17423-3-w1,1122-1742-1,Line,513.0,100.13,1,42,42,0,11261
T1742-17411-17423-3-w2,1122-1742-1,Line,513.0,100.13,1,42,42,0,11261
T1742-17411-17424-4-w1,1122-1742-1,Line,513.0,100.14,1,42,42,0,11261
T1742-17411-17424-4-w2,1122-1742-1,Line,513.0,100.14,1,42,42,0,11261
T2002-2001-20021-1-w1,1122-1742-1,Line,513.0,100.19,6,41,41,0,11261
T2002-2001-20021-1-w1,3082-3122-1,Line,634.0,100.12,1,41,42,1,11261
T2002-2001-20021-1-w2,1122-1742-1,Line,513.0,100.19,6,41,41,0,11261
T2002-2001-20021-1-w2,3082-3122-1,Line,634.0,100.12,1,41,42,1,11261
T2042-2041-20421-1-w1,3691-4041-1,Line,192.0,100.17,2,14,14,0,1401
T2042-2041-20421-1-w2,3691-4041-1,Line,192.0,100.17,2,14,14,0,1401
T2052-2041-20422-2-w1,3691-4041-1,Line,192.0,100.17,2,14,14,0,1401
T2052-2041-20422-2-w2,3691-4041-1,Line,192.0,100.17,2,14,14,0,1401
T2204-2202-22021-1-w1,1122-1742-1,Line,513.0,100.68,9,42,42,0,11261
T2204-2202-22021-1-w1,3691-4041-1,Line,192.0,100.19,2,42,14,8,11261
T2204-2202-22021-1-w2,1122-1742-1,Line,513.0,100.68,9,42,42,0,11261
T2204-2202-22021-1-w2,3691-4041-1,Line,192.0,100.19,2,42,14,8,11261
T2204-2202-22022-2-w1,1122-1742-1,Line,513.0,100.87,9,42,42,0,11261
T2204-2202-22022-2-w1,3691-4041-1,Line,192.0,100.24,2,42,14,8,11261
T2204-2202-22022-2-w2,1122-1742-1,Line,513.0,100.87,9,42,42,0,11261
T2204-2202-22022-2-w2,3691-4041-1,Line,192.0,100.24,2,42,14,8,11261
T2522-2521-25221-1-w1,3581-89516-1,Line,123.0,100.41,15,14,27,23,1401
T2522-2521-25221-1-w1,3691-4041-1,Line,192.0,100.42,2,14,14,0,1401
T2522-2521-25221-1-w2,3581-89516-1,Line,123.0,100.41,15,14,27,23,1401
T2522-2521-25221-1-w2,3691-4041-1,Line,192.0,100.42,2,14,14,0,1401
T2522-2521-25222-2-w1,3581-89516-1,Line,123.0,100.39,14,14,27,23,1401
T2522-2521-25222-2-w1,3691-4041-1,Line,192.0,100.4,2,14,14,0,1401
T2522-2521-25222-2-w2,3581-89516-1,Line,123.0,100.39,14,14,27,23,1401
T2522-2521-25222-2-w2,3691-4041-1,Line,192.0,100.4,2,14,14,0,1401
T2742-2741-27421-1-w1,1122-1742-1,Line,513.0,100.12,3,42,42,0,11261
T2742-2741-27421-1-w2,1122-1742-1,Line,513.0,100.12,3,42,42,0,11261
T2742-2741-27422-2-w1,1122-1742-1,Line,513.0,100.12,3,42,42,0,11261
T2742-2741-27422-2-w2,1122-1742-1,Line,513.0,100.12,3,42,42,0,11261
T2842-2841-28421-1-w1,3691-4041-1,Line,192.0,100.31,2,14,14,0,1401
T2842-2841-28421-1-w2,3691-4041-1,Line,192.0,100.31,2,14,14,0,1401
T3082-3091-30824-4-w1,T30820-3091-30826-3-w1,Transformer,250.0,132.33,121,0,0,0,
T3082-3091-30824-4-w2,T30820-3091-30826-3-w1,Transformer,250.0,132.33,121,0,0,0,
T3332-3331-33321-1-w1,T3332-3331-33323-3-w1,Transformer,250.0,105.58,18,3,3,0,3391
T3332-3331-33321-1-w2,T3332-3331-33323-3-w1,Transformer,250.0,105.58,18,3,3,0,3391
T3332-3331-33323-3-w1,T3332-3331-33321-1-w1,Transformer,250.0,105.58,18,3,3,0,3391
T3332-3331-33323-3-w2,T3332-3331-33321-1-w1,Transformer,250.0,105.58,18,3,3,0,28810
T3462-3461-34621-1-w1,1122-1742-1,Line,513.0,100.3,9,42,42,0,11261
T3462-3461-34621-1-w1,3082-3122-1,Line,634.0,100.12,5,42,42,1,11261
T3462-3461-34621-1-w2,1122-1742-1,Line,513.0,100.3,9,42,42,0,11261
T3462-3461-34621-1-w2,3082-3122-1,Line,634.0,100.12,5,42,42,1,11261
T3462-3461-34622-2-w1,1122-1742-1,Line,513.0,100.3,9,42,42,0,11261
T3462-3461-34622-2-w1,3082-3122-1,Line,634.0,100.12,5,42,42,1,11261
T3462-3461-34622-2-w2,1122-1742-1,Line,513.0,100.3,9,42,42,0,11261
T3462-3461-34622-2-w2,3082-3122-1,Line,634.0,100.12,5,42,42,1,11261
T3464-3462-34641-1-w1,1122-1742-1,Line,513.0,101.94,9,105,42,9,39420
T3464-3462-34641-1-w1,3082-3122-1,Line,634.0,100.77,7,105,42,10,39420
T3464-3462-34641-1-w1,3581-89516-1,Line,123.0,101.61,120,105,26,12,39420
T3464-3462-34641-1-w1,3691-4041-1,Line,192.0,100.98,2,105,14,0,39420
T3464-3462-34641-1-w1,3944-3954-1,Line,500.0,115.2,41,105,64,0,39420
T3464-3462-34641-1-w1,T3934-3942-39402-1-w1,Transformer,500.0,142.55,79,105,69,0,39420
T3464-3462-34641-1-w1,T3954-3942-39421-2-w1,Transformer,500.0,115.2,41,105,64,0,39420
T3464-3462-34641-1-w2,1122-1742-1,Line,513.0,101.94,9,105,42,9,39420
T3464-3462-34641-1-w2,3082-3122-1,Line,634.0,100.77,7,105,42,10,39420
T3464-3462-34641-1-w2,3581-89516-1,Line,123.0,101.61,120,105,26,12,39420
T3464-3462-34641-1-w2,3691-4041-1,Line,192.0,100.98,2,105,14,0,39420
T3464-3462-34641-1-w2,3944-3954-1,Line,500.0,115.2,41,105,64,0,39420
T3464-3462-34641-1-w2,T3934-3942-39402-1-w1,Transformer,500.0,142.55,79,105,69,0,39420
T3464-3462-34641-1-w2,T3954-3942-39421-2-w1,Transformer,500.0,115.2,41,105,64,0,39420
T3522-35211-35224-4-w1,3691-4041-1,Line,192.0,100.12,2,14,14,0,1401
T3522-35211-35224-4-w2,3691-4041-1,Line,192.0,100.12,2,14,14,0,1401
T3522-35231-35236-1-w1,3581-89516-1,Line,123.0,101.43,68,26,26,0,3581
T3522-35231-35236-1-w2,3581-89516-1,Line,123.0,101.43,68,26,26,0,3581
T3522-35231-35238-3-w1,3581-89516-1,Line,123.0,101.41,68,26,26,0,3581
T3522-35231-35238-3-w2,3581-89516-1,Line,123.0,101.41,68,26,26,0,3581
T3522-35232-35237-2-w1,3581-89516-1,Line,123.0,106.99,75,46,26,0,3581
T3522-35232-35237-2-w1,T89510-89515-1,Transformer,125.0,105.28,47,46,26,0,3581
T3522-35232-35237-2-w1,T89515-89516-1,Transformer,125.0,105.28,47,46,26,0,3581
T3522-35232-35237-2-w1,T3464-3462-34641-1-w1,Transformer,500.0,100.17,6,46,63,0,3581
T3522-35232-35237-2-w1,T3464-3462-34641-1-w2,Transformer,500.0,100.17,6,46,63,0,3581
T3522-35232-35237-2-w2,3581-89516-1,Line,123.0,106.99,75,46,26,0,3581
T3522-35232-35237-2-w2,T89510-89515-1,Transformer,125.0,105.28,47,46,26,0,3581
T3522-35232-35237-2-w2,T89515-89516-1,Transformer,125.0,105.28,47,46,26,0,3581
T3522-35232-35237-2-w2,T3464-3462-34641-1-w1,Transformer,500.0,100.17,6,46,63,0,3581
T3522-35232-35237-2-w2,T3464-3462-34641-1-w2,Transformer,500.0,100.17,6,46,63,0,3581
T3554-3551-35541-1-w1,1122-1742-1,Line,513.0,100.32,4,85,43,2,11261
T3554-3551-35541-1-w1,3082-3122-1,Line,634.0,100.11,1,85,43,3,11261
T3554-3551-35541-1-w1,3581-89516-1,Line,123.0,100.16,4,85,26,26,11261
T3554-3551-35541-1-w1,T3464-3462-34641-1-w1,Transformer,500.0,100.4,2,85,57,0,11261
T3554-3551-35541-1-w1,T3464-3462-34641-1-w2,Transformer,500.0,100.4,2,85,57,0,11261
T3554-3551-35541-1-w2,1122-1742-1,Line,513.0,100.32,4,85,43,2,11261
T3554-3551-35541-1-w2,3082-3122-1,Line,634.0,100.11,1,85,43,3,11261
T3554-3551-35541-1-w2,3581-89516-1,Line,123.0,100.16,4,85,26,26,11261
T3554-3551-35541-1-w2,T3464-3462-34641-1-w1,Transformer,500.0,100.4,2,85,57,0,11261
T3554-3551-35541-1-w2,T3464-3462-34641-1-w2,Transformer,500.0,100.4,2,85,57,0,11261
T3852-3841-38422-2-w1,3581-89516-1,Line,123.0,100.13,5,26,26,0,3581
T3852-3841-38422-2-w2,3581-89516-1,Line,123.0,100.13,5,26,26,0,3581
T3934-3942-39402-1-w1,1122-1742-1,Line,513.0,101.79,9,105,42,9,39420
T3934-3942-39402-1-w1,3082-3122-1,Line,634.0,100.71,7,105,42,10,39420
T3934-3942-39402-1-w1,3581-89516-1,Line,123.0,101.55,120,105,26,12,39420
T3934-3942-39402-1-w1,3691-4041-1,Line,192.0,100.95,2,105,14,0,39420
T3934-3942-39402-1-w1,3944-3954-1,Line,500.0,115.89,41,105,64,0,39420
T3934-3942-39402-1-w1,T3464-3462-34641-1-w1,Transformer,500.0,142.92,79,105,69,0,39420
T3934-3942-39402-1-w1,T3464-3462-34641-1-w2,Transformer,500.0,142.92,79,105,69,0,39420
T3934-3942-39402-1-w1,T3954-3942-39421-2-w1,Transformer,500.0,115.89,41,105,64,0,39420
T3934-3942-39402-1-w2,1122-1742-1,Line,513.0,101.79,9,105,42,9,39420
T3934-3942-39402-1-w2,3082-3122-1,Line,634.0,100.71,7,105,42,10,39420
T3934-3942-39402-1-w2,3581-89516-1,Line,123.0,101.55,120,105,26,12,39420
T3934-3942-39402-1-w2,3691-4041-1,Line,192.0,100.95,2,105,14,0,39420
T3934-3942-39402-1-w2,3944-3954-1,Line,500.0,115.89,41,105,64,0,39420
T3934-3942-39402-1-w2,T3464-3462-34641-1-w1,Transformer,500.0,142.92,79,105,69,0,39420
T3934-3942-39402-1-w2,T3464-3462-34641-1-w2,Transformer,500.0,142.92,79,105,69,0,39420
T3934-3942-39402-1-w2,T3954-3942-39421-2-w1,Transformer,500.0,115.89,41,105,64,0,39420
T3940-3941-39423-1-w1,1122-1742-1,Line,513.0,100.22,8,26,3,3,3581
T3940-3941-39423-1-w1,3581-89516-1,Line,123.0,100.76,112,26,26,0,3581
T3940-3941-39423-1-w1,3691-4041-1,Line,192.0,100.67,2,26,14,0,3581
T3940-3941-39423-1-w2,1122-1742-1,Line,513.0,100.22,8,26,3,3,3581
T3940-3941-39423-1-w2,3581-89516-1,Line,123.0,100.76,112,26,26,0,3581
T3940-3941-39423-1-w2,3691-4041-1,Line,192.0,100.67,2,26,14,0,3581
T3954-3942-39421-2-w1,1122-1742-1,Line,513.0,101.34,9,105,42,9,39420
T3954-3942-39421-2-w1,3082-3122-1,Line,634.0,100.53,7,105,42,10,39420
T3954-3942-39421-2-w1,3581-89516-1,Line,123.0,101.16,119,105,26,12,39420
T3954-3942-39421-2-w1,3691-4041-1,Line,192.0,100.71,2,105,14,0,39420
T3954-3942-39421-2-w1,T3464-3462-34641-1-w1,Transformer,500.0,131.86,66,105,69,0,39420
T3954-3942-39421-2-w1,T3464-3462-34641-1-w2,Transformer,500.0,131.86,66,105,69,0,39420
T3954-3942-39421-2-w1,T3934-3942-39402-1-w1,Transformer,500.0,131.81,64,105,69,0,39420
T3954-3942-39421-2-w2,1122-1742-1,Line,513.0,101.34,9,105,42,9,39420
T3954-3942-39421-2-w2,3082-3122-1,Line,634.0,100.53,7,105,42,10,39420
T3954-3942-39421-2-w2,3581-89516-1,Line,123.0,101.16,119,105,26,12,39420
T3954-3942-39421-2-w2,3691-4041-1,Line,192.0,100.71,2,105,14,0,39420
T3954-3942-39421-2-w2,T3464-3462-34641-1-w1,Transformer,500.0,131.86,66,105,69,0,39420
T3954-3942-39421-2-w2,T3464-3462-34641-1-w2,Transformer,500.0,131.86,66,105,69,0,39420
T3954-3942-39421-2-w2,T3934-3942-39402-1-w1,Transformer,500.0,131.81,64,105,69,0,39420
T4384-4382-43821-1-w1,1122-1742-1,Line,513.0,101.13,9,106,42,10,4991
T4384-4382-43821-1-w1,3082-3122-1,Line,634.0,100.3,7,106,42,11,4991
T4384-4382-43821-1-w1,3581-89516-1,Line,123.0,111.74,131,106,28,11,4991
T4384-4382-43821-1-w1,3691-4041-1,Line,192.0,105.88,2,106,14,0,4991
T4384-4382-43821-1-w1,T89510-89515-1,Transformer,125.0,109.96,128,106,28,11,4991
T4384-4382-43821-1-w1,T89515-89516-1,Transformer,125.0,109.96,128,106,28,11,4991
T4384-4382-43821-1-w1,T3464-3462-34641-1-w1,Transformer,500.0,114.48,36,106,68,0,4991
T4384-4382-43821-1-w1,T3464-3462-34641-1-w2,Transformer,500.0,114.48,36,106,68,0,4991
T4384-4382-43821-1-w1,T3934-3942-39402-1-w1,Transformer,500.0,112.75,32,106,72,0,4991
T4384-4382-43821-1-w2,1122-1742-1,Line,513.0,101.13,9,106,42,10,4991
T4384-4382-43821-1-w2,3082-3122-1,Line,634.0,100.3,7,106,42,11,4991
T4384-4382-43821-1-w2,3581-89516-1,Line,123.0,111.74,131,106,28,11,4991
T4384-4382-43821-1-w2,3691-4041-1,Line,192.0,105.88,2,106,14,0,4991
T4384-4382-43821-1-w2,T89510-89515-1,Transformer,125.0,109.96,128,106,28,11,4991
T4384-4382-43821-1-w2,T89515-89516-1,Transformer,125.0,109.96,128,106,28,11,4991
T4384-4382-43821-1-w2,T3464-3462-34641-1-w1,Transformer,500.0,114.48,36,106,68,0,4991
T4384-4382-43821-1-w2,T3464-3462-34641-1-w2,Transformer,500.0,114.48,36,106,68,0,4991
T4384-4382-43821-1-w2,T3934-3942-39402-1-w1,Transformer,500.0,112.75,32,106,72,0,4991
T4472-4461-44623-3-w1,4471-4651-4,Line,258.0,111.82,30,157,0,0,44732
T4472-4461-44623-3-w1,T4472-4471-44624-4-w1,Transformer,250.0,115.4,50,157,0,0,44732
T4472-4461-44623-3-w2,4471-4651-4,Line,258.0,111.82,30,157,0,0,44733
T4472-4461-44623-3-w2,T4472-4471-44624-4-w1,Transformer,250.0,115.4,50,157,0,0,44733
T4472-4471-44624-4-w1,4461-4651-3,Line,254.0,113.58,38,157,0,0,44732
T4472-4471-44624-4-w1,T4472-4461-44623-3-w1,Transformer,250.0,115.4,50,157,0,0,44732
T4472-4471-44624-4-w2,4461-4651-3,Line,254.0,113.58,38,157,0,0,44733
T4472-4471-44624-4-w2,T4472-4461-44623-3-w1,Transformer,250.0,115.4,50,157,0,0,44733
T4942-4941-49422-2-w1,1122-1742-1,Line,513.0,100.11,1,26,42,9,3581
T4942-4941-49422-2-w1,3082-3122-1,Line,634.0,100.14,1,26,42,10,3581
T4942-4941-49422-2-w1,3581-89516-1,Line,123.0,100.49,105,26,26,0,3581
T4942-4941-49422-2-w1,3691-4041-1,Line,192.0,100.11,1,26,14,0,3581
T4942-4941-49422-2-w2,1122-1742-1,Line,513.0,100.11,1,26,42,9,3581
T4942-4941-49422-2-w2,3082-3122-1,Line,634.0,100.14,1,26,42,10,3581
T4942-4941-49422-2-w2,3581-89516-1,Line,123.0,100.49,105,26,26,0,3581
T4942-4941-49422-2-w2,3691-4041-1,Line,192.0,100.11,1,26,14,0,3581
T4943-4941-49421-1-w1,1122-1742-1,Line,513.0,100.11,1,26,42,9,3581
T4943-4941-49421-1-w1,3082-3122-1,Line,634.0,100.14,1,26,42,10,3581
T4943-4941-49421-1-w1,3581-89516-1,Line,123.0,100.49,105,26,26,0,3581
T4943-4941-49421-1-w1,3691-4041-1,Line,192.0,100.11,1,26,14,0,3581
T4943-4941-49421-1-w2,1122-1742-1,Line,513.0,100.11,1,26,42,9,3581
T4943-4941-49421-1-w2,3082-3122-1,Line,634.0,100.14,1,26,42,10,3581
T4943-4941-49421-1-w2,3581-89516-1,Line,123.0,100.49,105,26,26,0,3581
T4943-4941-49421-1-w2,3691-4041-1,Line,192.0,100.11,1,26,14,0,3581
T5042-5041-50421-1-w1,3581-89516-1,Line,123.0,108.51,24,45,27,0,3581
T5042-5041-50421-1-w1,3691-4041-1,Line,192.0,102.3,2,45,14,0,3581
T5042-5041-50421-1-w1,T89510-89515-1,Transformer,125.0,106.78,17,45,27,0,3581
T5042-5041-50421-1-w1,T89515-89516-1,Transformer,125.0,106.78,17,45,27,0,3581
T5042-5041-50421-1-w1,T3464-3462-34641-1-w1,Transformer,500.0,100.17,7,45,63,17,3581
T5042-5041-50421-1-w1,T3464-3462-34641-1-w2,Transformer,500.0,100.17,7,45,63,17,3581
T5042-5041-50421-1-w2,3581-89516-1,Line,123.0,108.51,24,45,27,0,3581
T5042-5041-50421-1-w2,3691-4041-1,Line,192.0,102.3,2,45,14,0,3581
T5042-5041-50421-1-w2,T89510-89515-1,Transformer,125.0,106.78,17,45,27,0,3581
T5042-5041-50421-1-w2,T89515-89516-1,Transformer,125.0,106.78,17,45,27,0,3581
T5042-5041-50421-1-w2,T3464-3462-34641-1-w1,Transformer,500.0,100.17,7,45,63,17,3581
T5042-5041-50421-1-w2,T3464-3462-34641-1-w2,Transformer,500.0,100.17,7,45,63,17,3581
T5464-5462-54621-1-w1,1122-1742-1,Line,513.0,100.55,9,61,42,0,11261
T5464-5462-54621-1-w1,3082-3122-1,Line,634.0,101.06,7,61,43,1,11261
T5464-5462-54621-1-w1,3691-4041-1,Line,192.0,100.15,2,61,14,8,11261
T5464-5462-54621-1-w2,1122-1742-1,Line,513.0,100.55,9,61,42,0,11261
T5464-5462-54621-1-w2,3082-3122-1,Line,634.0,101.06,7,61,43,1,11261
T5464-5462-54621-1-w2,3691-4041-1,Line,192.0,100.15,2,61,14,8,11261
T5464-5462-54624-4-w1,1122-1742-1,Line,513.0,100.55,9,61,42,0,11261
T5464-5462-54624-4-w1,3082-3122-1,Line,634.0,101.06,7,61,43,1,11261
T5464-5462-54624-4-w1,3691-4041-1,Line,192.0,100.15,2,61,14,8,11261
T5464-5462-54624-4-w2,1122-1742-1,Line,513.0,100.55,9,61,42,0,11261
T5464-5462-54624-4-w2,3082-3122-1,Line,634.0,101.06,7,61,43,1,11261
T5464-5462-54624-4-w2,3691-4041-1,Line,192.0,100.15,2,61,14,8,11261
T5464-54622-54623-2-w1,1122-1742-1,Line,513.0,100.69,9,61,42,0,11261
T5464-54622-54623-2-w1,3082-3122-1,Line,634.0,101.34,7,61,43,1,11261
T5464-54622-54623-2-w1,3691-4041-1,Line,192.0,100.19,2,61,14,8,11261
T5464-54622-54623-2-w2,1122-1742-1,Line,513.0,100.69,9,61,42,0,11261
T5464-54622-54623-2-w2,3082-3122-1,Line,634.0,101.34,7,61,43,1,11261
T5464-54622-54623-2-w2,3691-4041-1,Line,192.0,100.19,2,61,14,8,11261
T30820-3091-30826-3-w1,T3082-3091-30824-4-w1,Transformer,250.0,132.33,121,0,0,0,
T30820-3091-30826-3-w2,T3082-3091-30824-4-w1,Transformer,250.0,132.33,121,0,0,0,
T75510-75520-75561-1-w1,3581-89516-1,Line,123.0,102.14,26,44,26,0,3581
T75510-75520-75561-1-w1,T89510-89515-1,Transformer,125.0,100.5,1,44,26,0,3581
T75510-75520-75561-1-w1,T89515-89516-1,Transformer,125.0,100.5,1,44,26,0,3581
T75510-75520-75561-1-w2,3581-89516-1,Line,123.0,102.14,26,44,26,0,3581
T75510-75520-75561-1-w2,T89510-89515-1,Transformer,125.0,100.5,1,44,26,0,3581
T75510-75520-75561-1-w2,T89515-89516-1,Transformer,125.0,100.5,1,44,26,0,3581
T75511-75520-75562-1-w1,3581-89516-1,Line,123.0,102.47,26,44,26,0,3581
T75511-75520-75562-1-w1,T89510-89515-1,Transformer,125.0,100.83,2,44,26,0,3581
T75511-75520-75562-1-w1,T89515-89516-1,Transformer,125.0,100.83,2,44,26,0,3581
T75511-75520-75562-1-w2,3581-89516-1,Line,123.0,102.47,26,44,26,0,3581
T75511-75520-75562-1-w2,T89510-89515-1,Transformer,125.0,100.83,2,44,26,0,3581
T75511-75520-75562-1-w2,T89515-89516-1,Transformer,125.0,100.83,2,44,26,0,3581
T81510-81520-81561-1-w1,3581-89516-1,Line,123.0,100.47,96,26,26,0,3581
T81510-81520-81561-1-w2,3581-89516-1,Line,123.0,100.47,96,26,26,0,3581
T81510-81520-81562-1-w1,3581-89516-1,Line,123.0,100.47,96,26,26,0,3581
T81510-81520-81562-1-w2,3581-89516-1,Line,123.0,100.47,96,26,26,0,3581
T90011-90020-90061-1-w1,3581-89516-1,Line,123.0,100.47,119,26,26,0,3581
T90011-90020-90061-1-w2,3581-89516-1,Line,123.0,100.47,119,26,26,0,3581
T90011-90020-90062-1-w1,3581-89516-1,Line,123.0,100.47,119,26,26,0,3581
T90011-90020-90062-1-w2,3581-89516-1,Line,123.0,100.47,119,26,26,0,3581
T90012-90020-90063-1-w1,3581-89516-1,Line,123.0,100.42,119,26,26,0,3581
T90012-90020-90063-1-w2,3581-89516-1,Line,123.0,100.42,119,26,26,0,3581
T90310-90320-90361-1-w1,3581-89516-1,Line,123.0,100.79,79,26,26,0,3581
T90310-90320-90361-1-w2,3581-89516-1,Line,123.0,100.79,79,26,26,0,3581
T90310-90320-90362-1-w1,3581-89516-1,Line,123.0,100.79,79,26,26,0,3581
T90310-90320-90362-1-w2,3581-89516-1,Line,123.0,100.79,79,26,26,0,3581
T90420-90440-90461-1-w1,3082-3122-1,Line,634.0,100.12,3,71,42,8,4991
T90420-90440-90461-1-w1,3581-89516-1,Line,123.0,101.08,71,71,26,26,4991
T90420-90440-90461-1-w1,3691-4041-1,Line,192.0,100.24,2,71,14,4,4991
T90420-90440-90461-1-w2,3082-3122-1,Line,634.0,100.12,3,71,42,8,4991
T90420-90440-90461-1-w2,3581-89516-1,Line,123.0,101.08,71,71,26,26,4991
T90420-90440-90461-1-w2,3691-4041-1,Line,192.0,100.24,2,71,14,4,4991
T90420-90440-90462-1-w1,3082-3122-1,Line,634.0,100.12,3,71,42,8,4991
T90420-90440-90462-1-w1,3581-89516-1,Line,123.0,101.08,71,71,26,26,4991
T90420-90440-90462-1-w1,3691-4041-1,Line,192.0,100.24,2,71,14,4,4991
T90420-90440-90462-1-w2,3082-3122-1,Line,634.0,100.12,3,71,42,8,4991
T90420-90440-90462-1-w2,3581-89516-1,Line,123.0,101.08,71,71,26,26,4991
T90420-90440-90462-1-w2,3691-4041-1,Line,192.0,100.24,2,71,14,4,4991
T90420-90440-90463-1-w1,3082-3122-1,Line,634.0,100.12,3,71,42,8,4991
T90420-90440-90463-1-w1,3581-89516-1,Line,123.0,101.08,71,71,26,26,4991
T90420-90440-90463-1-w1,3691-4041-1,Line,192.0,100.24,2,71,14,4,4991
T90420-90440-90463-1-w2,3082-3122-1,Line,634.0,100.12,3,71,42,8,4991
T90420-90440-90463-1-w2,3581-89516-1,Line,123.0,101.08,71,71,26,26,4991
T90420-90440-90463-1-w2,3691-4041-1,Line,192.0,100.24,2,71,14,4,4991
