outage,kind,s_nom,islands_created,n_violations,worst_loading_pct,overload_MW,max_dS,mean_dS,frac_S_moved_1pct
1021-2121-1,Line,121.0,0,4,100.169505,0.766978,0.461168,0.000544,0.008384
1021-2341-1,Line,192.0,1,1,100.178095,0.2432,0.857124,0.000319,0.004485
1021-2361-1,Line,121.0,0,2,100.226647,0.661988,0.462836,0.000558,0.00854
1021-3541-1,Line,210.0,0,0,100.070676,0.276424,1.099393,0.000451,0.005265
1021-10210-1,Line,999.0,0,1,100.111502,0.572005,1.02147,0.000501,0.006441
1021-10261-1,Line,123.0,1,0,100.0,0.0,0.00533,0.000129,0.0
1031-1181-1,Line,210.0,0,5,102.286374,2.812239,1.105703,0.00042,0.0052
1031-4221-1,Line,210.0,0,5,102.286374,2.812239,1.105457,0.000447,0.005057
1041-5481-1,Line,121.0,0,0,100.00777,0.038852,1.525197,0.000327,0.004329
1042-1052-1,Line,593.0,0,0,100.000626,0.003213,0.044426,0.000198,4.5e-05
1042-1072-1,Line,593.0,0,0,100.00777,0.038852,1.523497,0.000332,0.004777
1042-3202-1,Line,468.0,0,0,100.008445,0.042225,0.084106,0.000217,0.002587
1042-4722-1,Line,513.0,0,0,100.003199,0.016411,0.064,0.000172,0.000279
1042-10422-1,Line,574.0,1,3,101.240261,1.314677,1.471764,0.000866,0.014734
1052-1062-1,Line,999.0,1,0,100.0,0.0,0.00533,0.000179,0.0
1052-2852-1,Line,573.0,0,0,100.001339,0.004374,0.102789,0.000155,0.001423
1052-3202-2,Line,468.0,0,0,100.008247,0.041233,0.075618,0.000175,0.000526
1061-10619-1,Line,123.0,1,1,100.355307,0.437028,1.034665,0.000348,0.004758
1071-2231-1,Line,123.0,1,1,100.299148,0.317097,0.514943,0.000267,0.004134
1071-2361-1,Line,91.0,0,5,100.589032,2.94516,1.032769,0.000754,0.010406
1071-4941-1,Line,119.0,0,5,101.190366,5.95183,1.151998,0.000732,0.011556
1081-32810-1,Line,45.0,1,2,100.124714,0.62357,1.029832,0.00044,0.004114
1091-2861-1,Line,181.0,0,0,100.0,0.0,0.013316,0.000177,0.00102
1091-3091-1,Line,181.0,0,0,100.0,0.0,0.007989,0.000197,0.0
1101-2161-1,Line,45.0,1,4,100.257595,1.321465,0.007995,0.000241,0.0
1121-1301-1,Line,159.0,0,4,117.305596,88.77771,1.038543,0.000467,0.005674
1121-3181-1,Line,124.0,1,4,100.371413,1.317623,0.013324,0.000158,0.002041
1121-4321-1,Line,210.0,0,3,100.333482,1.804261,1.304551,0.000499,0.006545
1121-4451-1,Line,210.0,0,0,100.0,0.0,0.007989,0.000135,0.0
1121-4451-2,Line,210.0,0,0,100.0,0.0,0.007989,0.000126,0.0
1122-1742-1,Line,513.0,0,7,182.976982,131.933402,1.46313,0.001489,0.023606
1122-3642-1,Line,513.0,0,5,104.058756,25.732515,1.153979,0.001123,0.018718
1122-11260-1,Line,513.0,1,7,104.052009,14.385056,0.953881,0.000818,0.013356
1131-2131-1,Line,136.0,1,2,100.1433,0.151898,0.996005,0.000264,0.003399
1131-11310-1,Line,210.0,1,1,100.1164,0.123384,0.996005,0.000264,0.003399
1131-31911-1,Line,210.0,1,2,100.433572,0.459586,0.572538,0.000506,0.006135
1141-1911-1,Line,140.0,1,3,100.294127,1.864765,1.029987,0.000225,0.003575
1141-3501-1,Line,210.0,0,6,101.466726,7.333632,0.680355,0.000945,0.014351
1141-4941-1,Line,190.0,0,5,101.708604,6.511493,1.375529,0.001221,0.01773
1141-11461-1,Line,123.0,1,0,100.0,0.0,0.01066,0.000165,0.00102
1151-1161-1,Line,210.0,0,4,100.137797,0.706901,1.028993,0.000539,0.006148
1151-3461-1,Line,210.0,0,2,100.137797,0.706901,1.149866,0.000609,0.007175
1161-1781-1,Line,96.0,1,4,101.405929,7.029647,1.152882,0.000634,0.006909
1161-3901-1,Line,210.0,0,2,100.57858,2.8929,0.839994,0.000437,0.005213
1161-5051-3,Line,120.0,1,2,100.27806,0.342014,0.40288,0.00026,0.00427
1161-5071-4,Line,120.0,1,2,100.27806,0.342014,0.40288,0.00026,0.00427
1161-17810-2,Line,96.0,1,0,100.0,0.0,0.013324,0.000167,0.002041
1181-1861-1,Line,210.0,0,7,104.718142,5.803314,1.075166,0.00134,0.021338
1181-2821-1,Line,210.0,0,3,103.55103,4.367766,0.817572,0.000904,0.013824
1181-4961-1,Line,210.0,0,1,100.890069,1.094785,1.094337,0.000332,0.00349
1181-4961-2,Line,210.0,0,1,100.58592,0.720682,1.106773,0.000342,0.003146
1201-2561-1,Line,136.0,0,1,129.498864,33.628706,0.007989,0.00014,0.0
1201-3781-1,Line,115.0,0,1,116.036081,18.281133,0.005326,0.000121,0.0
1211-1751-1,Line,140.0,1,2,100.271517,0.287808,1.152972,0.000315,0.004582
1211-2771-1,Line,220.0,1,2,100.939281,0.995638,1.748668,0.000848,0.011062
1211-12111-1,Line,210.0,0,0,100.0,0.0,0.502269,0.000293,0.002171
1212-1602-1,Line,792.0,0,3,105.771631,28.858153,1.300094,0.002445,0.042773
1212-3332-1,Line,794.0,0,2,106.153363,31.56675,1.461041,0.002076,0.036813
1221-1901-1,Line,123.0,0,4,100.372957,2.026426,0.275544,0.000307,0.002327
1221-3551-1,Line,123.0,0,0,100.078248,0.163486,0.67604,0.000381,0.004946
1231-1841-1,Line,68.0,1,1,100.272122,0.362499,0.496531,0.000283,0.004238
1244-3204-1,Line,1100.0,1,0,100.0,0.0,0.008005,0.000244,0.0
1251-2361-1,Line,210.0,0,3,101.731115,8.655576,0.88376,0.000706,0.009216
1251-52219-1,Line,210.0,0,3,100.52549,0.820142,1.151565,0.000821,0.01359
1261-3651-1,Line,140.0,1,0,100.0,0.0,0.013324,0.000144,0.002041
1271-1491-1,Line,210.0,0,1,100.100699,0.193342,0.227642,0.000323,0.002879
1271-2041-1,Line,210.0,0,1,100.172272,0.330763,0.4376,0.000474,0.003945
1281-2221-1,Line,68.0,1,2,100.276122,0.292689,1.153016,0.000418,0.006415
1301-17411-1,Line,159.0,0,4,115.192569,77.937877,1.038435,0.00034,0.003802
1311-3331-1,Line,220.0,1,2,100.742136,0.786665,1.152961,0.00034,0.005349
1321-13219-1,Line,159.0,1,0,100.006359,0.037007,0.007995,0.000238,0.0
1331-2041-1,Line,130.0,0,5,101.194362,2.073036,1.08457,0.000683,0.006805
1331-4001-1,Line,123.0,0,5,101.350963,2.344846,1.084975,0.000717,0.007838
1341-1701-1,Line,210.0,0,3,108.125037,9.993795,0.660195,0.000559,0.006974
1341-5191-1,Line,159.0,0,3,100.743475,0.914474,1.658864,0.000424,0.004647
1351-4081-1,Line,121.0,0,3,100.303411,1.74408,1.302231,0.000301,0.002554
1351-4201-1,Line,122.0,0,3,100.332342,1.933388,1.302098,0.00035,0.003575
1361-2001-1,Line,217.0,0,5,101.636368,8.181839,1.263489,0.001121,0.018127
1361-2161-1,Line,210.0,0,5,101.833452,9.16726,1.443071,0.001173,0.018803
1371-1451-1,Line,192.0,0,0,100.0,0.0,0.007989,0.000115,0.0
1371-5111-1,Line,192.0,0,0,100.0,0.0,0.013316,0.000198,0.002041
1381-4721-1,Line,92.0,1,5,100.711321,3.556606,1.02987,0.000428,0.003081
1392-3842-1,Line,420.0,0,9,109.310653,46.553266,1.151401,0.001647,0.025491
1392-4943-1,Line,420.0,0,9,109.310653,46.553266,1.151374,0.001415,0.022741
1401-1661-1,Line,217.0,0,7,130.384188,58.337641,1.125673,0.001277,0.019531
1401-3691-1,Line,192.0,0,7,102.586285,6.659862,1.041557,0.001135,0.017379
1401-14010-1,Line,999.0,1,3,100.981163,2.510095,1.665335,0.000799,0.010243
1411-3081-1,Line,136.0,0,0,100.0,0.0,0.005326,0.000107,0.0
1411-3081-2,Line,136.0,0,0,100.0,0.0,0.005326,0.000107,0.0
1421-4651-1,Line,151.0,1,0,100.015116,0.087975,0.40472,0.000376,0.000981
1431-2651-1,Line,210.0,0,4,101.011979,5.191451,1.729425,0.000527,0.007897
1431-3261-1,Line,210.0,0,4,100.701085,4.444878,1.728093,0.000465,0.006571
1441-1501-1,Line,91.0,1,0,100.083196,0.415978,0.007995,0.000243,0.0
1441-2225-1,Line,210.0,0,2,100.34606,1.730301,1.566593,0.000486,0.005258
1441-14461-1,Line,123.0,1,0,100.0,0.0,0.013324,0.000235,0.002041
1441-15010-2,Line,91.0,1,0,100.0,0.0,0.00533,0.000194,0.0
1441-47210-1,Line,192.0,0,2,100.152679,0.763397,0.983943,0.000352,0.003438
1451-2041-1,Line,221.0,0,0,100.0,0.0,0.007989,0.000208,0.0
1461-14619-1,Line,159.0,1,3,100.552948,2.764741,1.029875,0.000414,0.002964
1471-1810-1,Line,229.0,0,0,100.0,0.0,0.010652,0.000147,0.00102
1471-1810-2,Line,229.0,0,0,100.0,0.0,0.010652,0.000147,0.00102
1471-3921-1,Line,420.0,0,0,100.0,0.0,0.007989,0.000162,0.0
1471-4101-1,Line,132.0,0,0,100.0,0.0,0.007989,0.000133,0.0
1472-2562-1,Line,457.0,0,2,141.643343,228.205521,1.067467,0.00035,0.004485
1472-5022-1,Line,570.0,0,1,103.716501,20.366427,0.862483,0.000239,0.002424
1472-14720-1,Line,593.0,1,11,104.327536,14.200949,1.461501,0.000639,0.011406
1474-5464-1,Line,1473.0,0,3,101.071019,6.790259,0.540275,0.000415,0.003867
1481-2001-1,Line,192.0,0,3,100.622136,1.250493,1.65525,0.00029,0.002353
1481-3401-1,Line,216.0,0,2,100.135231,0.676153,0.656581,0.000261,0.003438
1491-2181-1,Line,210.0,0,1,100.100699,0.193342,0.22631,0.000405,0.003555
1511-52610-1,Line,181.0,1,2,100.505569,0.535903,1.001217,0.000291,0.003425
1521-2401-1,Line,124.0,1,6,100.462333,2.311664,1.029904,0.000387,0.005986
1522-2042-1,Line,513.0,0,3,100.269347,1.707658,0.251582,0.000285,0.003295
1522-5462-1,Line,513.0,0,3,100.701699,4.448773,0.248919,0.000318,0.003373
1522-15220-1,Line,635.0,0,0,100.0,0.0,0.007989,0.000164,0.0
1522-15220-2,Line,635.0,0,0,100.0,0.0,0.007989,0.000164,0.0
1531-3801-1,Line,121.0,0,0,100.011862,0.05931,1.733204,0.000241,0.00273
1531-5481-1,Line,121.0,0,0,100.011862,0.05931,1.731872,0.000211,0.00076
1541-4321-1,Line,210.0,0,3,100.333482,1.804261,1.305477,0.000421,0.004582
1541-5291-1,Line,210.0,0,3,100.368799,1.843997,1.084659,0.00042,0.003887
1551-16011-1,Line,210.0,1,2,100.849998,0.900998,1.153007,0.000577,0.008436
1561-2861-1,Line,140.0,0,0,100.0,0.0,0.007989,0.000145,0.0
1561-2861-2,Line,140.0,0,0,100.0,0.0,0.007989,0.000131,0.0
1571-5191-1,Line,91.0,1,3,103.082575,3.791567,0.521273,0.000269,0.003893
1581-4491-1,Line,133.0,0,1,111.196881,12.764444,0.013316,0.000165,0.002041
1581-5521-1,Line,115.0,0,1,102.171384,2.475378,0.007989,0.000141,0.0
1591-3381-1,Line,210.0,0,3,100.959612,1.269119,1.030069,0.000747,0.011049
1591-4001-1,Line,210.0,0,3,100.959612,1.269119,1.030086,0.000792,0.011946
1601-1611-1,Line,190.0,0,2,100.696548,3.573292,0.618862,0.000647,0.009424
1601-2225-1,Line,210.0,0,0,100.031124,0.159668,0.216389,0.000207,0.001196
1601-3881-2,Line,191.0,0,0,100.026883,0.134417,0.950896,0.000256,0.001033
1601-16011-1,Line,210.0,0,0,100.03271,0.167801,0.436579,0.000226,0.000851
1602-3202-1,Line,751.0,0,3,103.421791,17.108953,1.154028,0.001015,0.019251
1611-3301-1,Line,210.0,0,2,100.696548,3.573292,0.619325,0.000646,0.008839
1621-3061-1,Line,217.0,0,2,100.401362,2.006811,1.15398,0.000648,0.008014
1621-3221-1,Line,201.0,0,2,100.351914,1.759572,1.154024,0.000426,0.006629
1631-2671-1,Line,210.0,1,6,101.046161,2.008629,1.130595,0.000421,0.005349
1631-5041-1,Line,210.0,0,2,100.981163,1.20683,0.610202,0.000601,0.009281
1631-10619-1,Line,210.0,0,4,105.307956,6.528786,1.040637,0.000806,0.009463
1641-1821-1,Line,210.0,0,5,100.572717,2.863585,1.130374,0.000811,0.010139
1641-2361-1,Line,210.0,0,5,101.565983,7.829913,1.002987,0.001209,0.018517
1641-2781-1,Line,210.0,0,0,100.0,0.0,0.09718,0.000207,0.002197
1641-2781-2,Line,210.0,0,0,100.0,0.0,0.127767,0.000214,0.002197
1641-2781-3,Line,210.0,0,0,100.0,0.0,0.127767,0.000214,0.002197
1641-4951-1,Line,105.0,0,1,138.670634,40.990872,0.181574,0.000167,0.000156
1641-16410-1,Line,124.0,1,1,100.232565,0.246519,0.013324,0.000154,0.002041
1641-16411-1,Line,123.0,0,1,100.745509,1.431378,1.033861,0.000361,0.003048
1641-16461-1,Line,123.0,1,0,100.0,0.0,0.00533,0.000122,0.0
1641-22811-1,Line,210.0,0,4,104.580702,8.794948,1.48019,0.000509,0.005024
1641-50019-1,Line,121.0,0,3,100.943084,1.810721,0.303141,0.000564,0.008956
1642-2522-1,Line,436.0,0,6,113.379383,25.688416,1.152705,0.00296,0.044722
1642-4522-1,Line,468.0,0,6,108.263463,41.317313,1.130069,0.001329,0.025406
1642-5172-1,Line,792.0,0,8,104.861916,24.309579,0.23658,0.000887,0.012544
1651-5261-1,Line,121.0,0,1,100.10671,0.547422,1.647573,0.00042,0.005083
1651-5281-1,Line,123.0,0,0,100.020139,0.103316,0.669222,0.000311,0.003451
1661-1821-1,Line,210.0,0,2,109.868057,18.94667,0.834023,0.000533,0.004823
1661-1951-1,Line,121.0,1,2,102.820279,5.414936,0.007995,0.000238,0.0
1661-2281-1,Line,210.0,0,4,102.648627,5.085363,1.508052,0.000548,0.006155
1661-16661-1,Line,123.0,1,0,100.0,0.0,0.007995,0.000146,0.0
1661-16662-1,Line,881.0,1,0,100.0,0.0,0.00533,0.000127,0.0
1671-1941-1,Line,140.0,1,6,100.511837,2.559184,1.029905,0.000349,0.005343
1681-3881-1,Line,210.0,0,2,100.367393,1.836963,1.157892,0.000406,0.004881
1681-32210-1,Line,210.0,0,2,100.367393,1.836963,1.157989,0.000401,0.006922
1691-5131-1,Line,116.0,1,1,100.559452,3.546929,0.007995,0.000242,0.0
1691-51319-1,Line,100.0,1,1,101.280172,8.116289,0.008,0.000262,0.0
1701-1761-1,Line,68.0,1,6,100.167048,0.73316,1.034559,0.00027,0.003048
1701-1981-1,Line,210.0,0,5,115.517701,19.086772,0.656569,0.000723,0.009951
1701-5041-1,Line,191.0,0,5,106.7447,8.295981,0.571933,0.000755,0.009314
1701-17010-1,Line,999.0,0,1,100.576502,0.709098,1.064889,0.000315,0.001573
1701-17061-1,Line,123.0,1,0,100.0,0.0,0.007995,0.000168,0.0
1701-28712-2,Line,210.0,0,1,100.926187,1.13921,1.232012,0.000367,0.003211
1711-3421-2,Line,114.0,1,0,100.0,0.0,0.00533,0.000147,0.0
1721-2161-1,Line,210.0,0,5,102.433691,12.168456,1.444705,0.001329,0.019674
1721-2391-1,Line,210.0,0,4,101.007063,2.962722,1.272934,0.001156,0.01424
1721-5381-1,Line,210.0,0,4,101.242813,6.214066,1.596726,0.001189,0.020181
1721-14619-1,Line,210.0,0,2,100.354711,1.773557,0.297104,0.000502,0.007929
1721-17261-1,Line,123.0,1,0,100.0,0.0,0.013324,0.000227,0.002041
1731-3421-1,Line,114.0,1,0,100.0,0.0,0.00533,0.000174,0.0
1741-1851-1,Line,123.0,1,1,101.651212,10.468687,0.007995,0.000239,0.0
1741-4511-1,Line,127.0,1,1,101.185112,7.513613,0.007995,0.000239,0.0
1741-51319-1,Line,159.0,1,1,101.281883,8.127139,0.008005,0.000281,0.0
1742-2202-1,Line,513.0,0,4,113.871053,87.942477,0.155604,0.000443,0.005304
1742-3122-1,Line,593.0,0,5,120.657216,72.300254,1.461816,0.000614,0.008878
1742-17420-1,Line,570.0,0,1,130.105263,171.6,0.499334,0.000107,6e-06
1742-17420-2,Line,570.0,0,1,130.105263,171.6,0.499334,0.000107,6e-06
1742-17462-1,Line,513.0,1,0,100.0,0.0,0.007995,0.000182,0.0
1791-4201-1,Line,159.0,0,5,100.766612,4.860321,0.711023,0.000372,0.004296
1791-4481-1,Line,210.0,0,5,100.766612,4.860321,0.71049,0.000415,0.003263
1801-4111-1,Line,133.0,0,0,100.0,0.0,0.005326,0.000137,0.0
1801-17411-1,Line,138.0,0,0,100.0,0.0,0.013316,0.000159,0.00102
1811-3431-1,Line,223.0,0,0,100.0,0.0,0.013316,0.000142,0.002041
1811-3471-1,Line,169.0,0,0,100.0,0.0,0.013316,0.000217,0.002041
1821-35011-1,Line,122.0,0,6,106.430455,12.346474,1.029672,0.000619,0.007461
1831-2091-1,Line,159.0,1,5,115.588434,16.52374,1.029874,0.000368,0.00208
1841-2351-1,Line,210.0,0,2,100.623714,3.199651,0.804215,0.000434,0.004134
1841-5291-1,Line,210.0,0,3,100.250423,1.252117,1.307329,0.000431,0.004927
1841-5501-1,Line,210.0,0,4,101.36907,8.415074,0.58274,0.000502,0.006265
1861-2521-1,Line,121.0,0,1,117.860317,21.610983,0.197789,0.000239,0.000578
1861-2521-2,Line,121.0,0,1,117.62426,21.325355,0.202587,0.000221,0.001599
1861-10619-1,Line,210.0,0,4,105.889439,7.244009,1.408678,0.000811,0.010588
1871-2581-1,Line,142.0,0,0,100.0,0.0,0.007989,0.000193,0.0
1871-20411-1,Line,143.0,0,0,100.0,0.0,0.005326,0.000117,0.0
1881-2881-1,Line,121.0,1,0,100.07171,0.232748,0.836966,0.000378,0.002496
1881-3281-1,Line,159.0,0,3,100.535796,2.748635,1.028825,0.0008,0.009977
1881-4021-1,Line,210.0,0,5,100.195748,1.00419,1.028957,0.000722,0.008709
1881-18810-1,Line,140.0,1,2,100.284584,0.301659,1.153708,0.00025,0.00362
1901-3341-1,Line,123.0,0,0,100.037057,0.191558,0.331143,0.000144,0.000169
1901-3341-2,Line,123.0,0,0,100.039062,0.201917,0.339668,0.000133,0.000182
1901-50619-1,Line,68.0,1,2,100.248795,1.358418,0.008005,0.000271,0.0
1921-1961-1,Line,121.0,0,0,100.010556,0.05278,0.77881,0.000234,0.000845
1921-4341-1,Line,33.0,1,0,100.005757,0.028784,0.007995,0.000244,0.0
1921-4351-2,Line,42.0,1,0,100.0,0.0,0.00533,0.000176,0.0
1921-4721-1,Line,121.0,0,0,100.01961,0.098048,0.161428,0.000233,0.003087
1921-5481-1,Line,121.0,0,0,100.005252,0.026945,0.807995,0.000266,0.002756
1931-4371-1,Line,210.0,0,3,100.417249,1.921789,1.576402,0.000875,0.011848
1931-4981-1,Line,210.0,0,4,100.417249,1.935931,1.57507,0.000953,0.012069
1941-2401-1,Line,159.0,0,3,100.441383,0.698654,1.03337,0.000759,0.0088
1941-4201-1,Line,210.0,0,5,100.310797,1.460105,1.072604,0.000524,0.005908
1941-4391-1,Line,210.0,0,2,100.472973,2.998652,1.030064,0.000589,0.007897
1961-3201-1,Line,121.0,0,0,100.013268,0.068063,1.470934,0.000285,0.002379
1971-2731-1,Line,91.0,1,2,100.15607,0.165435,0.997337,0.000288,0.003633
1971-16110-1,Line,190.0,1,2,100.563941,0.597778,1.498668,0.000538,0.006993
1981-2821-1,Line,210.0,0,3,105.090697,6.261557,1.097204,0.000816,0.014565
1981-79016-1,Line,121.0,0,5,112.799554,15.743452,0.293679,0.000842,0.014052
1991-3641-1,Line,91.0,1,2,100.269086,0.373279,1.175683,0.000329,0.005401
2001-4791-1,Line,210.0,0,4,101.859463,9.297315,1.328277,0.000759,0.010588
2001-5441-1,Line,201.0,0,3,109.596757,11.612076,1.215183,0.000323,0.002665
2002-2742-1,Line,793.0,0,7,139.066745,78.524158,1.320423,0.001386,0.023131
2002-3203-1,Line,765.0,0,7,114.072546,63.327802,1.140439,0.001704,0.029618
2011-2261-1,Line,228.0,1,5,100.765169,4.263423,1.029901,0.000261,0.004049
2021-2591-1,Line,132.0,1,0,100.018372,0.106928,0.404571,0.000396,0.000981
2021-3091-1,Line,134.0,1,0,100.021657,0.126044,1.034369,0.000556,0.002788
2041-2791-1,Line,210.0,0,0,100.092963,0.168383,0.342884,0.000347,0.003256
2041-4621-1,Line,171.0,0,0,100.065442,0.255489,0.137397,0.000439,0.004569
2041-20411-1,Line,476.0,0,0,100.0,0.0,0.007222,0.000215,0.0
2042-2052-1,Line,999.0,0,0,100.015734,0.099751,0.116838,0.000264,0.003412
2042-2072-1,Line,730.0,0,0,100.0,0.0,0.013316,0.000221,0.002041
2042-2072-2,Line,730.0,0,0,100.0,0.0,0.005326,0.000104,0.0
2042-2562-1,Line,513.0,0,0,100.006668,0.034205,0.109105,0.000172,0.000942
2042-4012-1,Line,593.0,0,0,100.006685,0.034292,0.281542,0.000227,0.003945
2052-2563-2,Line,513.0,0,0,100.008334,0.042752,0.779884,0.000318,0.003861
2052-5462-2,Line,513.0,0,3,100.618482,3.921179,0.667948,0.000394,0.002899
2061-47210-1,Line,124.0,1,0,100.092954,0.114333,0.013324,0.000161,0.002041
2090-2111-1,Line,220.0,1,3,123.391478,24.794967,1.13072,0.000752,0.010841
2090-2781-1,Line,185.0,1,3,123.422709,24.828071,1.130709,0.000761,0.010815
2091-2171-1,Line,190.0,1,0,100.074163,0.380456,0.993342,0.000251,0.003529
2091-2331-1,Line,228.0,1,0,100.09073,0.465444,0.993342,0.000251,0.003529
2091-4951-1,Line,220.0,1,3,100.324287,1.66359,1.626304,0.001007,0.015001
2091-20900-1,Line,140.0,1,2,100.209465,1.074555,0.993342,0.000677,0.009333
2101-4061-1,Line,121.0,0,1,100.111237,0.136822,1.142828,0.00026,0.001202
2101-35211-1,Line,121.0,0,0,100.02167,0.041607,0.543781,0.000182,0.000669
2121-21210-1,Line,121.0,0,2,100.259746,0.345058,1.015879,0.00044,0.003653
2121-21261-1,Line,123.0,1,0,100.0,0.0,0.007995,0.000211,0.0
2141-4791-1,Line,210.0,0,4,101.677679,8.388395,1.029848,0.000743,0.008007
2141-6931-1,Line,210.0,0,5,102.316302,11.581512,1.554181,0.000955,0.013174
2151-3461-1,Line,210.0,0,1,100.105835,0.542935,0.980326,0.000378,0.004699
2151-5281-1,Line,210.0,0,0,100.057035,0.292587,0.656548,0.000339,0.004095
2161-21661-1,Line,123.0,1,0,100.0,0.0,0.007995,0.000157,0.0
2181-2841-1,Line,121.0,0,0,100.017135,0.041912,0.490006,0.000265,0.002671
2181-3521-1,Line,121.0,0,0,100.080152,0.462657,1.152155,0.000479,0.00557
2181-4691-1,Line,210.0,0,0,100.028515,0.054748,0.541675,0.000369,0.004985
2191-4691-1,Line,228.0,1,0,100.003215,0.01871,0.007995,0.000239,0.0
2202-3342-1,Line,468.0,0,7,114.324635,73.485378,1.476121,0.001262,0.019011
2202-3842-1,Line,513.0,0,2,103.928703,24.907976,1.029914,0.000408,0.004758
2202-3852-2,Line,513.0,0,3,105.978281,37.902303,1.029829,0.0004,0.003614
2202-5202-1,Line,351.0,0,3,105.726749,36.307589,0.680702,0.00031,0.003211
2204-5464-1,Line,1473.0,0,8,108.184822,51.891772,1.034732,0.002079,0.035526
2204-22044-1,Line,1847.0,0,9,137.400268,372.880677,1.152527,0.002851,0.041817
2211-2641-1,Line,140.0,1,2,100.174708,0.214891,1.175296,0.000253,0.00388
2211-5501-1,Line,140.0,1,2,100.497689,0.612158,1.175693,0.000302,0.004485
2221-2225-1,Line,999.0,0,2,100.12999,0.649951,1.409573,0.000312,0.002236
2221-3881-1,Line,217.0,0,0,100.037889,0.194371,0.4149,0.000345,0.003328
2221-3891-1,Line,217.0,1,2,100.341407,0.361891,1.153016,0.000418,0.006415
2221-22261-1,Line,123.0,1,0,100.0,0.0,0.007995,0.000203,0.0
2241-22419-1,Line,123.0,1,0,100.052469,0.127778,0.72585,0.000308,0.001482
2251-2571-1,Line,136.0,0,0,100.0,0.0,0.007989,0.000138,0.0
2251-3421-1,Line,151.0,0,0,100.0,0.0,0.013316,0.000143,0.00102
2261-3311-1,Line,228.0,1,6,100.647989,3.239946,1.029901,0.000389,0.006493
2261-3381-1,Line,159.0,0,1,100.138864,0.286805,1.289628,0.000773,0.01179
2261-22612-1,Line,380.0,0,3,100.961833,1.183054,1.075785,0.000849,0.011348
2271-4941-1,Line,140.0,1,0,100.093201,0.098794,0.013324,0.000153,0.002041
2281-22811-1,Line,999.0,0,4,109.794423,18.805292,1.510715,0.000563,0.008404
2281-22861-1,Line,123.0,1,0,100.0,0.0,0.013324,0.000195,0.002041
2301-23019-1,Line,57.0,1,0,100.021558,0.026517,0.007995,0.000241,0.0
2312-4662-1,Line,794.0,0,0,100.0,0.0,0.010652,0.000126,0.00102
2312-4662-2,Line,794.0,0,0,100.0,0.0,0.010652,0.000126,0.00102
2321-3581-1,Line,123.0,0,3,107.281237,8.810297,1.784901,0.000433,0.006532
2321-4071-1,Line,121.0,1,5,100.299106,1.495528,1.034528,0.000384,0.004927
2321-28710-1,Line,123.0,0,3,107.281237,8.810297,1.787565,0.000462,0.006837
2351-3641-1,Line,210.0,0,2,100.623714,3.199651,0.804875,0.000469,0.004173
2361-21210-1,Line,121.0,0,1,100.219891,0.345058,1.015727,0.000388,0.003711
2361-23610-1,Line,220.0,1,1,100.363983,0.385822,0.856887,0.000442,0.00648
2391-5301-1,Line,210.0,0,4,101.007063,4.155633,1.153543,0.001058,0.013473
2401-5321-1,Line,159.0,0,3,100.272464,1.605116,1.21872,0.000497,0.005875
2421-3471-1,Line,184.0,0,0,100.0,0.0,0.007989,0.000126,0.0
2421-3471-2,Line,184.0,0,0,100.0,0.0,0.007989,0.000126,0.0
2441-2791-1,Line,190.0,0,0,100.087699,0.168383,0.343289,0.000341,0.003087
2441-4501-1,Line,190.0,0,1,100.423569,0.813252,1.03454,0.000682,0.007409
2481-24819-1,Line,123.0,1,1,104.261907,27.020491,0.404725,0.000375,0.000981
2491-17411-1,Line,123.0,1,0,100.0,0.0,0.013324,0.000154,0.002041
2521-2681-1,Line,68.0,1,1,100.565303,0.695323,0.007995,0.000236,0.0
2521-4981-1,Line,121.0,0,4,102.140601,2.63294,0.083492,0.000343,0.004543
2521-5341-1,Line,210.0,0,3,101.719575,2.115077,1.042192,0.000827,0.011056
2521-66094-1,Line,210.0,0,7,104.275084,8.208162,1.125312,0.001498,0.023846
2522-3522-1,Line,475.0,0,8,116.63978,20.466929,1.300285,0.00121,0.017496
2522-5042-1,Line,513.0,0,6,108.511352,10.468963,1.130034,0.00076,0.012063
2541-2941-1,Line,114.0,0,0,100.0,0.0,0.005326,0.000171,0.0
2541-5231-1,Line,136.0,0,0,100.0,0.0,0.007989,0.00013,0.0
2551-2951-1,Line,133.0,0,0,100.0,0.0,0.010652,0.00022,0.00102
2551-3081-1,Line,114.0,0,0,100.0,0.0,0.013316,0.000211,0.002041
2561-3781-1,Line,114.0,0,0,100.0,0.0,0.005326,0.000181,0.0
2561-4491-1,Line,116.0,0,1,120.885302,23.809244,0.013316,0.000226,0.00102
2561-25610-1,Line,2364.0,1,6,100.396905,1.15601,0.013324,0.000158,0.002041
2561-25674-1,Line,2364.0,1,0,100.0,0.0,0.007995,0.000163,0.0
2562-2563-1,Line,999.0,0,0,100.017435,0.110539,0.370493,0.000206,0.001813
2562-4012-1,Line,593.0,0,1,100.104484,0.662426,0.285537,0.000239,0.002996
2563-4242-1,Line,548.0,0,1,169.311483,316.753478,1.022461,0.000369,0.004907
2571-2701-1,Line,122.0,0,0,100.0,0.0,0.765909,0.000176,1.3e-05
2571-2761-1,Line,125.0,0,0,100.0,0.0,0.007989,0.000121,0.0
2571-4401-1,Line,116.0,0,0,100.0,0.0,0.010652,0.000157,0.00102
2571-5031-1,Line,123.0,0,0,100.0,0.0,0.234091,0.000169,1.3e-05
2581-3761-1,Line,121.0,0,0,100.0,0.0,0.007989,0.000136,0.0
2591-18010-1,Line,132.0,1,0,100.014683,0.085456,0.404718,0.000376,0.000981
2601-4041-1,Line,210.0,0,5,102.575772,3.168199,0.579065,0.000627,0.007825
2601-4371-1,Line,210.0,0,3,100.682779,1.921789,1.577733,0.000663,0.009762
2651-3551-1,Line,210.0,0,4,101.936296,9.933201,0.730756,0.000571,0.007182
2661-2671-1,Line,140.0,1,1,100.371712,0.713688,0.013324,0.000159,0.002041
2691-2841-1,Line,210.0,0,0,100.028261,0.05426,0.14385,0.000244,0.001248
2691-4501-1,Line,210.0,0,0,100.01646,0.038617,0.145182,0.000214,0.001163
2701-5031-1,Line,157.0,0,0,100.0,0.0,0.232759,0.000218,0.002054
2712-5142-1,Line,794.0,0,0,100.014106,0.057847,0.027185,0.000165,0.001378
2712-34620-1,Line,842.0,0,1,165.932227,338.232323,0.368076,0.000244,0.001813
2721-27219-1,Line,123.0,1,0,100.012164,0.070793,1.034379,0.000585,0.004426
2741-3441-1,Line,210.0,0,4,103.203082,16.431813,0.21217,0.000476,0.00711
2741-5441-1,Line,210.0,0,2,100.236145,1.180725,0.20483,0.000254,0.00325
2741-5441-2,Line,210.0,0,2,100.199731,0.998653,0.190978,0.000198,0.000975
2741-5451-1,Line,210.0,0,4,101.292556,6.630815,1.305591,0.000621,0.009658
2742-3342-1,Line,794.0,0,7,117.762231,91.120244,0.79812,0.001065,0.015859
2742-3642-1,Line,513.0,0,5,105.186657,32.883408,1.08225,0.001032,0.017847
2742-3662-1,Line,593.0,1,6,120.402205,104.663309,1.461652,0.002056,0.027343
2742-27460-1,Line,570.0,1,0,100.0,0.0,0.007995,0.000168,0.0
2761-3421-1,Line,119.0,0,0,100.0,0.0,0.013316,0.000203,0.00102
2771-16110-1,Line,120.0,1,2,100.564695,0.598577,1.15304,0.000547,0.006993
2781-4951-1,Line,106.0,0,1,139.991307,41.990872,0.810436,0.000254,0.002197
2801-2871-1,Line,123.0,1,5,118.183417,22.365603,1.01934,0.000487,0.003952
2821-28261-1,Line,123.0,1,0,100.0,0.0,0.013324,0.000156,0.002041
2841-3821-1,Line,121.0,0,0,100.053398,0.183381,0.418646,0.000269,0.003399
2841-4221-1,Line,121.0,0,0,100.009355,0.017961,0.01876,0.000164,0.001072
2841-4221-2,Line,210.0,0,0,100.008183,0.015712,0.01641,0.000123,5.2e-05
2841-4221-3,Line,121.0,0,0,100.010768,0.020675,0.019689,0.00014,0.002093
2841-28411-1,Line,223.0,1,0,100.0,0.0,0.013324,0.000199,0.002041
2842-3522-1,Line,476.0,0,2,100.94217,1.158869,0.397015,0.000921,0.014227
2842-3852-1,Line,436.0,0,4,101.00059,1.921132,0.271548,0.001153,0.024425
2852-4722-1,Line,627.0,0,0,100.007558,0.038773,0.261853,0.000203,0.000897
2861-3091-1,Line,115.0,0,0,100.0,0.0,0.007989,0.000197,0.0
2861-3091-2,Line,115.0,0,0,100.0,0.0,0.007989,0.000197,0.0
2861-4281-1,Line,131.0,0,0,100.0,0.0,0.013316,0.00015,0.002041
2861-4281-2,Line,131.0,0,0,100.0,0.0,0.013316,0.000207,0.002041
2861-5331-1,Line,223.0,0,0,100.0,0.0,0.013316,0.000207,0.002041
2870-2871-1,Line,1867.0,0,7,140.672954,50.027734,1.17153,0.00044,0.003718
2870-4091-1,Line,136.0,1,6,100.477762,2.008564,1.580177,0.000684,0.008534
2870-17010-1,Line,209.0,0,1,100.918691,1.129991,0.407722,0.000349,0.00325
2870-28712-1,Line,999.0,0,1,100.226583,0.278698,0.301587,0.000158,0.000175
2871-28019-1,Line,217.0,0,4,110.247147,12.60399,1.169369,0.000352,0.003737
2892-3462-1,Line,570.0,1,0,100.0,0.0,0.007995,0.000149,0.0
2921-3381-1,Line,210.0,0,4,100.522711,0.689677,1.468801,0.000633,0.007234
2921-4121-1,Line,210.0,0,5,100.522711,0.689677,1.470133,0.000646,0.007156
2931-4741-1,Line,210.0,0,1,100.38656,0.475468,1.031109,0.000588,0.005862
2931-23019-1,Line,210.0,0,5,100.730317,1.015365,1.51522,0.000803,0.009665
2941-4651-1,Line,114.0,0,0,100.0,0.0,0.007989,0.000189,0.0
2951-3081-1,Line,133.0,0,0,100.0,0.0,0.007989,0.000101,0.0
2962-4012-1,Line,593.0,1,11,103.875397,24.570019,1.997335,0.000673,0.012394
2972-4012-1,Line,593.0,1,0,100.0,0.0,0.013324,0.000219,0.002041
3061-3881-1,Line,217.0,0,2,100.401362,2.006811,1.153936,0.000621,0.007936
3081-3871-1,Line,134.0,1,0,100.016869,0.098176,0.404718,0.000374,0.000981
3082-3122-1,Line,634.0,0,5,147.805854,167.320491,1.461775,0.000902,0.013948
3082-3472-2,Line,692.0,0,1,123.332629,127.862808,0.191092,0.00024,0.001865
3082-30820-1,Line,802.0,0,2,100.141198,0.705991,0.218699,0.000341,0.002853
3091-5331-1,Line,223.0,0,0,100.0,0.0,0.007989,0.000157,0.0
3101-31019-1,Line,91.0,1,1,100.102922,0.527988,0.56453,0.000327,0.001657
3111-3201-1,Line,124.0,1,0,100.084351,0.098434,0.013324,0.00016,0.002041
3122-5122-1,Line,593.0,1,0,100.0,0.0,0.013333,0.000225,0.002041
3190-3461-1,Line,159.0,0,1,100.109098,0.55967,0.651568,0.000325,0.001703
3190-5261-2,Line,121.0,0,1,100.109098,0.55967,0.650236,0.00037,0.003698
3191-31911-1,Line,1867.0,0,0,100.0,0.0,0.500275,0.000225,0.00013
3191-52610-1,Line,210.0,1,2,100.739354,0.783716,0.996553,0.000437,0.005706
3192-3332-1,Line,792.0,0,3,110.479149,53.758033,1.46069,0.0026,0.043884
3192-3462-1,Line,762.0,0,3,105.71319,37.707054,0.243508,0.000286,0.003113
3192-3462-2,Line,660.0,0,2,101.155463,5.927524,0.502797,0.000432,0.002678
3192-31920-1,Line,794.0,1,0,100.0,0.0,0.007995,0.000129,0.0
3201-3209-1,Line,999.0,0,0,100.015206,0.078009,0.15862,0.000338,0.004335
3201-3221-1,Line,210.0,0,0,100.054603,0.280114,0.293695,0.000345,0.003055
3201-14619-1,Line,210.0,0,2,100.398258,1.991292,1.294441,0.000709,0.009262
3202-3203-1,Line,999.0,0,5,101.840227,9.201136,1.15274,0.000644,0.009736
3202-3282-1,Line,564.0,0,3,104.442204,22.788506,0.835883,0.001249,0.019836
3202-32060-1,Line,570.0,1,5,102.197028,2.328849,1.313193,0.00084,0.014929
3203-4722-1,Line,436.0,0,0,100.017246,0.086231,0.174952,0.000302,0.003425
3209-3531-1,Line,123.0,0,0,100.012706,0.063531,0.735867,0.000305,0.001664
3209-6931-1,Line,210.0,0,4,101.640185,8.200927,1.551518,0.000753,0.009106
3209-32210-2,Line,121.0,0,0,100.068727,0.343637,0.103491,0.000307,0.002476
3221-3961-2,Line,130.0,0,0,100.001622,0.002078,0.77616,0.000287,0.001605
3231-3471-1,Line,223.0,0,0,100.0,0.0,0.013316,0.000188,0.002041
3231-3651-1,Line,223.0,0,0,100.0,0.0,0.013316,0.000232,0.002041
3241-3841-1,Line,159.0,0,0,100.033573,0.105962,1.02996,0.000288,0.002307
3241-4081-1,Line,159.0,0,2,100.187267,0.981913,0.146953,0.000241,0.002918
3241-32461-1,Line,123.0,1,0,100.0,0.0,0.00533,0.000179,0.0
3251-5281-1,Line,141.0,1,2,100.418085,0.443171,1.300829,0.000367,0.00607
3261-3341-1,Line,121.0,0,3,100.345507,1.77245,1.523081,0.000281,0.002528
3261-3441-1,Line,210.0,0,4,103.807591,19.53294,1.3018,0.000631,0.006382
3261-32661-1,Line,123.0,1,0,100.0,0.0,0.007995,0.000183,0.0
3271-3471-1,Line,223.0,0,0,100.0,0.0,0.007989,0.000124,0.0
3271-3681-1,Line,223.0,0,0,100.0,0.0,0.007989,0.000118,0.0
3281-3541-1,Line,121.0,0,0,100.055942,0.286981,0.908243,0.000271,0.003412
3281-3631-1,Line,159.0,1,2,100.396424,0.420209,0.836702,0.000565,0.009275
3281-5091-1,Line,210.0,0,1,100.146648,0.752302,1.021623,0.000426,0.004283
3281-32810-1,Line,999.0,0,0,100.058872,0.302011,0.563868,0.000381,0.005739
3282-4942-1,Line,354.0,0,7,107.365541,36.827705,1.461155,0.001375,0.024249
3282-34620-1,Line,513.0,0,3,100.726829,3.728633,0.550881,0.000892,0.013746
3301-43619-1,Line,210.0,0,2,100.372023,1.90848,1.154679,0.000768,0.010295
3321-4221-1,Line,123.0,1,0,100.005095,0.029651,0.007995,0.000238,0.0
3330-3331-1,Line,210.0,1,2,100.744839,0.789529,1.153005,0.000496,0.006909
3330-28810-1,Line,166.0,1,2,100.743844,0.788475,1.152983,0.000482,0.006909
3341-33410-1,Line,140.0,1,4,100.195058,0.651235,0.013324,0.000155,0.002041
3352-3842-1,Line,820.0,0,3,100.414166,2.07083,0.123329,0.00058,0.00906
3352-5462-1,Line,823.0,0,2,100.663249,4.205001,1.030087,0.00069,0.010341
3361-22614-1,Line,228.0,1,0,100.073788,0.368603,0.013324,0.000159,0.002041
3391-28810-1,Line,122.0,1,2,100.527925,0.559601,1.152961,0.000324,0.004569
3401-5441-1,Line,121.0,0,2,100.109923,0.549614,0.65525,0.000316,0.00349
3421-4401-1,Line,116.0,0,0,100.0,0.0,0.013316,0.000181,0.002041
3431-3471-1,Line,169.0,0,0,100.0,0.0,0.013316,0.00017,0.002041
3461-3481-1,Line,140.0,1,2,100.186039,0.197202,0.354148,0.000245,0.003529
3461-4681-1,Line,159.0,0,2,100.397183,1.985916,1.506726,0.000436,0.004621
3461-5281-1,Line,123.0,0,0,100.080281,0.411843,0.118293,0.000202,0.00115
3462-3940-1,Line,660.0,0,2,101.585428,7.927138,0.256898,0.000274,0.002268
3462-3942-2,Line,660.0,0,2,101.79963,8.998151,0.242519,0.000279,0.002307
3462-5142-2,Line,513.0,0,1,100.12959,0.159396,0.110885,0.000233,0.002821
3462-34620-1,Line,999.0,0,2,139.183596,201.011849,0.164789,0.000309,0.003783
3464-3934-1,Line,1210.0,0,7,142.551941,212.759707,1.461224,0.001092,0.016859
3471-3651-2,Line,175.0,0,0,100.0,0.0,0.007989,0.000175,0.0
3471-3681-1,Line,128.0,0,0,100.0,0.0,0.007989,0.000122,0.0
3472-3842-1,Line,692.0,0,6,107.734794,49.038595,1.152801,0.001031,0.01582
3472-3852-2,Line,693.0,0,3,101.489835,9.445551,0.382761,0.000651,0.009879
3472-30820-1,Line,548.0,0,0,100.025188,0.129214,1.045499,0.000381,0.004452
3491-3561-1,Line,123.0,0,5,101.919969,2.361561,0.448016,0.00037,0.005369
3491-4961-1,Line,123.0,0,1,101.06571,1.310823,1.542663,0.000443,0.006688
3501-4671-1,Line,210.0,1,3,100.451427,1.16263,1.130697,0.000464,0.006798
3501-4701-1,Line,123.0,0,0,100.000113,0.000217,1.060924,0.000327,0.003068
3501-4971-1,Line,210.0,0,7,105.078625,7.736828,1.209223,0.001369,0.021903
3501-35011-1,Line,999.0,0,1,101.596551,1.963758,0.959734,0.000769,0.008839
3511-4001-1,Line,124.0,1,6,100.490238,2.15705,1.029907,0.000465,0.007812
3521-4061-1,Line,121.0,0,1,100.143975,0.177089,1.143066,0.000329,0.002983
3521-4781-1,Line,210.0,0,5,102.599047,3.196828,1.564034,0.000503,0.005778
3521-35261-1,Line,123.0,1,0,100.0,0.0,0.007995,0.000139,0.0
3522-66121-1,Line,823.0,0,6,102.95808,3.638438,1.035831,0.002014,0.026901
3531-3801-1,Line,123.0,0,0,100.012406,0.063641,0.737198,0.00034,0.00375
3541-3901-1,Line,210.0,0,2,100.337149,1.685744,0.549175,0.000464,0.006902
3541-4681-1,Line,121.0,0,2,100.19227,0.961352,0.508058,0.000374,0.003308
3541-32810-2,Line,104.0,0,0,100.038276,0.196357,0.13933,0.000242,0.000968
3551-4481-1,Line,210.0,0,5,101.095579,6.945969,1.511473,0.001065,0.015618
3554-22044-1,Line,1944.0,0,9,137.400268,372.880677,1.152524,0.002782,0.041798
3554-39444-1,Line,1944.0,0,9,146.272706,461.33888,1.458883,0.003208,0.046497
3561-35211-1,Line,121.0,0,2,101.014939,1.248374,0.547989,0.00038,0.003211
3561-35611-1,Line,223.0,1,0,100.0,0.0,0.007995,0.000181,0.0
3561-35661-1,Line,123.0,1,0,100.0,0.0,0.007995,0.000157,0.0
3571-4481-1,Line,210.0,0,5,102.601475,13.007373,1.720523,0.001227,0.018926
3571-5081-1,Line,210.0,0,5,102.277078,11.38539,1.721855,0.001202,0.017204
3581-3591-1,Line,159.0,0,2,100.149882,0.749411,1.654869,0.000495,0.005635
3581-5361-1,Line,123.0,1,4,108.688829,10.68726,0.505357,0.000443,0.006727
3581-28019-1,Line,121.0,0,4,110.247147,12.60399,1.168288,0.000421,0.00401
3581-35861-1,Line,123.0,1,0,100.0,0.0,0.00533,0.000194,0.0
3581-35862-1,Line,123.0,1,0,100.0,0.0,0.01066,0.000227,0.00102
3581-89516-1,Line,123.0,0,4,100.875809,4.379045,1.729984,0.00232,0.040101
3591-5191-1,Line,159.0,0,2,100.139698,0.69849,1.656201,0.000511,0.004732
3601-39610-1,Line,68.0,1,4,100.514815,2.574076,1.029869,0.00028,0.000585
3611-39610-2,Line,119.0,1,0,100.0,0.0,0.013324,0.000214,0.002041
3621-5301-1,Line,122.0,1,2,100.641433,0.679919,1.498668,0.000607,0.00932
3621-36210-1,Line,999.0,1,1,100.296657,0.314457,1.029931,0.000297,0.004465
3631-4261-1,Line,123.0,1,2,100.437156,2.185782,1.152834,0.000631,0.007169
3631-66096-1,Line,190.0,1,2,100.422326,0.447666,1.993339,0.000315,0.004257
3641-36411-1,Line,152.0,1,3,100.391033,0.542601,1.175683,0.000357,0.006038
3691-4041-1,Line,192.0,0,5,115.362968,33.337641,1.152894,0.001533,0.019875
3751-4651-1,Line,138.0,0,0,100.0,0.0,0.007989,0.00014,0.0
3751-5231-1,Line,136.0,0,0,100.0,0.0,0.007989,0.000178,0.0
3761-20411-1,Line,121.0,0,0,100.0,0.0,0.013316,0.000157,0.002041
3781-5521-1,Line,115.0,0,0,100.0,0.0,0.007989,0.000144,0.0
3821-35211-1,Line,121.0,0,0,100.054643,0.340817,1.417314,0.000396,0.004751
3841-5211-1,Line,210.0,0,5,100.727793,1.476023,1.304158,0.000784,0.008033
3841-27219-1,Line,120.0,1,0,100.01218,0.070888,1.034345,0.000599,0.004413
3841-27281-1,Line,122.0,1,0,100.0,0.0,0.01066,0.000207,0.00102
3851-4621-1,Line,210.0,0,3,100.255749,0.998464,1.03444,0.000784,0.007949
3851-4741-1,Line,210.0,0,1,100.329844,0.405708,0.474128,0.000483,0.004998
3851-13219-1,Line,159.0,0,2,100.170366,0.965189,0.181758,0.000369,0.002717
3852-5202-1,Line,351.0,0,0,100.056937,0.284684,0.030281,0.000254,0.000572
3861-4651-1,Line,107.0,0,0,100.0,0.0,0.005326,0.000188,0.0
3861-4651-2,Line,115.0,0,0,100.0,0.0,0.005326,0.00015,0.0
3881-16011-1,Line,220.0,0,0,100.085311,0.426554,1.153618,0.000404,0.004608
3901-3981-1,Line,45.0,1,3,100.509725,2.548624,1.152854,0.000492,0.005089
3901-3991-2,Line,45.0,1,0,100.0,0.0,0.013324,0.00021,0.002041
3911-3921-1,Line,190.0,0,0,100.0,0.0,0.007989,0.000136,0.0
3911-4101-1,Line,190.0,0,0,100.0,0.0,0.007989,0.000115,0.0
3934-3944-1,Line,1847.0,0,9,139.911248,199.556239,1.460686,0.001178,0.022728
3934-4384-1,Line,1454.0,0,4,101.680265,10.652879,1.034607,0.001191,0.015326
3940-3942-1,Line,999.0,0,2,101.90834,9.541699,1.029706,0.00047,0.004972
3941-52219-1,Line,210.0,0,3,100.654176,1.056329,1.328386,0.001016,0.014799
3942-4522-1,Line,610.0,0,0,100.070168,0.086306,0.077863,0.000272,0.005037
3942-39420-1,Line,570.0,1,6,102.262639,2.398397,1.461504,0.000554,0.009411
3944-3954-1,Line,500.0,0,7,131.860511,159.302555,1.029433,0.000822,0.012888
3944-39444-1,Line,1847.0,0,9,146.272706,461.33888,1.458906,0.003241,0.046672
3961-5181-1,Line,219.0,0,0,100.000292,0.0015,0.138889,0.000115,0.000182
3961-5181-2,Line,219.0,0,0,100.000393,0.002016,0.160736,0.000206,0.000188
3961-32210-1,Line,210.0,0,0,100.031231,0.156153,0.899408,0.000388,0.004582
3961-39610-1,Line,999.0,1,4,100.516192,2.580959,1.029834,0.000364,0.00115
4001-4971-1,Line,210.0,0,7,105.078625,7.736828,1.208326,0.001231,0.019687
4001-40061-1,Line,999.0,1,0,100.0,0.0,0.013324,0.000203,0.002041
4021-32210-1,Line,159.0,0,3,100.415341,2.130701,0.470505,0.000638,0.007942
4041-5241-1,Line,217.0,1,2,101.80539,3.466349,1.034598,0.000393,0.005219
4041-5251-2,Line,123.0,1,2,100.245576,1.556952,1.029893,0.000194,0.002626
4041-5341-1,Line,228.0,0,5,101.825662,2.245564,1.612185,0.000763,0.008878
4041-40461-1,Line,123.0,1,0,100.0,0.0,0.013324,0.00025,0.002041
4041-40462-1,Line,999.0,1,0,100.0,0.0,0.00533,0.000131,0.0
4111-17411-1,Line,116.0,0,0,100.0,0.0,0.007989,0.00012,0.0
4121-23019-1,Line,157.0,0,5,100.807998,1.196774,1.517883,0.000824,0.010581
4201-13219-1,Line,159.0,0,3,100.330668,2.096432,1.292862,0.000355,0.003913
4211-4651-1,Line,136.0,1,0,100.005275,0.030703,0.007995,0.000241,0.0
4242-4462-1,Line,570.0,0,1,169.311483,316.753478,1.023692,0.000341,0.004875
4361-43619-1,Line,123.0,1,2,100.617723,3.088613,1.029861,0.000409,0.002561
4382-5172-1,Line,513.0,0,9,114.476522,72.382611,1.397518,0.00209,0.029579
4384-43844-1,Line,1847.0,0,6,109.597718,18.368315,1.152599,0.002181,0.030677
4391-4481-1,Line,210.0,0,2,100.408128,2.587534,1.030077,0.000451,0.007097
4441-50619-1,Line,68.0,1,0,100.0,0.0,0.00533,0.000187,0.0
4451-4901-1,Line,210.0,1,2,100.179377,0.920204,0.007995,0.000241,0.0
4461-4651-3,Line,254.0,0,2,115.4,38.5,0.008788,0.000213,0.0
4462-4472-1,Line,450.0,0,5,101.421834,9.014426,0.138789,0.000606,0.009788
4462-4922-1,Line,593.0,0,1,100.219768,1.393327,0.279807,0.00024,0.003269
4462-44661-1,Line,2206.0,1,0,100.0,0.0,0.007995,0.000231,0.0
4462-44731-1,Line,593.0,1,11,104.165213,14.53444,1.461501,0.000525,0.008794
4471-4651-4,Line,258.0,0,2,115.4,38.5,0.013316,0.000196,0.003061
4472-17431-1,Line,570.0,0,1,119.775799,125.378568,0.145467,0.000224,0.002164
4472-30820-1,Line,570.0,0,2,119.654601,112.031229,0.322842,0.000221,0.002496
4472-30820-2,Line,570.0,0,2,119.205089,109.469007,0.340549,0.000174,0.002496
4472-44662-1,Line,3846.0,1,0,100.0,0.0,0.013324,0.000158,0.002041
4472-44732-1,Line,593.0,1,10,107.04061,44.63747,1.02989,0.000424,0.007052
4472-44733-1,Line,593.0,1,10,107.04061,44.63747,1.02989,0.000424,0.007052
4501-4691-1,Line,210.0,0,0,100.076354,0.1466,0.540945,0.000291,0.003003
4522-5142-1,Line,570.0,0,2,100.964331,4.821656,0.2681,0.00044,0.00596
4651-6371-1,Line,141.0,1,0,100.0,0.0,0.013324,0.000249,0.002041
4664-5464-1,Line,997.0,0,6,109.597718,18.368315,1.152625,0.002281,0.032887
4664-43844-1,Line,997.0,0,6,109.597718,18.368315,1.152604,0.002227,0.030716
4701-4711-1,Line,999.0,0,0,100.000537,0.000661,0.553661,0.000125,1.9e-05
4711-35011-2,Line,123.0,0,0,100.000537,0.000661,0.554993,0.000164,1.9e-05
4721-5181-1,Line,220.0,0,0,100.03206,0.16447,1.155368,0.000309,0.003243
4761-47210-1,Line,92.0,1,0,100.0,0.0,0.007995,0.000175,0.0
4781-4961-1,Line,112.0,0,2,101.47182,1.810338,0.565365,0.000454,0.005291
4922-5022-1,Line,593.0,0,1,103.716501,20.366427,0.863736,0.00023,0.002093
4941-5351-1,Line,210.0,0,5,102.084241,10.692157,1.461061,0.000934,0.012589
4941-22419-1,Line,210.0,0,4,101.44576,7.228802,1.268824,0.00111,0.015904
4941-50019-1,Line,111.0,0,3,100.395993,1.050973,1.300478,0.000622,0.008365
4942-4943-1,Line,999.0,0,8,145.52243,56.903038,1.151504,0.000834,0.012927
4961-49662-1,Line,655.0,1,0,100.0,0.0,0.013324,0.000192,0.002041
4981-5041-1,Line,123.0,0,1,100.394317,0.48501,0.445377,0.000313,0.00364
4981-5041-2,Line,123.0,0,1,100.373846,0.45983,0.443368,0.00025,0.001586
4981-49861-1,Line,123.0,1,0,100.0,0.0,0.007995,0.000146,0.0
4991-5361-1,Line,123.0,1,2,100.223806,0.429707,1.996004,0.000295,0.003926
5001-50019-1,Line,123.0,1,4,100.219881,0.651749,1.034316,0.000417,0.00245
5041-17010-2,Line,210.0,0,5,108.029296,9.876034,1.492653,0.000876,0.012648
5061-50619-1,Line,45.0,1,2,100.248131,1.354796,0.007995,0.000238,0.0
5081-22419-1,Line,210.0,0,4,101.275265,6.376325,1.152633,0.001015,0.013304
5091-10210-1,Line,210.0,0,1,100.111502,0.572005,1.021546,0.000431,0.004342
5111-20411-1,Line,238.0,0,0,100.0,0.0,0.005326,9.6e-05,0.0
5122-5222-1,Line,1867.0,1,0,100.0,0.0,0.013324,0.000143,0.00102
5140-5142-1,Line,999.0,1,2,100.641556,0.789114,0.450522,0.000369,0.006486
5141-51410-1,Line,999.0,1,0,100.0,0.0,0.013324,0.000172,0.002041
5181-47210-2,Line,210.0,0,0,100.027486,0.137428,1.156533,0.000451,0.007013
5211-22613-1,Line,210.0,0,5,100.727793,1.476023,1.303968,0.000722,0.00802
5221-52219-1,Line,123.0,1,1,100.108708,0.11523,0.666288,0.000251,0.003438
5261-52661-1,Line,123.0,1,0,100.0,0.0,0.013324,0.000163,0.002041
5271-5274-1,Line,999.0,0,2,100.811201,4.161461,1.146703,0.000959,0.014793
5271-32810-1,Line,210.0,0,2,101.73102,8.880131,1.461695,0.001121,0.016502
5274-5381-1,Line,210.0,0,4,101.453809,7.269044,1.598058,0.001452,0.023417
5281-43619-1,Line,191.0,0,3,100.211928,1.059638,1.288501,0.00106,0.016665
5281-52861-1,Line,123.0,1,0,100.0,0.0,0.013324,0.000179,0.002041
5301-31019-1,Line,210.0,0,5,101.890267,9.697072,1.561867,0.000946,0.013428
5301-53061-1,Line,123.0,1,0,100.0,0.0,0.013324,0.000235,0.002041
5321-22614-1,Line,210.0,0,2,100.125204,0.526181,1.219251,0.000541,0.004582
5351-31019-1,Line,210.0,0,5,102.026826,10.397617,1.461129,0.000908,0.012414
5451-5501-1,Line,210.0,0,4,100.930778,4.774891,1.319346,0.000666,0.007552
5462-54622-1,Line,593.0,0,3,101.337571,8.4802,1.029815,0.00041,0.005135
5462-66121-1,Line,823.0,0,4,101.150927,1.767283,0.366987,0.000995,0.016665
5464-54640-1,Line,685.0,1,9,105.363377,15.122596,1.174878,0.001188,0.012719
5464-90440-1,Line,1731.0,0,8,119.978099,24.573062,1.033731,0.002958,0.052671
5501-55061-1,Line,123.0,1,0,100.0,0.0,0.013324,0.000194,0.002041
6201-12111-1,Line,221.0,1,2,100.788605,0.835921,1.152972,0.000379,0.00583
6931-68090-1,Line,124.0,1,2,100.170955,0.19073,1.152995,0.000313,0.004881
11260-11261-1,Line,570.0,0,0,100.0,0.0,0.499334,0.000113,6e-06
11260-11261-2,Line,570.0,0,0,100.0,0.0,0.499334,0.000113,6e-06
13810-47210-2,Line,121.0,1,2,100.106524,0.532618,0.007995,0.000243,0.0
14010-14013-1,Line,221.0,1,3,100.631385,1.68263,1.034525,0.000422,0.005401
14010-14016-1,Line,210.0,1,1,100.20689,0.489137,1.034525,0.000422,0.005401
17411-24819-1,Line,123.0,1,1,104.267597,27.056567,0.404586,0.000394,0.000981
22610-22614-1,Line,999.0,1,0,100.0,0.0,0.00533,0.000186,0.0
22612-22613-1,Line,380.0,0,3,100.961833,1.183054,1.075176,0.000819,0.010055
22613-22614-1,Line,380.0,0,3,100.122235,0.653799,1.220846,0.000551,0.004998
28710-28712-1,Line,306.0,0,5,109.502632,11.688237,0.790228,0.000492,0.006343
28710-51911-1,Line,183.0,1,6,100.698111,2.935712,1.130669,0.000647,0.007721
35011-66094-1,Line,210.0,0,7,104.908426,6.661917,1.125413,0.001224,0.019713
35231-90020-1,Line,881.0,0,5,106.994035,8.602663,1.132458,0.00081,0.010971
35232-90020-2,Line,881.0,0,5,106.990012,8.597715,1.132467,0.000709,0.01077
47210-47261-1,Line,123.0,1,0,100.0,0.0,0.013324,0.000218,0.002041
66121-66122-1,Line,593.0,1,11,104.712759,10.959914,1.034458,0.000821,0.01164
66122-66123-1,Line,570.0,1,11,104.706475,10.9453,1.034435,0.000811,0.01164
70010-79010-1,Line,124.0,1,6,101.752674,2.155789,1.130671,0.000308,0.004407
70111-88511-1,Line,103.0,1,0,100.006626,0.038561,0.007995,0.000246,0.0
70112-88512-1,Line,103.0,1,0,100.0,0.0,0.01066,0.000162,0.00102
70311-81510-1,Line,103.0,1,0,100.011079,0.064477,0.007995,0.000241,0.0
70312-81510-2,Line,103.0,1,0,100.0,0.0,0.013324,0.000168,0.002041
70510-72010-1,Line,103.0,0,1,100.107416,0.132121,0.149209,0.000187,0.000409
70510-72010-2,Line,103.0,0,1,100.107416,0.132121,0.149209,0.000187,0.000409
70510-78511-1,Line,166.0,1,0,100.016766,0.097578,1.498668,0.000512,0.003926
70510-78512-2,Line,166.0,1,0,100.0,0.0,0.005333,0.00018,0.0
70520-81020-2,Line,881.0,0,0,100.005961,0.037796,0.208698,0.000246,0.00349
70520-81520-1,Line,881.0,0,0,100.06716,0.082607,0.275729,0.000292,0.003484
70520-85020-1,Line,881.0,0,1,100.129507,0.159294,0.270699,0.000267,0.002626
70520-86220-1,Line,881.0,0,0,100.000014,9e-05,0.05642,0.00017,7.1e-05
70520-86220-2,Line,881.0,0,0,100.000043,0.000275,0.098403,0.000132,0.000182
71011-81510-1,Line,124.0,1,3,100.91346,1.123555,0.328356,0.000339,0.001709
71012-81510-2,Line,124.0,1,0,100.00697,0.040566,0.007995,0.000241,0.0
71511-90012-1,Line,103.0,1,0,100.010138,0.059001,0.007995,0.00024,0.0
71512-90012-2,Line,103.0,1,0,100.0,0.0,0.013324,0.000167,0.00102
72010-72021-1,Line,140.0,1,0,100.0,0.0,0.00533,0.000188,0.0
72010-81510-1,Line,124.0,0,0,100.061013,0.075046,0.145476,0.000174,0.001508
72010-81510-2,Line,124.0,0,0,100.065315,0.080337,0.149099,0.000165,0.0005
72010-83011-1,Line,113.0,1,0,100.011057,0.064352,0.328811,0.000344,0.001716
72010-83012-2,Line,113.0,1,0,100.0,0.0,0.00533,0.000136,0.0
72511-74512-1,Line,103.0,1,0,100.0,0.0,0.013324,0.000239,0.002041
72512-74512-2,Line,103.0,1,0,100.014601,0.084979,0.024776,0.000249,0.000117
73011-90710-1,Line,200.0,1,0,100.0,0.0,0.01066,0.000157,0.00102
73012-90710-2,Line,200.0,1,0,100.011358,0.066106,0.007995,0.000244,0.0
73500-73510-1,Line,144.0,1,6,102.440572,3.001904,0.997337,0.000277,0.003796
73510-87900-1,Line,200.0,1,6,109.045771,11.126299,1.498668,0.000573,0.006012
74011-78511-1,Line,147.0,1,0,100.008414,0.048967,0.997337,0.00035,0.001683
74012-78512-2,Line,147.0,1,0,100.0,0.0,0.013324,0.000199,0.002041
74511-74512-1,Line,916.0,0,0,100.000001,4e-06,0.013316,0.000146,0.00102
74511-74512-2,Line,916.0,0,0,100.000001,4e-06,0.013316,0.000146,0.00102
74511-76011-1,Line,145.0,0,0,100.002292,0.00282,0.034652,0.000186,0.001144
74511-76012-2,Line,145.0,0,0,100.00002,9.8e-05,0.011218,0.000152,6e-06
74511-82511-1,Line,73.0,1,0,100.010293,0.059903,0.024776,0.000248,0.000117
74511-82512-2,Line,73.0,1,0,100.0,0.0,0.013324,0.000184,0.00102
74512-86311-1,Line,124.0,1,0,100.0,0.0,0.007995,0.000147,0.0
74512-86312-2,Line,124.0,1,0,100.010273,0.05979,0.024776,0.000249,0.000117
74512-88011-1,Line,103.0,1,0,100.0,0.0,0.01066,0.000163,0.00102
74512-88012-2,Line,103.0,1,0,100.013208,0.076871,0.024776,0.000249,0.000117
74512-88511-1,Line,152.0,1,0,100.006634,0.038612,0.008,0.00027,0.0
74512-88512-2,Line,152.0,1,0,100.008827,0.051374,0.024452,0.000271,0.000117
74520-81020-1,Line,881.0,0,0,100.072518,0.089197,0.085771,0.000215,0.002145
74520-81020-2,Line,881.0,0,0,100.072518,0.089197,0.085771,0.000215,0.002145
74520-82020-1,Line,881.0,0,0,100.005613,0.035589,0.57883,0.000263,0.001391
74520-90020-1,Line,881.0,0,3,101.922987,2.365274,0.073328,0.000472,0.008085
74711-75710-1,Line,200.0,1,0,100.0,0.0,0.013324,0.00019,0.002041
74712-75710-2,Line,200.0,1,0,100.010803,0.062873,0.007995,0.000244,0.0
75010-75012-1,Line,200.0,1,0,100.0,0.0,0.00533,0.000165,0.0
75010-79510-1,Line,103.0,0,1,102.316126,2.38561,0.253965,0.000181,0.002359
75010-79510-2,Line,103.0,0,1,102.497455,2.572379,0.25025,0.00017,0.001339
75010-84511-1,Line,103.0,1,0,100.009608,0.055918,0.007995,0.000244,0.0
75010-84512-2,Line,103.0,1,0,100.0,0.0,0.00533,0.000116,0.0
75010-87900-1,Line,193.0,0,3,102.210979,2.719504,0.248532,0.000425,0.006356
75510-75511-1,Line,240.0,0,3,102.466077,3.033275,0.295836,0.000476,0.005304
75510-75514-1,Line,1630.0,1,0,100.0,0.0,0.007995,0.000147,0.0
75510-75611-1,Line,200.0,1,0,100.0,0.0,0.013333,0.000234,0.002041
75510-79510-1,Line,103.0,0,1,100.398539,0.490203,0.97868,0.000256,0.00141
75510-81810-1,Line,166.0,0,1,100.648308,1.076191,0.49523,0.000375,0.004849
75510-83510-1,Line,103.0,0,1,100.369486,0.454468,1.531524,0.000325,0.003614
75510-84411-1,Line,103.0,1,0,100.0,0.0,0.01066,0.000218,0.00102
75510-84412-2,Line,103.0,1,0,100.008417,0.048988,0.310835,0.000348,0.0018
75510-89311-1,Line,103.0,1,0,100.007946,0.046243,0.007995,0.000242,0.0
75510-89312-2,Line,103.0,1,0,100.0,0.0,0.00533,0.000128,0.0
75510-89510-1,Line,166.0,0,0,100.081153,0.405763,0.941476,0.000557,0.007104
75520-75521-1,Line,837.0,0,0,100.074306,0.371529,0.279148,0.000373,0.004062
75520-75522-1,Line,837.0,0,0,100.074306,0.371529,0.279148,0.000378,0.003042
75520-75523-1,Line,500.0,1,0,100.0,0.0,0.00533,0.000153,0.0
75521-85020-1,Line,837.0,0,0,100.074306,0.371529,0.28048,0.000317,0.003022
75522-85020-2,Line,837.0,0,0,100.074306,0.371529,0.283143,0.000343,0.002977
75610-75611-1,Line,200.0,1,0,100.0,0.0,0.007995,0.000219,0.0
75710-76011-1,Line,200.0,0,0,100.000089,0.000444,0.012563,0.000117,2.6e-05
75710-76012-2,Line,200.0,0,0,100.00002,9.8e-05,0.010676,0.000129,1.3e-05
75710-90710-1,Line,200.0,0,0,100.000011,5.7e-05,0.014329,0.000121,1.9e-05
75710-90710-2,Line,200.0,0,0,100.000011,5.7e-05,0.014329,0.000121,1.9e-05
75810-87901-1,Line,124.0,0,0,100.016622,0.031915,0.841501,0.000347,0.003211
75810-90310-1,Line,124.0,0,1,100.186104,0.228908,0.151652,0.000325,0.004069
76511-81010-1,Line,158.0,0,1,109.571425,15.122851,0.023704,0.000206,0.002307
76511-90710-1,Line,200.0,0,0,100.000152,0.000761,0.016551,0.000145,0.000123
76512-81010-2,Line,158.0,0,1,111.665464,18.431434,0.015219,0.00018,0.001183
76512-90710-2,Line,200.0,0,1,111.665464,18.431434,0.016551,0.000145,0.000123
76513-80012-1,Line,86.0,1,0,100.011061,0.064377,0.007995,0.000244,0.0
76514-80011-2,Line,86.0,1,0,100.0,0.0,0.00533,0.000179,0.0
76810-77210-1,Line,200.0,1,9,106.047619,7.438572,1.665335,0.000648,0.007936
76810-79010-1,Line,103.0,0,1,100.814243,1.001519,0.278841,0.00021,0.000923
76810-79010-2,Line,103.0,0,1,100.814243,1.001519,0.278841,0.00021,0.000923
76810-87510-1,Line,200.0,0,1,101.075506,1.322872,0.369665,0.000278,0.00258
76810-87510-2,Line,225.0,0,1,101.091726,1.342823,0.372325,0.0002,0.000539
77010-90011-1,Line,113.0,0,0,100.015592,0.019178,0.043556,0.000203,0.001228
77010-90011-2,Line,113.0,0,0,100.015592,0.019178,0.043556,0.000203,0.001228
77010-90011-3,Line,126.0,0,0,100.017092,0.021024,0.044847,0.000212,0.002275
77010-90310-1,Line,193.0,0,0,100.014299,0.071496,0.167487,0.000218,0.001748
77010-90310-2,Line,193.0,0,0,100.014721,0.073605,0.166649,0.000226,0.001742
77210-77211-1,Line,50.0,1,8,102.358036,2.900384,1.034473,0.000272,0.003048
77210-77212-1,Line,60.0,1,8,102.604393,3.203404,0.996005,0.000274,0.003835
77511-77512-1,Line,322.0,0,0,100.000021,0.000105,0.199924,0.000172,0.000162
77511-77512-2,Line,322.0,0,0,100.000021,0.000105,0.199924,0.000172,0.000162
77511-90310-1,Line,178.0,0,0,100.050081,0.0616,0.176048,0.000192,0.000429
77511-90310-2,Line,144.0,0,0,100.031587,0.038852,0.12865,0.000138,0.000273
77512-87510-1,Line,193.0,0,2,100.125707,0.628537,0.615678,0.000567,0.006434
77512-90310-3,Line,193.0,0,0,100.040304,0.049574,0.162704,0.000149,0.000513
79510-83510-1,Line,103.0,0,1,100.355543,0.437318,0.532855,0.000207,0.001397
80011-81010-1,Line,144.0,1,0,100.007368,0.042879,0.008,0.000265,0.0
80012-81010-2,Line,144.0,1,0,100.011076,0.064463,0.008,0.000267,0.0
80511-81510-1,Line,90.0,1,0,100.004505,0.026217,0.007995,0.000241,0.0
80512-81510-2,Line,90.0,1,0,100.0,0.0,0.00533,0.00017,0.0
80710-80711-1,Line,144.0,1,0,100.0,0.0,0.00533,0.000138,0.0
80710-87510-1,Line,200.0,0,1,100.289624,0.356237,0.629603,0.000294,0.003347
80710-90310-1,Line,200.0,0,0,100.080088,0.400438,1.62694,0.000494,0.00479
81010-81011-1,Line,295.0,0,0,100.002214,0.004716,0.026173,0.000208,0.000208
81010-81031-1,Line,140.0,1,0,100.0,0.0,0.013324,0.000175,0.002041
81010-84011-1,Line,103.0,0,0,100.005783,0.011104,0.027753,0.000196,8.4e-05
81010-84012-2,Line,100.0,0,0,100.009055,0.011138,0.029101,0.000177,8.4e-05
81020-86220-1,Line,881.0,0,0,100.006065,0.03845,0.208225,0.000271,0.00258
81510-81511-1,Line,144.0,1,0,100.0,0.0,0.008,0.000168,0.0
81510-87900-1,Line,193.0,0,1,100.233216,0.286855,0.799828,0.000268,0.003471
81510-87901-1,Line,195.0,0,1,100.446311,0.548963,0.13816,0.000278,0.00232
81511-81512-1,Line,156.0,1,0,100.0,0.0,0.007995,0.000226,0.0
81520-82020-1,Line,881.0,0,1,100.185644,0.228342,0.075344,0.000163,0.000318
81520-82020-2,Line,881.0,0,1,100.185644,0.228342,0.075344,0.000163,0.000318
81520-85020-1,Line,881.0,0,1,100.134639,0.165606,0.125297,0.000328,0.001319
81810-89210-1,Line,124.0,1,8,106.454505,7.939041,1.034465,0.00043,0.005141
81810-89510-1,Line,166.0,0,3,102.069108,2.545003,0.502107,0.000309,0.002931
82020-90020-1,Line,881.0,0,1,100.320609,0.394349,0.063476,0.000269,0.001007
84011-90011-1,Line,103.0,0,0,100.012249,0.015066,0.029085,0.000232,0.002125
84012-90011-2,Line,100.0,0,0,100.009055,0.011138,0.027769,0.000181,8.4e-05
85020-90320-1,Line,881.0,0,1,100.571674,0.703159,0.151467,0.000259,0.001995
85020-90320-2,Line,881.0,0,1,100.571674,0.703159,0.151467,0.000259,0.001995
85510-87510-1,Line,157.0,1,9,107.085441,8.715092,1.034468,0.000371,0.004829
86511-90012-1,Line,103.0,1,0,100.0,0.0,0.013324,0.000172,0.00102
86512-90012-2,Line,103.0,1,0,100.017909,0.104228,1.152927,0.000481,0.002886
87510-89510-1,Line,124.0,0,1,101.268867,1.560707,0.078619,0.000358,0.004387
87510-89510-2,Line,103.0,0,1,101.238301,1.52311,0.078001,0.0003,0.004244
87510-90210-1,Line,193.0,0,1,100.117995,0.278425,0.611456,0.000528,0.005583
87900-87901-1,Line,235.0,0,0,100.045147,0.152745,0.77345,0.000305,0.001943
90011-90012-1,Line,652.0,0,0,100.004672,0.023917,0.073216,0.000202,0.002691
90011-90511-1,Line,113.0,1,0,100.01588,0.092423,0.595401,0.000295,0.000487
90011-90512-2,Line,113.0,1,0,100.0,0.0,0.013324,0.00025,0.002041
90020-90420-1,Line,881.0,0,0,100.039177,0.248381,0.06035,0.000208,0.000305
90020-90420-2,Line,881.0,0,0,100.039177,0.248381,0.06035,0.000208,0.000305
90210-90310-1,Line,193.0,0,3,100.133849,0.669243,1.45678,0.000545,0.005226
90310-90331-1,Line,144.0,1,0,100.0,0.0,0.007995,0.000146,0.0
90320-90420-1,Line,881.0,0,1,100.301671,0.371055,0.226853,0.000297,0.000936
90320-90420-2,Line,881.0,0,1,100.301671,0.371055,0.226853,0.000297,0.000936
T1742-17431-1,Transformer,350.0,0,1,119.775799,125.378568,0.141472,0.000256,0.001872
T3662-36671-1,Transformer,582.0,1,6,120.375002,104.523758,1.461582,0.002042,0.027363
T54640-54630-1,Transformer,582.0,1,9,105.356226,15.102432,1.174889,0.001174,0.012719
T79010-79015-1,Transformer,125.0,0,5,112.799554,15.743452,0.297674,0.000829,0.015163
T79015-79016-1,Transformer,125.0,0,5,112.799554,15.743452,0.295011,0.000816,0.013012
T79015-79017-1,Transformer,125.0,1,0,100.0,0.0,0.01066,0.000185,0.00102
T86220-86280-1,Transformer,100.0,0,0,100.0,0.0,0.007989,0.000118,0.0
T86220-86280-2,Transformer,100.0,0,0,100.0,0.0,0.007989,0.000118,0.0
T89510-89515-1,Transformer,125.0,0,4,100.875809,4.379045,1.728379,0.002282,0.03821
T89515-89516-1,Transformer,125.0,0,4,100.875809,4.379045,1.729449,0.002275,0.037619
T89515-89517-1,Transformer,125.0,1,0,100.0,0.0,0.007995,0.000132,0.0
T1072-1041-10421-2-w1,Transformer,125.0,0,0,100.00777,0.038852,1.524064,0.000388,0.00481
T1072-1041-10421-2-w2,Transformer,999.0,0,0,100.00777,0.038852,1.52463,0.000287,0.002262
T1122-1121-11221-1-w1,Transformer,250.0,0,1,100.86265,4.425395,1.180048,0.00029,0.003289
T1122-1121-11221-1-w2,Transformer,999.0,0,1,100.86265,4.425395,1.180201,0.000305,0.004296
T1122-1121-11222-2-w1,Transformer,250.0,0,1,100.86265,4.425395,1.180048,0.000282,0.002268
T1122-1121-11222-2-w2,Transformer,999.0,0,1,100.86265,4.425395,1.180201,0.000235,0.002255
T1212-1211-12121-1-w1,Transformer,250.0,0,2,142.807876,107.019691,0.496395,0.000183,0.00013
T1212-1211-12121-1-w2,Transformer,999.0,0,2,142.807876,107.019691,0.495064,0.000232,0.00013
T1212-12111-12122-2-w1,Transformer,250.0,0,1,142.807876,107.019691,1.498274,0.000277,0.002171
T1212-12111-12122-2-w2,Transformer,999.0,0,1,142.807876,107.019691,1.499606,0.000277,0.002171
T1244-1243-12402-1-w1,Transformer,999.0,1,0,100.0,0.0,0.010663,0.000204,0.00102
T1244-1243-12402-1-w2,Transformer,999.0,1,0,100.0,0.0,0.00533,0.000154,0.0
T1472-1471-14721-1-w1,Transformer,250.0,0,0,100.0,0.0,0.007989,0.000175,0.0
T1472-1471-14721-1-w2,Transformer,999.0,0,0,100.0,0.0,0.010652,0.000214,0.00102
T1472-1471-14722-2-w1,Transformer,250.0,0,0,100.0,0.0,0.007989,0.000137,0.0
T1472-1471-14722-2-w2,Transformer,999.0,0,0,100.0,0.0,0.010652,0.000157,0.00102
T1474-1472-14723-1-w1,Transformer,500.0,0,3,101.071019,6.790259,0.540749,0.000462,0.003958
T1474-1472-14723-1-w2,Transformer,999.0,0,3,101.071019,6.790259,0.541224,0.000374,0.003659
T1602-1601-16022-1-w1,Transformer,250.0,0,0,100.02451,0.122548,1.153856,0.000397,0.004979
T1602-1601-16022-1-w2,Transformer,999.0,0,0,100.02451,0.122548,1.153889,0.000384,0.004998
T1602-16011-16021-1-w1,Transformer,250.0,0,0,100.024472,0.12236,1.153858,0.000409,0.004979
T1602-16011-16021-1-w2,Transformer,999.0,0,0,100.024472,0.12236,1.153891,0.00049,0.007039
T1642-1641-16421-1-w1,Transformer,238.0,0,2,101.98465,3.810528,1.033165,0.000528,0.005538
T1642-1641-16421-1-w2,Transformer,999.0,0,2,101.98465,3.810528,1.033113,0.000523,0.005563
T1642-1641-16422-2-w1,Transformer,250.0,0,2,101.98465,3.810528,1.033165,0.000509,0.003601
T1642-1641-16422-2-w2,Transformer,999.0,0,2,101.98465,3.810528,1.033113,0.000439,0.003731
T1642-16411-16424-4-w1,Transformer,175.0,0,1,100.745509,1.431378,1.033943,0.000347,0.001976
T1642-16411-16424-4-w2,Transformer,999.0,0,1,100.745509,1.431378,1.033902,0.000334,0.001924
T1742-1741-17421-1-w1,Transformer,250.0,0,0,100.0,0.0,0.005326,0.000196,0.0
T1742-1741-17421-1-w2,Transformer,999.0,0,0,100.0,0.0,0.007989,0.000151,0.0
T1742-1741-17422-2-w1,Transformer,250.0,0,0,100.0,0.0,0.013316,0.000174,0.002041
T1742-1741-17422-2-w2,Transformer,999.0,0,0,100.0,0.0,0.013316,0.000167,0.002041
T1742-17411-17423-3-w1,Transformer,250.0,0,1,100.131349,0.673821,0.088803,0.000209,0.000279
T1742-17411-17423-3-w2,Transformer,999.0,0,1,100.131349,0.673821,0.084808,0.000157,0.000546
T1742-17411-17424-4-w1,Transformer,250.0,0,1,100.137019,0.702907,0.09085,0.000194,0.000279
T1742-17411-17424-4-w2,Transformer,999.0,0,1,100.137019,0.702907,0.089519,0.000189,0.001267
T2002-2001-20021-1-w1,Transformer,250.0,0,2,100.188012,0.964501,1.374028,0.000376,0.002977
T2002-2001-20021-1-w2,Transformer,999.0,0,2,100.188012,0.964501,1.374373,0.000316,0.003003
T2042-2041-20421-1-w1,Transformer,250.0,0,1,100.167816,0.322206,1.029871,0.000477,0.005973
T2042-2041-20421-1-w2,Transformer,999.0,0,1,100.167816,0.322206,1.029875,0.000394,0.004023
T2042-20416-20424-4-w1,Transformer,250.0,1,0,100.0,0.0,0.013333,0.000254,0.002041
T2042-20416-20424-4-w2,Transformer,999.0,1,0,100.0,0.0,0.007995,0.000178,0.0
T2052-2041-20422-2-w1,Transformer,250.0,0,1,100.170075,0.326543,1.029871,0.000423,0.004283
T2052-2041-20422-2-w2,Transformer,999.0,0,1,100.170075,0.326543,1.029875,0.00046,0.006265
T2204-2202-22021-1-w1,Transformer,500.0,0,2,100.684484,3.511403,1.029788,0.000493,0.005427
T2204-2202-22021-1-w2,Transformer,999.0,0,2,100.684484,3.511403,1.029794,0.000415,0.005317
T2204-2202-22022-2-w1,Transformer,500.0,0,2,100.866173,4.443467,1.029762,0.00052,0.005265
T2204-2202-22022-2-w2,Transformer,999.0,0,2,100.866173,4.443467,1.029768,0.000436,0.00414
T2204-2212-22023-3-w1,Transformer,500.0,1,0,100.0,0.0,0.013333,0.000173,0.002041
T2204-2212-22023-3-w2,Transformer,999.0,1,0,100.0,0.0,0.007995,0.000151,0.0
T2522-2521-25221-1-w1,Transformer,125.0,0,2,100.420447,0.807259,0.126156,0.000367,0.003009
T2522-2521-25221-1-w2,Transformer,999.0,0,2,100.420447,0.807259,0.122161,0.000357,0.004387
T2522-2521-25222-2-w1,Transformer,125.0,0,2,100.398373,0.764876,0.121424,0.00028,0.001794
T2522-2521-25222-2-w2,Transformer,999.0,0,2,100.398373,0.764876,0.117429,0.00033,0.00414
T2562-2561-25621-1-w1,Transformer,250.0,0,0,100.001501,0.009518,0.00671,0.000147,0.0
T2562-2561-25621-1-w2,Transformer,999.0,0,0,100.001501,0.009518,0.013316,0.000245,0.002041
T2562-2571-25622-2-w1,Transformer,250.0,0,0,100.001745,0.011062,0.489725,0.000201,0.001059
T2562-2571-25622-2-w2,Transformer,999.0,0,0,100.001745,0.011062,0.491056,0.000217,3.9e-05
T2563-2561-25624-4-w1,Transformer,250.0,0,0,100.000203,0.001016,0.608304,0.000159,0.000734
T2563-2561-25624-4-w2,Transformer,999.0,0,0,100.000203,0.001016,0.607018,0.000251,0.001768
T2563-2571-25625-5-w1,Transformer,250.0,0,0,100.000234,0.001172,0.608926,0.000197,0.000754
T2563-2571-25625-5-w2,Transformer,999.0,0,0,100.000234,0.001172,0.60764,0.000207,0.000773
T2742-2741-27421-1-w1,Transformer,250.0,0,1,100.119389,0.612464,0.550369,0.000313,0.004537
T2742-2741-27421-1-w2,Transformer,999.0,0,1,100.119389,0.612464,0.550157,0.000345,0.004576
T2742-2741-27422-2-w1,Transformer,250.0,0,1,100.119389,0.612464,0.550369,0.000335,0.00351
T2742-2741-27422-2-w2,Transformer,999.0,0,1,100.119389,0.612464,0.550157,0.000341,0.003542
T2842-2841-28421-1-w1,Transformer,250.0,0,1,100.310436,0.596038,1.034586,0.000697,0.009509
T2842-2841-28421-1-w2,Transformer,999.0,0,1,100.310436,0.596038,1.034604,0.000648,0.009775
T3082-3081-30822-2-w1,Transformer,250.0,0,0,100.000401,0.002005,0.010652,0.000155,0.00102
T3082-3081-30822-2-w2,Transformer,999.0,0,0,100.000401,0.002005,0.007989,0.000158,0.0
T3082-3091-30824-4-w1,Transformer,250.0,0,1,132.328,80.82,0.013316,0.000155,0.00102
T3082-3091-30824-4-w2,Transformer,999.0,0,1,132.328,80.82,0.006232,0.000215,0.0
T3192-3191-31922-1-w1,Transformer,250.0,0,0,100.0,0.0,0.497062,0.000218,0.00013
T3192-3191-31922-1-w2,Transformer,999.0,0,0,100.0,0.0,0.49573,0.000289,0.002171
T3192-31911-31927-2-w1,Transformer,250.0,0,0,100.0,0.0,1.492287,0.000261,0.00013
T3192-31911-31927-2-w2,Transformer,999.0,0,0,100.0,0.0,1.493618,0.000329,0.002171
T3202-3201-32021-1-w1,Transformer,250.0,0,0,100.041591,0.207954,1.154402,0.000465,0.005018
T3202-3201-32021-1-w2,Transformer,999.0,0,0,100.041591,0.207954,1.154445,0.000361,0.002938
T3203-3209-32022-2-w1,Transformer,250.0,0,0,100.039113,0.195565,1.15439,0.000338,0.002847
T3203-3209-32022-2-w2,Transformer,999.0,0,0,100.039113,0.195565,1.154433,0.000299,0.00286
T3204-3202-32081-1-w1,Transformer,999.0,1,0,100.0,0.0,0.008011,0.000234,0.0
T3204-3202-32081-1-w2,Transformer,999.0,1,0,100.0,0.0,0.008016,0.000207,0.0
T3282-3281-32823-3-w1,Transformer,250.0,0,0,100.067215,0.129052,1.143205,0.000399,0.00401
T3282-3281-32823-3-w2,Transformer,999.0,0,0,100.067215,0.129052,1.143105,0.000419,0.005901
T3282-32810-32824-4-w1,Transformer,250.0,0,0,100.06707,0.128774,1.14326,0.00044,0.006083
T3282-32810-32824-4-w2,Transformer,999.0,0,0,100.06707,0.128774,1.14316,0.000444,0.004238
T3332-3331-33321-1-w1,Transformer,250.0,0,1,105.575101,13.937754,0.498003,0.000217,5.8e-05
T3332-3331-33321-1-w2,Transformer,999.0,0,1,105.575101,13.937754,0.496671,0.000202,5.8e-05
T3332-3331-33323-3-w1,Transformer,250.0,0,1,105.575101,13.937754,0.498003,0.000182,5.8e-05
T3332-3331-33323-3-w2,Transformer,999.0,0,1,105.575101,13.937754,0.496671,0.00015,5.8e-05
T3342-3341-33421-1-w1,Transformer,125.0,0,0,100.084868,0.53806,0.439883,0.000267,0.001508
T3342-3341-33421-1-w2,Transformer,999.0,0,0,100.084868,0.53806,0.440085,0.000208,0.001521
T3342-3341-33422-2-w1,Transformer,125.0,0,0,100.084868,0.53806,0.439883,0.000226,0.001508
T3342-3341-33422-2-w2,Transformer,999.0,0,0,100.084868,0.53806,0.440085,0.000216,0.001521
T3462-3461-34621-1-w1,Transformer,250.0,0,2,100.297807,1.52775,1.029689,0.000669,0.009216
T3462-3461-34621-1-w2,Transformer,999.0,0,2,100.297807,1.52775,1.029674,0.000642,0.009093
T3462-3461-34622-2-w1,Transformer,250.0,0,2,100.297807,1.52775,1.029689,0.000661,0.010237
T3462-3461-34622-2-w2,Transformer,999.0,0,2,100.297807,1.52775,1.029674,0.000628,0.009093
T3464-3462-34641-1-w1,Transformer,500.0,0,7,142.551941,212.759707,1.461233,0.00116,0.01892
T3464-3462-34641-1-w2,Transformer,500.0,0,7,142.551941,212.759707,1.461241,0.001108,0.017977
T3472-3471-34721-1-w1,Transformer,250.0,0,0,100.0,0.0,0.013316,0.000187,0.002041
T3472-3471-34721-1-w2,Transformer,999.0,0,0,100.0,0.0,0.007989,0.00014,0.0
T3472-3471-34722-2-w1,Transformer,250.0,0,0,100.0,0.0,0.013316,0.00022,0.00102
T3472-3471-34722-2-w2,Transformer,999.0,0,0,100.0,0.0,0.013316,0.000145,0.002041
T3472-3471-34723-3-w1,Transformer,250.0,0,0,100.0,0.0,0.013316,0.000182,0.002041
T3472-3471-34723-3-w2,Transformer,999.0,0,0,100.0,0.0,0.013316,0.000148,0.00102
T3472-3471-34724-4-w1,Transformer,250.0,0,0,100.0,0.0,0.007989,0.000152,0.0
T3472-3471-34724-4-w2,Transformer,999.0,0,0,100.0,0.0,0.013316,0.000205,0.002041
T3522-3521-35221-1-w1,Transformer,125.0,0,0,100.054474,0.104589,0.120653,0.000207,0.001729
T3522-3521-35221-1-w2,Transformer,999.0,0,0,100.054474,0.104589,0.119322,0.000205,0.000715
T3522-3521-35223-3-w1,Transformer,125.0,0,0,100.054859,0.105328,0.123956,0.000258,0.002756
T3522-3521-35223-3-w2,Transformer,999.0,0,0,100.054859,0.105328,0.119962,0.000213,0.002769
T3522-35211-35222-2-w1,Transformer,125.0,0,0,100.03848,0.073881,0.133486,0.000184,0.001599
T3522-35211-35222-2-w2,Transformer,999.0,0,0,100.03848,0.073881,0.134817,0.000232,0.000559
T3522-35211-35224-4-w1,Transformer,250.0,0,1,100.116572,0.223818,1.320743,0.000387,0.005102
T3522-35211-35224-4-w2,Transformer,999.0,0,1,100.116572,0.223818,1.320896,0.000351,0.004056
T3522-35231-35236-1-w1,Transformer,300.0,0,1,101.432864,1.762422,0.101746,0.000353,0.003991
T3522-35231-35236-1-w2,Transformer,999.0,0,1,101.432864,1.762422,0.100415,0.00029,0.003698
T3522-35231-35238-3-w1,Transformer,300.0,0,1,101.410453,1.734857,0.098108,0.000276,0.003945
T3522-35231-35238-3-w2,Transformer,999.0,0,1,101.410453,1.734857,0.096776,0.000352,0.004673
T3522-35232-35237-2-w1,Transformer,600.0,0,5,106.990012,8.597715,1.132517,0.000758,0.011056
T3522-35232-35237-2-w2,Transformer,999.0,0,5,106.990012,8.597715,1.132492,0.000761,0.011017
T3554-3550-35542-2-w1,Transformer,500.0,1,0,100.0,0.0,0.013333,0.000256,0.002041
T3554-3550-35542-2-w2,Transformer,999.0,1,0,100.0,0.0,0.007995,0.000152,0.0
T3554-3551-35541-1-w1,Transformer,500.0,0,5,100.397043,1.985214,1.384025,0.000956,0.01515
T3554-3551-35541-1-w2,Transformer,999.0,0,5,100.397043,1.985214,1.383757,0.000974,0.015144
T3642-3641-36421-1-w1,Transformer,250.0,0,0,100.03834,0.191701,0.586118,0.000442,0.003659
T3642-3641-36421-1-w2,Transformer,999.0,0,0,100.03834,0.191701,0.58745,0.000426,0.004069
T3842-3851-38423-3-w1,Transformer,125.0,0,0,100.019819,0.038053,0.097643,0.000212,0.002437
T3842-3851-38423-3-w2,Transformer,999.0,0,0,100.019819,0.038053,0.096311,0.000236,0.00245
T3842-3851-38424-4-w1,Transformer,250.0,0,0,100.055674,0.106894,0.926749,0.00044,0.005115
T3842-3851-38424-4-w2,Transformer,999.0,0,0,100.055674,0.106894,0.926608,0.000353,0.004153
T3852-3841-38421-1-w1,Transformer,125.0,0,0,100.039163,0.062569,0.107834,0.000264,0.002541
T3852-3841-38421-1-w2,Transformer,999.0,0,0,100.039163,0.062569,0.103839,0.000201,0.001521
T3852-3841-38422-2-w1,Transformer,238.0,0,1,100.127605,0.203871,0.220037,0.000296,0.002444
T3852-3841-38422-2-w2,Transformer,999.0,0,1,100.127605,0.203871,0.218706,0.000338,0.003646
T3934-3942-39402-1-w1,Transformer,500.0,0,8,142.920304,214.601521,1.034436,0.00107,0.015982
T3934-3942-39402-1-w2,Transformer,999.0,0,8,142.920304,214.601521,1.034431,0.001013,0.015956
T3940-3941-39423-1-w1,Transformer,250.0,0,3,100.759027,1.280758,1.325723,0.001068,0.013252
T3940-3941-39423-1-w2,Transformer,999.0,0,3,100.759027,1.280758,1.327055,0.001104,0.015365
T3954-3942-39421-2-w1,Transformer,500.0,0,7,131.860511,159.302555,1.029421,0.000841,0.014897
T3954-3942-39421-2-w2,Transformer,999.0,0,7,131.860511,159.302555,1.029409,0.00076,0.012713
T4384-4382-43821-1-w1,Transformer,500.0,0,9,114.476522,72.382611,1.397256,0.002065,0.03149
T4384-4382-43821-1-w2,Transformer,999.0,0,9,114.476522,72.382611,1.397387,0.002137,0.030528
T4472-4461-44623-3-w1,Transformer,250.0,0,2,115.4,38.5,0.013316,0.000205,0.002041
T4472-4461-44623-3-w2,Transformer,999.0,0,2,115.4,38.5,0.007456,0.00022,0.0
T4472-4471-44624-4-w1,Transformer,250.0,0,2,115.4,38.5,0.013316,0.000193,0.002041
T4472-4471-44624-4-w2,Transformer,999.0,0,2,115.4,38.5,0.009854,0.000189,0.0
T4664-4662-46621-1-w1,Transformer,500.0,0,0,100.0,0.0,0.007989,0.000155,0.0
T4664-4662-46621-1-w2,Transformer,999.0,0,0,100.0,0.0,0.013316,0.000227,0.002041
T4664-4662-46622-2-w1,Transformer,500.0,0,0,100.0,0.0,0.013316,0.000163,0.002041
T4664-4662-46622-2-w2,Transformer,999.0,0,0,100.0,0.0,0.013316,0.000173,0.002041
T4722-4721-47221-1-w1,Transformer,238.0,0,0,100.037076,0.190201,1.475643,0.000526,0.005323
T4722-4721-47221-1-w2,Transformer,999.0,0,0,100.037076,0.190201,1.475705,0.000461,0.004303
T4722-47210-47222-2-w1,Transformer,250.0,0,0,100.090897,0.466302,1.155068,0.000444,0.005115
T4722-47210-47222-2-w2,Transformer,999.0,0,0,100.090897,0.466302,1.155127,0.000478,0.006434
T4942-4941-49422-2-w1,Transformer,125.0,0,4,100.490315,0.896489,1.031834,0.000631,0.008729
T4942-4941-49422-2-w2,Transformer,999.0,0,4,100.490315,0.896489,1.031758,0.000695,0.008722
T4943-4941-49421-1-w1,Transformer,125.0,0,4,100.491907,0.902745,1.031834,0.000614,0.006681
T4943-4941-49421-1-w2,Transformer,999.0,0,4,100.491907,0.902745,1.031758,0.000592,0.006798
T5042-5041-50421-1-w1,Transformer,250.0,0,6,108.511352,10.468963,1.12998,0.000761,0.012089
T5042-5041-50421-1-w2,Transformer,999.0,0,6,108.511352,10.468963,1.129926,0.000776,0.011179
T5142-51410-51422-2-w1,Transformer,238.0,1,0,100.0,0.0,0.013342,0.000236,0.002041
T5142-51410-51422-2-w2,Transformer,999.0,1,0,100.0,0.0,0.013333,0.000188,0.002041
T5464-5462-54621-1-w1,Transformer,500.0,0,3,101.056891,6.70069,0.08547,0.000295,0.001709
T5464-5462-54621-1-w2,Transformer,999.0,0,3,101.056891,6.70069,0.086802,0.000303,0.00167
T5464-5462-54624-4-w1,Transformer,500.0,0,3,101.056891,6.70069,0.08547,0.000317,0.00375
T5464-5462-54624-4-w2,Transformer,999.0,0,3,101.056891,6.70069,0.086802,0.000262,0.00167
T5464-54622-54623-2-w1,Transformer,550.0,0,3,101.337571,8.4802,1.029807,0.000427,0.005551
T5464-54622-54623-2-w2,Transformer,999.0,0,3,101.337571,8.4802,1.029811,0.000365,0.003341
T30820-3081-30821-1-w1,Transformer,250.0,0,0,100.043758,0.277429,0.013316,0.00019,0.002041
T30820-3081-30821-1-w2,Transformer,999.0,0,0,100.043758,0.277429,0.006339,0.000139,0.0
T30820-3091-30826-3-w1,Transformer,250.0,0,1,132.328,80.82,0.790865,0.000276,0.001917
T30820-3091-30826-3-w2,Transformer,999.0,0,1,132.328,80.82,0.789546,0.000242,0.00193
T70510-70520-70561-1-w1,Transformer,240.0,0,0,100.07343,0.090319,0.346506,0.000206,0.000546
T70510-70520-70561-1-w2,Transformer,240.0,0,0,100.07343,0.090319,0.347837,0.000163,0.000533
T70510-70520-70562-1-w1,Transformer,240.0,0,0,100.07343,0.090319,0.343855,0.000281,0.002587
T70510-70520-70562-1-w2,Transformer,240.0,0,0,100.07343,0.090319,0.345187,0.000211,0.002574
T74511-74520-74562-1-w1,Transformer,240.0,0,0,100.026648,0.032777,0.234428,0.000185,0.002021
T74511-74520-74562-1-w2,Transformer,240.0,0,0,100.026648,0.032777,0.234156,0.000219,0.002002
T74511-74520-74564-1-w1,Transformer,240.0,0,0,100.024469,0.030097,0.234615,0.000248,0.004036
T74511-74520-74564-1-w2,Transformer,240.0,0,0,100.024469,0.030097,0.234348,0.000276,0.004043
T74512-74520-74563-1-w1,Transformer,240.0,0,0,100.025917,0.031878,0.234483,0.000202,0.001995
T74512-74520-74563-1-w2,Transformer,240.0,0,0,100.025917,0.031878,0.234213,0.000248,0.002002
T75510-75520-75561-1-w1,Transformer,240.0,0,3,102.136387,2.627756,0.271782,0.000443,0.004062
T75510-75520-75561-1-w2,Transformer,240.0,0,3,102.136387,2.627756,0.27045,0.000458,0.004056
T75511-75520-75562-1-w1,Transformer,240.0,0,3,102.466077,3.033275,0.297167,0.000498,0.006226
T75511-75520-75562-1-w2,Transformer,240.0,0,3,102.466077,3.033275,0.301162,0.000456,0.005726
T81010-81020-81061-1-w1,Transformer,240.0,0,0,100.002218,0.004724,0.0259,0.000156,0.002216
T81010-81020-81061-1-w2,Transformer,240.0,0,0,100.002218,0.004724,0.025625,0.000195,0.000175
T81010-81020-81062-1-w1,Transformer,240.0,0,0,100.002479,0.005281,0.025949,0.000178,0.000182
T81010-81020-81062-1-w2,Transformer,240.0,0,0,100.002479,0.005281,0.025668,0.000241,0.002203
T81011-81020-81063-1-w1,Transformer,240.0,0,0,100.002214,0.004716,0.025898,0.000215,0.000208
T81011-81020-81063-1-w2,Transformer,240.0,0,0,100.002214,0.004716,0.025623,0.000152,0.000169
T81510-81520-81561-1-w1,Transformer,240.0,0,1,100.465444,0.572496,0.288041,0.000212,0.001813
T81510-81520-81561-1-w2,Transformer,240.0,0,1,100.465444,0.572496,0.289372,0.000313,0.003783
T81510-81520-81562-1-w1,Transformer,240.0,0,1,100.467296,0.574774,0.291522,0.00029,0.002197
T81510-81520-81562-1-w2,Transformer,240.0,0,1,100.467296,0.574774,0.290191,0.000202,0.001742
T90011-90020-90061-1-w1,Transformer,240.0,0,1,100.474424,0.583541,0.07261,0.000317,0.002522
T90011-90020-90061-1-w2,Transformer,240.0,0,1,100.474424,0.583541,0.073942,0.000239,0.002509
T90011-90020-90062-1-w1,Transformer,240.0,0,1,100.474424,0.583541,0.07261,0.0003,0.002522
T90011-90020-90062-1-w2,Transformer,240.0,0,1,100.474424,0.583541,0.073942,0.000255,0.000468
T90012-90020-90063-1-w1,Transformer,240.0,0,1,100.424059,0.521593,0.066558,0.000237,0.001131
T90012-90020-90063-1-w2,Transformer,240.0,0,1,100.424059,0.521593,0.06789,0.000234,0.000591
T90310-90320-90361-1-w1,Transformer,240.0,0,1,100.790795,0.972678,0.226234,0.000291,0.003679
T90310-90320-90361-1-w2,Transformer,240.0,0,1,100.790795,0.972678,0.227565,0.000297,0.002613
T90310-90320-90362-1-w1,Transformer,240.0,0,1,100.790823,0.972712,0.226238,0.000373,0.003679
T90310-90320-90362-1-w2,Transformer,240.0,0,1,100.790823,0.972712,0.230232,0.000337,0.004439
T90420-90440-90461-1-w1,Transformer,500.0,0,3,101.081892,1.330727,0.10884,0.000425,0.0044
T90420-90440-90461-1-w2,Transformer,500.0,0,3,101.081892,1.330727,0.110171,0.000377,0.004543
T90420-90440-90462-1-w1,Transformer,500.0,0,3,101.081892,1.330727,0.10884,0.000379,0.005421
T90420-90440-90462-1-w2,Transformer,500.0,0,3,101.081892,1.330727,0.112834,0.000488,0.00659
T90420-90440-90463-1-w1,Transformer,500.0,0,3,101.081892,1.330727,0.10884,0.000357,0.0044
T90420-90440-90463-1-w2,Transformer,500.0,0,3,101.081892,1.330727,0.110171,0.000413,0.004543
