bus,station,v_nom_kV,jurisdiction,x,y,has_coordinates,ac_component,is_wind_node,wind_farms,wind_MW,other_generators,other_gen_MW,load_MW
1021,ARDNACRUSHA,110.0,IE,-8.6163685,52.7049873,True,0,True,2,8.16,5,90.0,81.44
1031,BALRUNTAGH,110.0,IE,-7.10042415,53.8041927,False,0,False,0,0.0,1,115.0,0.0
1041,AGHADA,110.0,IE,-8.227215,51.8356384,True,0,False,0,0.0,0,0.0,0.0
1042,AGHADA,220.0,IE,-8.227215,51.8356384,True,0,False,0,0.0,0,0.0,0.0
1052,AGHADA_B,220.0,IE,-8.2298695,51.8324792,True,0,False,0,0.0,0,0.0,0.0
1061,ARIGNA,110.0,IE,-8.0755119,54.0945702,True,0,True,4,15.6,0,0.0,5.53
1062,AGH_AT14,220.0,IE,-8.2298695,51.8324792,True,0,False,0,0.0,0,0.0,0.0
1071,AGANNYGAL,110.0,IE,-8.5499195,53.0367354,True,0,False,0,0.0,0,0.0,0.0
1072,AGHT2102,220.0,IE,-8.227215,51.8356384,True,0,False,0,0.0,0,0.0,0.0
1081,AHANE,110.0,IE,-8.5076209,52.6617276,True,0,False,0,0.0,2,8.0,5.76
1091,ADAMSTOWN,110.0,IE,-6.4790891,53.3403233,True,0,False,0,0.0,0,0.0,20.36
1101,ANNER,110.0,IE,-7.6492028,52.3719788,True,0,False,0,0.0,0,0.0,14.0
1121,ARKLOW,110.0,IE,-6.147732,52.8151839,True,0,True,4,118.39000000000001,4,42.0,46.56
1122,ARKLOW,220.0,IE,-6.147732,52.8151839,True,0,False,0,0.0,0,0.0,0.0
1131,ATHEA,110.0,IE,-9.3004089,52.43755,True,0,True,1,34.35,0,0.0,0.0
1141,ATHLONE,110.0,IE,-7.9745082,53.4230436,True,0,True,1,0.9,3,13.0,85.06
1151,BALLINKNOCKA,110.0,IE,-9.2239086,52.602712350000004,False,0,False,0,0.0,1,50.0,0.0
1161,AUGHINISH,110.0,IE,-9.0514195,52.6252455,True,0,False,0,0.0,0,0.0,0.0
1181,ARVA,110.0,IE,-7.4943716,53.9086252,True,0,False,0,0.0,0,0.0,0.0
1201,ARTANE,110.0,IE,-6.2094672,53.382358,True,0,False,0,0.0,0,0.0,19.76
1211,BALLYVOUSKIL,110.0,IE,-9.0797175,52.0059847,True,0,False,0,0.0,0,0.0,0.0
1212,BALLYVOUSKIL,220.0,IE,-9.0797175,52.0059847,True,0,False,0,0.0,0,0.0,0.0
1221,ATHY,110.0,IE,-6.9993402,52.9934345,True,0,False,0,0.0,1,4.99,25.22
1231,BALLYWATER,110.0,IE,-6.2495207,52.5378526,True,0,True,2,42.0,0,0.0,0.0
1243,CELTIC,365.0,IE,-8.3194761,51.9541985,False,0,False,0,0.0,0,0.0,0.0
1244,CELTIC,380.0,IE,-8.3194761,51.9541985,False,0,False,0,0.0,0,0.0,0.0
1251,BOOLTIAGH,110.0,IE,-9.240483,52.7756037,True,0,True,11,154.219,0,0.0,0.0
1261,BALDONNELL,110.0,IE,-6.4477366,53.3146332,False,0,False,0,0.0,0,0.0,0.0
1271,BALTRASNA,110.0,IE,-6.4401389,53.5454415,True,0,False,0,0.0,2,17.14,17.59
1281,BALLYLICKEY,110.0,IE,-9.4296621,51.7239932,True,0,True,6,65.71000000000001,0,0.0,14.72
1301,BALLYBEG,110.0,IE,-6.0958665,52.9909581,True,0,False,0,0.0,2,17.9,17.71
1311,CORDAL,110.0,IE,-9.2855811,52.2145657,True,0,True,4,147.6,0,0.0,0.0
1321,BLAKE,110.0,IE,-6.8812414,53.2886399,True,0,False,0,0.0,0,0.0,29.53
1331,BLUNDELSTOWN,110.0,IE,-6.5335903,53.444432,True,0,False,0,0.0,1,60.0,9.5
1341,BINBANE,110.0,IE,-8.2634291,54.7189369,True,0,True,17,89.3,0,0.0,21.02
1351,BARODA,110.0,IE,-6.7752554,53.1859251,True,0,False,0,0.0,0,0.0,5.26
1361,BALLYDINE,110.0,IE,-7.5207213,52.361399,True,0,False,0,0.0,1,5.8,18.05
1371,BARNAGEERAGH,110.0,IE,-6.3698501,53.4042822,True,0,False,0,0.0,0,0.0,35.78
1381,BARNAHELY,110.0,IE,-8.3442652,51.8284805,True,0,True,1,2.0,2,7.45,38.64
1392,CASTLELOST,220.0,IE,-7.3211845,53.3981429,True,0,False,0,0.0,5,275.0,0.0
1401,BELLACORICK,110.0,IE,-9.5787377,54.1205007,True,0,True,6,46.88999999999999,0,0.0,5.91
1411,AIRTON,110.0,IE,-6.3674201,53.2968693,True,0,False,0,0.0,0,0.0,59.94
1421,BLACKROCK,110.0,IE,-6.1746313,53.2914859,True,0,False,0,0.0,0,0.0,70.2
1431,BALLYRAGGET,110.0,IE,-7.342814,52.7988347,True,0,True,1,45.0,2,39.99,26.51
1441,BANDON,110.0,IE,-8.733195,51.7739278,True,0,True,3,13.6,5,32.8,52.57
1451,CLOGHRAN,110.0,IE,-6.3610231,53.4034934,True,0,False,0,0.0,0,0.0,71.0
1461,BARRYMORE,110.0,IE,-8.2546807,52.0958683,True,0,True,1,32.4,1,15.0,35.34
1471,BELCAMP,110.0,IE,-6.2025287,53.409766,True,0,False,0,0.0,0,0.0,0.0
1472,BELCAMP,220.0,IE,-6.2025287,53.409766,True,0,False,0,0.0,0,0.0,0.0
1474,BELCAMP,380.0,IE,-6.2025287,53.409766,True,0,False,0,0.0,0,0.0,0.0
1481,BUTLERSTOWN,110.0,IE,-7.1703735,52.2286078,True,0,True,1,1.7,2,36.650000000000006,47.5
1491,DEENES,110.0,IE,-6.4407825,53.6475064,True,0,False,0,0.0,1,85.0,0.0
1501,BRINNY,110.0,IE,-8.7045456,51.7851436,True,0,False,0,0.0,0,0.0,3.95
1511,CLOGHBOOLA,110.0,IE,-9.4380864,52.3305984,True,0,True,5,100.549,0,0.0,0.0
1521,BOGTOWN,110.0,IE,-7.2520289,53.262337,False,0,True,1,56.4,0,0.0,0.0
1522,CLONEE,220.0,IE,-6.426741,53.4167869,True,0,False,0,0.0,0,0.0,134.72
1531,BALLYADAM,110.0,IE,-8.213100449999999,51.87816345,False,0,False,0,0.0,0,0.0,0.0
1541,BANOGE,110.0,IE,-6.2725523,52.6502648,True,0,False,0,0.0,2,8.0,8.69
1551,BOGGERAGH,110.0,IE,-8.9086408,52.0384891,True,0,True,7,169.05,0,0.0,0.0
1561,COOLDERRIG,110.0,IE,-6.4525519,53.32992,True,0,False,0,0.0,0,0.0,38.0
1571,ARDNAGAPPARY,110.0,IE,-8.2688178,55.0566404,True,0,True,3,22.94,0,0.0,10.86
1581,CABRA,110.0,IE,-6.3003671,53.372675,True,0,False,0,0.0,0,0.0,14.84
1591,CLONFAD,110.0,IE,-7.2119609,53.4604224,True,0,False,0,0.0,1,100.0,0.0
1601,CLASHAVOON,110.0,IE,-8.9141082,51.938191,True,0,False,0,0.0,0,0.0,0.0
1602,CLASHAVOON,220.0,IE,-8.9141082,51.938191,True,0,False,0,0.0,0,0.0,0.0
1611,CLONKEEN,110.0,IE,-9.2997624,51.9841297,True,0,False,0,0.0,0,0.0,0.0
1621,COOLROE,110.0,IE,-8.6360252,51.8859966,True,0,False,0,0.0,1,10.0,12.23
1631,CORDERRY,110.0,IE,-8.197639,54.1988681,True,0,True,12,79.60300000000001,0,0.0,0.0
1641,CASHLA,110.0,IE,-8.8534296,53.3081124,True,0,False,0,0.0,0,0.0,0.0
1642,CASHLA,220.0,IE,-8.8534296,53.3081124,True,0,False,0,0.0,0,0.0,0.0
1651,CLAHANE,110.0,IE,-9.548026,52.3787738,True,0,True,2,51.599999999999994,1,34.0,0.0
1661,CASTLEBAR,110.0,IE,-9.2692746,53.8665266,True,0,True,7,50.44,0,0.0,33.53
1671,KILCUMBER,110.0,IE,-7.092703,53.2901576,True,0,True,1,75.0,0,0.0,0.0
1681,CARRIGADROHI,110.0,IE,-8.8633008,51.8978487,True,0,False,0,0.0,0,0.0,0.0
1691,CENTRAL PARK,110.0,IE,-6.2060635,53.2702392,True,0,False,0,0.0,0,0.0,10.86
1701,CATH_FALL,110.0,IE,-8.1769822,54.4987533,True,0,False,0,0.0,1,22.5,0.0
1711,CROMCASTLE,110.0,IE,-6.2276046,53.4030295,True,0,False,0,0.0,0,0.0,0.0
1721,CAHIR,110.0,IE,-7.8984212,52.3769959,True,0,False,0,0.0,4,34.3,30.19
1731,CROMCASTLE,110.0,IE,-6.2276046,53.4030295,True,0,False,0,0.0,0,0.0,0.0
1741,CARRICKMINES,110.0,IE,-6.1967385,53.2562454,True,0,False,0,0.0,0,0.0,76.04
1742,CARRICKMINES,220.0,IE,-6.1967385,53.2562454,True,0,False,0,0.0,0,0.0,0.0
1751,COOMNACLOHY,110.0,IE,-9.0797175,52.0059847,False,0,True,2,54.0,0,0.0,0.0
1761,CLIFF,110.0,IE,-8.1042024,54.4875201,True,0,False,0,0.0,2,20.0,0.0
1781,CASTLEFARM,110.0,IE,-9.0544843,52.6298482,True,0,False,0,0.0,0,0.0,50.8
1791,BRACKLONE,110.0,IE,-7.1605331,53.1531424,True,0,False,0,0.0,0,0.0,0.0
1801,COOKSTOWN,110.0,IE,-6.3781277,53.2931796,True,0,False,0,0.0,0,0.0,16.81
1810,DARNDALE,110.0,IE,-6.2241754,53.407848,True,0,False,0,0.0,0,0.0,121.0
1811,CLUTTERLAND,110.0,IE,-6.4497145,53.3179126,True,0,False,0,0.0,0,0.0,115.77
1821,CLOON,110.0,IE,-8.8482757,53.4834794,True,0,True,2,9.24,5,83.98,30.68
1831,SCREEB,110.0,IE,-9.5853139,53.3804345,True,0,True,2,7.99,0,0.0,22.74
1841,CRANE,110.0,IE,-6.5144397,52.5323772,True,0,True,2,7.49,1,5.0,43.61
1851,CHERRYWOOD,110.0,IE,-6.1567888,53.2433051,True,0,False,0,0.0,0,0.0,24.94
1861,CARRICK ON S,110.0,IE,-8.1088425,53.9373054,True,0,False,0,0.0,3,10.6,33.4
1871,COLLEGE PARK,110.0,IE,-6.3761003,53.4105364,True,0,False,0,0.0,0,0.0,25.9
1881,CHARLEVILLE,110.0,IE,-8.6941349,52.3301844,True,0,True,7,70.699,0,0.0,24.26
1901,CARLOW,110.0,IE,-6.8445771,52.8325066,True,0,True,7,55.74,3,13.3,73.63
1911,CUILLEEN,110.0,IE,-7.9745082,53.4230436,False,0,False,0,0.0,1,100.0,0.0
1921,COW CROSS,110.0,IE,-8.3012481,51.8651043,True,0,False,0,0.0,1,4.95,18.47
1931,CUNGHILL,110.0,IE,-8.6491987,54.1111523,True,0,True,2,34.8,0,0.0,0.0
1941,CUSHALING,110.0,IE,-7.0847828,53.2891013,True,0,False,0,0.0,0,0.0,0.0
1951,CARROWBEG,110.0,IE,-9.5059925,53.8093444,True,0,False,0,0.0,0,0.0,19.12
1961,CASTLEVIEW,110.0,IE,-8.3704585,51.9009511,True,0,False,0,0.0,0,0.0,32.25
1971,COOMAGEARLAH,110.0,IE,-9.311485,51.9385387,True,0,True,3,81.0,0,0.0,0.0
1981,CORRACLASSY,110.0,IE,-7.7446161,54.1527414,True,0,False,0,0.0,0,0.0,0.0
1991,CASTLEDOCKRE,110.0,IE,-6.6343018,52.5904745,True,0,True,4,41.400000000000006,0,0.0,0.0
2001,CULLENAGH,110.0,IE,-7.2796709,52.2493148,True,0,False,0,0.0,0,0.0,0.0
2002,CULLENAGH,220.0,IE,-7.2796709,52.2493148,True,0,False,0,0.0,0,0.0,0.0
2011,CORBETSTOWN,110.0,IE,-7.2138473,53.3581344,False,0,False,0,0.0,1,85.0,0.0
2021,CITY WEST,110.0,IE,-6.4163263,53.2892499,True,0,False,0,0.0,0,0.0,15.1
2041,CORDUFF,110.0,IE,-6.3649353,53.4193712,True,0,False,0,0.0,0,0.0,37.53
2042,CORDUFF,220.0,IE,-6.3649353,53.4193712,True,0,False,0,0.0,0,0.0,0.0
2052,CORDUFFB,220.0,IE,-6.3649353,53.4193712,True,0,False,0,0.0,0,0.0,0.0
2061,CASTLETREASU,110.0,IE,-8.3695668,51.8268181,False,0,False,0,0.0,1,55.0,0.0
2072,CRUISERATH,220.0,IE,-6.3817801,53.4146281,True,0,False,0,0.0,1,284.0,171.83
2090,KNOCKRANNY A,110.0,IE,-9.174368900000001,53.321867600000004,False,0,False,0,0.0,0,0.0,0.0
2091,KNOCKRANNY,110.0,IE,-9.289752,53.3598717,True,0,False,0,0.0,0,0.0,0.0
2101,DUNDALK,110.0,IE,-6.4237884,54.0053368,True,0,True,2,16.6,1,3.99,67.46
2111,UGGOOL,110.0,IE,-9.3355257,53.3536722,True,0,True,2,174.0,0,0.0,0.0
2121,DRUMLINE,110.0,IE,-8.8613742,52.7239924,True,0,False,0,0.0,2,12.0,29.75
2131,DROMADA,110.0,IE,-9.2344983,52.4434711,True,0,True,1,28.5,0,0.0,0.0
2141,DUNGARVAN,110.0,IE,-7.6536881,52.1082836,True,0,True,2,8.98,5,47.940000000000005,51.86
2151,DROMBEG,110.0,IE,-9.535199899999999,52.43461295,False,0,True,1,25.2,1,50.0,0.0
2161,DOON,110.0,IE,-7.6676498,52.3836007,True,0,False,0,0.0,2,12.99,31.92
2171,KNOCKALOUGH,110.0,IE,-9.2491169,53.3058138,True,0,True,1,33.6,0,0.0,0.0
2181,DRYBRIDGE,110.0,IE,-6.4010215,53.7247696,True,0,True,4,5.949999999999999,4,15.98,95.4
2191,DONORE,110.0,IE,-6.3878298,53.7067579,False,0,False,0,0.0,0,0.0,14.93
2202,DUNSTOWN,220.0,IE,-6.6881005,53.1543743,True,0,False,0,0.0,0,0.0,0.0
2204,DUNSTOWN,380.0,IE,-6.6881005,53.1543743,True,0,False,0,0.0,0,0.0,0.0
2211,DENNISTOWN,110.0,IE,-6.5394499,52.3403641,False,0,False,0,0.0,1,101.1,0.0
2212,DUNSTOWN,220.0,IE,-6.6881005,53.1543743,True,0,False,0,0.0,0,0.0,0.0
2221,DUNMANWAY,110.0,IE,-9.0897487,51.7232312,True,0,True,4,27.17,1,1.0,0.0
2225,DUNMANWAY,110.0,IE,-9.0897487,51.7232312,True,0,True,2,22.95,0,0.0,39.68
2231,DERRYBRIEN,110.0,IE,-8.5499195,53.0367354,False,0,True,1,59.5,0,0.0,0.0
2241,DALLOW,110.0,IE,-7.928076,53.1259869,True,0,True,5,26.03,0,0.0,21.83
2251,DARDISTOWN,110.0,IE,-6.2342099,53.4212033,True,0,False,0,0.0,0,0.0,10.86
2261,DERRYIRON,110.0,IE,-7.2138473,53.3581344,True,0,False,0,0.0,0,0.0,0.0
2271,DERRYLAHAN,110.0,IE,-8.0377635,53.2710643,False,0,False,0,0.0,1,65.0,0.0
2281,DALTON_A1,110.0,IE,-9.2692746,53.8665266,False,0,True,1,40.8,1,4.0,0.0
2301,DUNFIRTH,110.0,IE,-6.8293304,53.3880882,True,0,False,0,0.0,2,31.5,11.32
2312,DERRYGREENAG,220.0,IE,-6.5697981,53.4746308,False,0,False,0,0.0,0,0.0,0.0
2321,DRUMKEEN,110.0,IE,-7.7722302,54.8631648,True,0,False,0,0.0,0,0.0,0.0
2331,FERRY VIEW,110.0,IE,-9.289752,53.3598717,False,0,True,1,47.3,0,0.0,0.0
2341,CAHERHURLY,110.0,IE,-8.6163685,52.7049873,False,0,False,0,0.0,1,91.2,0.0
2351,EFFERNOGE,110.0,IE,-6.5259745,52.5557691,False,0,False,0,0.0,1,50.0,0.0
2361,ENNIS,110.0,IE,-8.9358728,52.860201,True,0,False,0,0.0,1,19.0,72.91
2391,KILL HILL,110.0,IE,-7.8209426,52.5172741,True,0,True,1,36.0,0,0.0,0.0
2401,MOUNT LUCAS,110.0,IE,-7.2520289,53.262337,True,0,True,1,79.2,0,0.0,0.0
2421,CORKAGH,110.0,IE,-6.4476689,53.3238429,True,0,False,0,0.0,0,0.0,155.84
2441,BELLEWSTOWN,110.0,IE,-6.375773049999999,53.5657691,False,0,False,0,0.0,3,162.0,0.0
2481,FASS EAST,110.0,IE,-6.1967385,53.2562454,False,0,False,0,0.0,0,0.0,66.81
2491,FASS WEST,110.0,IE,-6.1967385,53.2562454,False,0,False,0,0.0,0,0.0,0.0
2521,FLAGFORD,110.0,IE,-8.1238358,53.9116793,True,0,False,0,0.0,0,0.0,0.0
2522,FLAGFORD,220.0,IE,-8.1238358,53.9116793,True,0,False,0,0.0,0,0.0,0.0
2541,FRN ST A,110.0,IE,-6.2623108,53.3357725,False,0,False,0,0.0,0,0.0,56.69
2551,FRN ST B,110.0,IE,-6.319565450000001,53.33946485,False,0,False,0,0.0,0,0.0,0.0
2561,FIN_URBAN,110.0,IE,-6.3257744,53.4124627,True,0,False,0,0.0,0,0.0,0.0
2562,FINGLAS,220.0,IE,-6.3149241,53.4055029,True,0,False,0,0.0,0,0.0,0.0
2563,FINGLAS220B,220.0,IE,-6.3149241,53.4055029,True,0,False,0,0.0,0,0.0,0.0
2571,FIN_RURAL,110.0,IE,-6.3149241,53.4055029,True,0,False,0,0.0,1,8.42,41.04
2581,FINGLAS B5,110.0,IE,-6.3956127,53.41237275,False,0,False,0,0.0,0,0.0,0.0
2591,FORTUNESTOWN,110.0,IE,-6.4171604,53.2829452,True,0,False,0,0.0,0,0.0,17.02
2601,FIRLOUGH,110.0,IE,-9.088614100000001,54.1143034,False,0,True,2,75.6,0,0.0,0.0
2641,GRAHOMICK,110.0,IE,-6.5394499,52.3403641,False,0,False,0,0.0,1,54.8,0.0
2651,GARRINTAGGAR,110.0,IE,-7.342814,52.7988347,False,0,True,1,49.5,0,0.0,0.0
2661,AGHALEAGUE,110.0,IE,-8.1924874,54.1504588,False,0,False,0,0.0,1,40.0,0.0
2671,GARVAGH,110.0,IE,-8.1924874,54.1504588,True,0,True,3,82.0,0,0.0,0.0
2681,GILRA,110.0,IE,-7.9859944,53.9144475,True,0,False,0,0.0,0,0.0,11.42
2691,GARBALLAGH,110.0,IE,-6.4586834,53.6572305,True,0,False,0,0.0,2,143.0,0.0
2701,GLASMORE,110.0,IE,-6.2384064,53.4677716,True,0,True,1,0.5,2,43.99,77.8
2712,GLANSILLAGH,220.0,IE,-9.38132925,52.5843407,False,0,False,0,0.0,1,567.0,0.0
2721,GRIFFINRATH,110.0,IE,-6.5644585,53.3435573,True,0,False,0,0.0,3,59.8,56.49
2731,GLANLEE,110.0,IE,-9.3067693,51.925463,True,0,True,2,29.8,1,7.0,0.0
2741,GREAT ISLAND,110.0,IE,-6.99172,52.2815845,True,0,False,0,0.0,2,16.990000000000002,22.27
2742,GREAT ISLAND,220.0,IE,-6.99172,52.2815845,True,0,True,1,450.0,1,465.5,0.0
2761,GRANGE,110.0,IE,-6.1520925,53.3996226,True,0,False,0,0.0,0,0.0,64.84
2771,GARROW,110.0,IE,-9.131237,52.0026938,True,0,True,4,74.215,0,0.0,0.0
2781,GALWAY,110.0,IE,-9.0132121,53.290063,True,0,False,0,0.0,0,0.0,100.74
2791,GALLANSTOWN,110.0,IE,-6.3653809,53.450696,True,0,False,0,0.0,3,169.5,0.0
2801,GOLAGH,110.0,IE,-7.9351078,54.6871253,True,0,False,0,0.0,1,60.0,0.0
2821,GORTAWEE,110.0,IE,-7.5811846,54.1291946,True,0,True,2,8.0,0,0.0,34.75
2841,GORMAN,110.0,IE,-6.6442071,53.7009328,True,0,False,0,0.0,0,0.0,0.0
2842,GORMAN,220.0,IE,-6.6442071,53.7009328,True,0,False,0,0.0,0,0.0,0.0
2852,GLANAGOW,220.0,IE,-8.2496363,51.8150801,True,0,False,0,0.0,1,445.0,0.0
2861,GRANGE CASTL,110.0,IE,-6.4452964,53.3299746,True,0,False,0,0.0,0,0.0,70.53999999999999
2870,CLOGHER,110.0,IE,-7.9951038,54.6870462,True,0,False,0,0.0,0,0.0,0.0
2871,CLOGHER,110.0,IE,-7.9951038,54.6870462,True,0,False,0,0.0,0,0.0,0.0
2881,GLENLARA,110.0,IE,-9.023808,52.2053487,True,0,True,1,26.0,0,0.0,16.13
2892,GLENCLOOSAGH,220.0,IE,-9.3963977,52.5801792,False,0,False,0,0.0,0,0.0,0.0
2921,HARRISTOWN,110.0,IE,-7.1427122,53.4302536,False,0,False,0,0.0,1,42.3,0.0
2931,WALTERSTOWN,110.0,IE,-6.5211765,53.355297,False,0,False,0,0.0,0,0.0,50.78
2941,HAROLDS CROS,110.0,IE,-6.2754277,53.3290125,True,0,False,0,0.0,0,0.0,20.94
2951,HEUSTON SQUA,110.0,IE,-6.3000097,53.3451523,True,0,False,0,0.0,0,0.0,10.86
2962,HUNTSTOWN,220.0,IE,-6.3249285,53.4109851,True,0,False,0,0.0,2,353.2,0.0
2972,HUNTSTOWN 2,220.0,IE,-6.3349293,53.41195306666666,False,0,False,0,0.0,0,0.0,0.0
3061,INISCARRA,110.0,IE,-8.661073,51.9017859,True,0,False,0,0.0,0,0.0,0.0
3081,INCH_CITY,110.0,IE,-6.3391212,53.3337774,True,0,False,0,0.0,0,0.0,56.15
3082,INCHICORE,220.0,IE,-6.3391212,53.3337774,True,0,False,0,0.0,0,0.0,0.0
3091,INCH_COUNTRY,110.0,IE,-6.3391212,53.3337774,True,0,False,0,0.0,0,0.0,62.78
3101,IKERRIN,110.0,IE,-7.7713595,52.91857,True,0,True,1,35.95,0,0.0,29.04
3111,BALLYNABRANN,110.0,IE,-8.3194761,51.9541985,False,0,False,0,0.0,2,42.0,0.0
3122,IRISHTOWN,220.0,IE,-6.2019353,53.3400724,True,0,False,0,0.0,1,403.9,0.0
3181,KILLINSKYDUF,110.0,IE,-6.147732,52.8151839,False,0,False,0,0.0,1,47.11,0.0
3190,KNOCKANURE,110.0,IE,-9.3733302,52.4345623,True,0,False,0,0.0,0,0.0,0.0
3191,KNOCKANURE,110.0,IE,-9.3733302,52.4345623,True,0,False,0,0.0,0,0.0,0.0
3192,KNOCKANURE,220.0,IE,-9.3733302,52.4345623,True,0,False,0,0.0,0,0.0,0.0
3201,KNOCKRAHA,110.0,IE,-8.3194761,51.9541985,True,0,False,0,0.0,0,0.0,0.0
3202,KNOCKRAHA,220.0,IE,-8.3194761,51.9541985,True,0,False,0,0.0,0,0.0,0.0
3203,KNOCKRAHA,220.0,IE,-8.3194761,51.9541985,True,0,False,0,0.0,0,0.0,0.0
3204,KNOCKRAHA,380.0,IE,-8.3194761,51.9541985,True,0,False,0,0.0,0,0.0,0.0
3209,KNOCKRAHA,110.0,IE,-8.3194761,51.9541985,True,0,False,0,0.0,0,0.0,0.0
3221,KILBARRY,110.0,IE,-8.4769397,51.9224604,True,0,True,1,0.85,2,9.9,90.29
3231,KILCARBERY,110.0,IE,-6.4441978,53.3147089,True,0,False,0,0.0,0,0.0,35.64
3241,KILTEEL,110.0,IE,-6.5400403,53.2465815,True,0,False,0,0.0,1,15.0,38.3
3251,REAMORE,110.0,IE,-9.5436255,52.302124,True,0,True,4,83.15,0,0.0,0.0
3261,KILKENNY,110.0,IE,-7.1718695,52.6405514,True,0,False,0,0.0,5,62.0,57.67
3271,KISHOGE,110.0,IE,-6.4600205,53.3280353,True,0,False,0,0.0,0,0.0,21.78
3281,KILLONAN,110.0,IE,-8.5454912,52.6401871,True,0,False,0,0.0,0,0.0,0.0
3282,KILLONAN,220.0,IE,-8.5454912,52.6401871,True,0,False,0,0.0,0,0.0,0.0
3301,KNOCKEARAGH,110.0,IE,-9.4387403,52.0764652,True,0,True,2,13.85,1,8.99,46.42
3311,KNOCKDRIN,110.0,IE,-7.2130769,53.3598053,True,0,True,1,110.2,0,0.0,0.0
3321,KNOCKUMBER,110.0,IE,-6.7147404,53.6555904,True,0,False,0,0.0,0,0.0,23.66
3330,BALLYNAHULLA,110.0,IE,-9.2611456,52.1738656,True,0,False,0,0.0,0,0.0,0.0
3331,BALLYNAHULLA,110.0,IE,-9.2611456,52.1738656,True,0,False,0,0.0,0,0.0,0.0
3332,BALLYNAHULLA,220.0,IE,-9.2611456,52.1738656,True,0,False,0,0.0,0,0.0,0.0
3341,KELLIS,110.0,IE,-6.8163185,52.7887081,True,0,False,0,0.0,0,0.0,0.0
3342,KELLIS,220.0,IE,-6.8163185,52.7887081,True,0,False,0,0.0,0,0.0,0.0
3352,KELLYSTOWN,220.0,IE,-6.524176,53.3823502,True,0,False,0,0.0,0,0.0,116.85
3361,LAURENCETOWN,110.0,IE,-7.2138473,53.3581344,False,0,False,0,0.0,1,47.0,0.0
3381,KINNEGAD,110.0,IE,-7.1427122,53.4302536,True,0,False,0,0.0,0,0.0,10.19
3391,KNOCKACUMMER,110.0,IE,-9.1006362,52.2595355,True,0,True,1,105.0,0,0.0,0.0
3401,KILLOTERAN,110.0,IE,-7.1589941,52.2518508,True,0,False,0,0.0,0,0.0,11.97
3421,KILMORE,110.0,IE,-6.2208175,53.4013032,True,0,False,0,0.0,0,0.0,0.0
3431,KILMAHUD,110.0,IE,-6.4540511,53.3259419,True,0,False,0,0.0,0,0.0,35.0
3441,KILVINOGE,110.0,IE,-7.08179475,52.46106795,False,0,False,0,0.0,1,135.8,0.0
3461,KILPADDOGE,110.0,IE,-9.3963977,52.5801792,True,0,True,1,18.0,0,0.0,0.0
3462,KILPADDOGE,220.0,IE,-9.3963977,52.5801792,True,0,False,0,0.0,0,0.0,0.0
3464,KILP,380.0,IE,-9.3963977,52.5801792,True,0,False,0,0.0,0,0.0,0.0
3471,CASTLEBAGOT,110.0,IE,-6.4497194,53.3166943,True,0,False,0,0.0,0,0.0,0.0
3472,CASTLEBAGOT,220.0,IE,-6.4497194,53.3166943,True,0,False,0,0.0,0,0.0,0.0
3481,COOLNANOONAG,110.0,IE,-9.3963977,52.5801792,False,0,True,1,37.0,0,0.0,0.0
3491,LISLEA,110.0,IE,-7.1045616,54.1217547,False,0,True,1,48.9,0,0.0,0.0
3501,LANESBORO_A1,110.0,IE,-7.9157876,53.5831138,False,0,True,2,9.55,1,4.0,20.06
3511,LICKNY,110.0,IE,-7.3716668,53.5383686,False,0,True,2,97.5,0,0.0,0.0
3521,LOUTHA,110.0,IE,-6.5657571,53.9674714,True,0,False,0,0.0,1,50.0,0.0
3522,LOUTH,220.0,IE,-6.5657571,53.9674714,True,0,False,0,0.0,0,0.0,0.0
3531,LYSAGHTSTOWN,110.0,IE,-8.2307526,51.935749,True,0,False,0,0.0,2,147.0,0.0
3541,LIMERICK,110.0,IE,-8.6416309,52.634953,True,0,False,0,0.0,2,8.95,102.38999999999999
3550,COOLNABACKY_,110.0,IE,-6.6881005,53.1543743,False,0,False,0,0.0,0,0.0,0.0
3551,COOLNABACKY,110.0,IE,-7.1710771,52.896134599999996,False,0,False,0,0.0,2,80.0,0.0
3554,COOLNABACKY,380.0,IE,-6.6881005,53.1543743,False,0,False,0,0.0,0,0.0,0.0
3561,LISDRUM,110.0,IE,-6.9102424,54.2447228,True,0,True,1,33.1,0,0.0,39.15
3571,DERRYCARNEY,110.0,IE,-7.7961871,53.2271141,True,0,True,1,34.0,0,0.0,0.0
3581,LETTERKENNY,110.0,IE,-7.6977545,54.9241287,True,0,True,7,60.27,0,0.0,74.24
3591,LENALEA,110.0,IE,-7.8642829,54.9028813,True,0,True,1,30.5,0,0.0,0.0
3601,LIBERTY ST,110.0,IE,-8.4461681,51.8991554,False,0,False,0,0.0,0,0.0,26.07
3611,LIBERTY ST,110.0,IE,-8.4461681,51.8991554,False,0,False,0,0.0,0,0.0,0.0
3621,LISHEEN,110.0,IE,-7.6819128,52.7513555,True,0,True,2,68.4,0,0.0,0.0
3631,FREAGH,110.0,IE,-8.36335075,52.75063045,False,0,False,0,0.0,0,0.0,0.0
3641,LODGEWOOD,110.0,IE,-6.5375093,52.579161,True,0,False,0,0.0,1,20.0,0.0
3642,LODGEWOOD,220.0,IE,-6.5375093,52.579161,True,0,False,0,0.0,0,0.0,0.0
3651,BARNAKYLE,110.0,IE,-6.4477366,53.3146332,True,0,False,0,0.0,0,0.0,66.0
3662,LOUGHTOWN,220.0,IE,-6.9856001,52.2816555,True,0,False,0,0.0,0,0.0,0.0
3681,AUNGIERSTOWN,110.0,IE,-6.4523208,53.316073,True,0,False,0,0.0,0,0.0,35.89
3691,LAGHTANVACK,110.0,IE,-9.38332075,54.12188105,False,0,False,0,0.0,2,108.0,0.0
3751,MISERY HILL,110.0,IE,-6.2393583,53.3451982,True,0,False,0,0.0,0,0.0,20.65
3761,MACETOWN,110.0,IE,-6.4151251,53.4142091,True,0,False,0,0.0,0,0.0,27.72
3781,MCDERMOTT,110.0,IE,-6.2509463,53.3543732,True,0,False,0,0.0,0,0.0,124.71000000000001
3801,MIDLETON,110.0,IE,-8.1872013,51.9376618,True,0,True,1,1.7,4,14.89,48.25
3821,MEATH HILL,110.0,IE,-6.7310796,53.8911239,True,0,True,7,68.698,0,0.0,58.66
3841,MAYNOOTH A,110.0,IE,-6.6557283,53.313389300000004,False,0,False,0,0.0,0,0.0,0.0
3842,MAYNOOTH A,220.0,IE,-6.7457951000000005,53.312890425,False,0,False,0,0.0,0,0.0,0.0
3851,MAYNOOTH B,110.0,IE,-6.641628066666667,53.340543233333335,False,0,False,0,0.0,0,0.0,0.0
3852,MAYNOOTH B,220.0,IE,-6.547042775,53.303987975,False,0,False,0,0.0,0,0.0,0.0
3861,MILLTOWN,110.0,IE,-6.2522534,53.3150328,True,0,False,0,0.0,0,0.0,9.33
3871,MILLTOWN,110.0,IE,-6.2522534,53.3150328,True,0,False,0,0.0,0,0.0,78.34
3881,MACROOM,110.0,IE,-8.8921962,51.8957884,True,0,True,1,24.0,2,17.8,20.64
3891,CARRIGDANGAN,110.0,IE,-9.1207652,51.8043751,True,0,True,2,67.89999999999999,0,0.0,0.0
3901,MONETEEN,110.0,IE,-8.6881456,52.6369214,True,0,False,0,0.0,0,0.0,0.0
3911,METRO AIRPOR,110.0,IE,-6.2162523,53.3997557,False,0,False,0,0.0,0,0.0,23.75
3921,METRO NORTH,110.0,IE,-6.2093905,53.40476085,False,0,False,0,0.0,0,0.0,29.45
3934,MNYPG1,380.0,IE,-9.4216875,52.6103965,True,0,False,0,0.0,0,0.0,0.0
3940,MNYP B,220.0,IE,-9.4216875,52.6103965,True,0,False,0,0.0,0,0.0,0.0
3941,MONEYPOINT,110.0,IE,-9.4216875,52.6103965,True,0,True,1,17.25,0,0.0,0.0
3942,MONEYPOINT,220.0,IE,-9.4216875,52.6103965,True,0,False,0,0.0,0,0.0,0.0
3944,MONEYPOINT,380.0,IE,-9.4216875,52.6103965,True,0,False,0,0.0,0,0.0,0.0
3954,MNYPG2,380.0,IE,-9.4216875,52.6103965,True,0,False,0,0.0,0,0.0,0.0
3961,MARINA,110.0,IE,-8.4461681,51.8991554,True,0,False,0,0.0,0,0.0,21.73
3981,MUNGRET A,110.0,IE,-8.6881456,52.6369214,False,0,False,0,0.0,0,0.0,21.5
3991,MUNGRET B,110.0,IE,-8.6881456,52.6369214,False,0,False,0,0.0,0,0.0,0.0
4001,MULLINGAR,110.0,IE,-7.3716668,53.5383686,True,0,False,0,0.0,5,33.84,55.4
4012,MOORETOWN,220.0,IE,-6.3349293,53.41195306666666,False,0,False,0,0.0,0,0.0,58.41
4021,MALLOW,110.0,IE,-8.6206886,52.1431365,True,0,False,0,0.0,2,9.940000000000001,26.35
4041,MOY,110.0,IE,-9.1879038,54.1232614,True,0,True,1,6.0,0,0.0,30.2
4061,MULLAGHARLIN,110.0,IE,-6.4087276,53.9755464,True,0,False,0,0.0,0,0.0,8.21
4071,MEENTYCAT,110.0,IE,-7.842446,54.8676656,True,0,True,3,84.96,0,0.0,0.0
4081,MONREAD,110.0,IE,-6.6456698,53.2412035,True,0,False,0,0.0,2,8.0,21.49
4091,MULREAVY,110.0,IE,-7.9692346,54.6644867,True,0,True,4,95.25,0,0.0,0.0
4101,NEWBURY,110.0,IE,-6.2162523,53.3997557,True,0,False,0,0.0,0,0.0,32.0
4111,BANCROFT,110.0,IE,-6.3505969,53.2948465,True,0,False,0,0.0,0,0.0,43.0
4121,MULGEETH,110.0,IE,-7.1427122,53.4302536,False,0,True,1,60.0,0,0.0,0.0
4201,NEWBRIDGE,110.0,IE,-6.8355084,53.1955872,True,0,False,0,0.0,1,12.0,52.19
4211,NORTH QUAYS,110.0,IE,-6.2355586,53.3504282,True,0,False,0,0.0,0,0.0,24.5
4221,NAVAN,110.0,IE,-6.7064767,53.6997602,True,0,False,0,0.0,5,16.448999999999998,75.29
4242,NORTH WALL,220.0,IE,-6.211276,53.3498314,True,0,False,0,0.0,0,0.0,0.0
4261,NENAGH,110.0,IE,-8.1812103,52.8610738,True,0,True,6,14.69,1,4.0,27.95
4281,NANGOR,110.0,IE,-6.4356661,53.3241021,True,0,False,0,0.0,0,0.0,11.11
4321,OAKLANDS,110.0,IE,-6.21014215,52.73272435,False,0,False,0,0.0,0,0.0,0.0
4341,OLDCOURT,110.0,IE,-8.3012481,51.8651043,False,0,False,0,0.0,0,0.0,0.3
4351,OLDCOURT,110.0,IE,-8.3012481,51.8651043,False,0,False,0,0.0,0,0.0,0.0
4361,OUGHTRAGH,110.0,IE,-9.6927788,52.136625,True,0,True,1,9.0,1,4.0,29.21
4371,GLENREE,110.0,IE,-8.9893244,54.1053454,True,0,True,4,77.3,0,0.0,0.0
4382,OLDSTREET,220.0,IE,-8.2688847,53.134326,True,0,False,0,0.0,0,0.0,0.0
4384,OLDSTREET,380.0,IE,-8.2688847,53.134326,True,0,False,0,0.0,0,0.0,0.0
4391,PHILIPSTOWN,110.0,IE,-7.0878409,53.2882569,True,0,True,1,50.0,0,0.0,0.0
4401,POPPINTREE,110.0,IE,-6.2720237,53.4059932,True,0,False,0,0.0,0,0.0,31.85
4441,POLLAPHUCA,110.0,IE,-6.5904682,53.1208504,True,0,False,0,0.0,0,0.0,0.0
4451,POLLAHONEY,110.0,IE,-6.16364595,52.814124500000005,False,0,False,0,0.0,0,0.0,0.0
4461,POOLBEG,110.0,IE,-6.2066748,53.3397238,False,0,False,0,0.0,0,0.0,0.0
4462,POOLBEG NORT,220.0,IE,-6.211276,53.3498314,False,0,False,0,0.0,0,0.0,0.0
4471,POOLBEG,110.0,IE,-6.2066748,53.3397238,False,0,False,0,0.0,0,0.0,0.0
4472,POOLBEG SOUT,220.0,IE,-6.249045233333334,53.31328473333334,False,0,False,0,0.0,0,0.0,0.0
4481,PORTLAOISE,110.0,IE,-7.303909549999999,53.141162,False,0,True,2,54.20099999999999,1,4.0,49.26
4491,PELLETSTOWN,110.0,IE,-6.3275833,53.3815035,True,0,False,0,0.0,0,0.0,15.93
4501,PLATIN,110.0,IE,-6.3861652,53.6808422,True,0,False,0,0.0,0,0.0,18.0
4511,POTTERY ROAD,110.0,IE,-6.1519907,53.2734538,True,0,False,0,0.0,0,0.0,17.9
4522,PROSPECT,220.0,IE,-9.2533719,52.6394329,True,0,False,0,0.0,0,0.0,0.0
4621,RYEBROOK,110.0,IE,-6.5224663,53.3776928,True,0,False,0,0.0,0,0.0,104.52000000000001
4651,RINGSEND,110.0,IE,-6.2066748,53.3397238,True,0,False,0,0.0,0,0.0,73.77000000000001
4662,RATHCOBICAN,220.0,IE,-6.5697981,53.4746308,False,0,False,0,0.0,0,0.0,0.0
4664,RATHCOBICAN,380.0,IE,-6.5697981,53.4746308,False,0,False,0,0.0,0,0.0,0.0
4671,RAPPAREEHILL,110.0,IE,-7.9157876,53.5831138,False,0,True,1,90.0,0,0.0,0.0
4681,RATHKEALE,110.0,IE,-8.9685536,52.5436993,True,0,True,3,32.49,0,0.0,47.04
4691,OLDBRIDGE,110.0,IE,-6.3878298,53.7067579,True,0,False,0,0.0,0,0.0,47.28
4701,RICHMOND,110.0,IE,-7.857067,53.743184,True,0,True,1,4.99,2,12.0,44.39
4711,RICHMOND,110.0,IE,-7.857067,53.743184,True,0,False,0,0.0,0,0.0,0.0
4721,RAFFEEN,110.0,IE,-8.3695668,51.8268181,True,0,False,0,0.0,0,0.0,0.0
4722,RAFFEEN,220.0,IE,-8.3695668,51.8268181,True,0,False,0,0.0,0,0.0,0.0
4741,RINAWADE,110.0,IE,-6.5211765,53.355297,True,0,False,0,0.0,0,0.0,9.13
4761,RINGASKIDDY,110.0,IE,-8.3445201,51.8332719,True,0,False,0,0.0,0,0.0,0.0
4781,RATRUSSAN,110.0,IE,-7.1060697,54.0013256,True,0,True,3,78.62,0,0.0,0.0
4791,RATHNASKILLO,110.0,IE,-7.4519341,52.1571371,True,0,False,0,0.0,1,95.0,0.0
4901,SHELTON ABBE,110.0,IE,-6.1795599,52.8130651,True,0,False,0,0.0,0,0.0,2.29
4922,SOUTHBANK,220.0,IE,-6.1988537,53.344607350000004,False,0,False,0,0.0,1,296.0,0.0
4941,SHANNONBRIDG,110.0,IE,-8.0377635,53.2710643,True,0,False,0,0.0,8,310.0,0.0
4942,SHANNONBRIDG,220.0,IE,-8.0377635,53.2710643,True,0,False,0,0.0,0,0.0,0.0
4943,SHANNONBRIDG,220.0,IE,-8.0377635,53.2710643,True,0,False,0,0.0,0,0.0,0.0
4951,SALTHILL,110.0,IE,-9.0793907,53.2741041,True,0,True,4,46.1,0,0.0,51.5
4961,SHANKILL,110.0,IE,-7.2988808,53.9987866,True,0,True,3,28.017,2,11.0,61.24
4971,SHANONAGH,110.0,IE,-7.6437272,53.560741199999995,False,0,False,0,0.0,1,58.6,0.0
4981,SLIGO,110.0,IE,-8.4672217,54.2412252,True,0,True,3,17.73,0,0.0,60.88
4991,SORNE HILL,110.0,IE,-7.3684232,55.1313547,True,0,True,10,63.25,0,0.0,0.0
5001,SOMERSET,110.0,IE,-8.2305405,53.2666198,True,0,True,1,7.65,2,8.0,27.4
5022,SHELLYBANKS,220.0,IE,-6.1864314,53.3393833,True,0,False,0,0.0,0,0.0,0.0
5031,STEPHENSTOWN,110.0,IE,-6.1895932,53.6013247,True,0,False,0,0.0,0,0.0,11.97
5041,SRANANAGH,110.0,IE,-8.383984,54.1777596,True,0,False,0,0.0,0,0.0,0.0
5042,SRANANAGH,220.0,IE,-8.383984,54.1777596,True,0,False,0,0.0,0,0.0,0.0
5051,SEAL ROCK,110.0,IE,-9.0514195,52.6252455,False,0,False,0,0.0,1,81.0,0.0
5061,STRATFORD,110.0,IE,-6.6498218,52.9940643,True,0,False,0,0.0,0,0.0,25.48
5071,SEAL ROCK,110.0,IE,-9.0514195,52.6252455,False,0,False,0,0.0,1,81.0,0.0
5081,STONESTOWN,110.0,IE,-7.8364361,53.2167596,True,0,True,1,105.0,0,0.0,0.0
5091,SINGLAND,110.0,IE,-8.5873819,52.6634944,True,0,False,0,0.0,0,0.0,17.25
5111,SNUGBOROUGH,110.0,IE,-6.356603,53.4066092,True,0,False,0,0.0,0,0.0,52.89
5122,SHELLYBANKS,220.0,IE,-6.1864314,53.3393833,True,0,False,0,0.0,0,0.0,0.0
5131,TANEY,110.0,IE,-6.245051,53.2885883,True,0,False,0,0.0,0,0.0,8.45
5140,OLDPIER,220.0,IE,-9.3662608,52.5885022,True,0,False,0,0.0,3,144.0,0.0
5141,TARBERT,110.0,IE,-9.3662608,52.5885022,True,0,False,0,0.0,0,0.0,0.0
5142,TARBERT,220.0,IE,-9.3662608,52.5885022,True,0,False,0,0.0,1,296.0,0.0
5172,TYNAGH,220.0,IE,-8.3827087,53.1671713,True,0,False,0,0.0,2,404.0,0.0
5181,TRABEG,110.0,IE,-8.4596882,51.8827117,True,0,False,0,0.0,1,4.95,85.05
5191,TIEVEBRACK,110.0,IE,-8.2356174,54.8102758,True,0,True,1,29.9,0,0.0,0.0
5202,TURLOUGH HIL,220.0,IE,-6.4061441,53.0439505,True,0,False,0,0.0,4,292.0,0.0
5211,TIMAHOE,110.0,IE,-6.8626861,53.3500291,True,0,False,0,0.0,1,70.0,0.0
5221,TULLABRACK,110.0,IE,-9.4791123,52.6730693,True,0,True,3,31.0,0,0.0,13.04
5222,SHELLYBANKSB,220.0,IE,-6.1864314,53.3393833,True,0,False,0,0.0,0,0.0,0.0
5231,TRINITY,110.0,IE,-6.2491939,53.3425325,True,0,False,0,0.0,0,0.0,12.42
5241,TAWNAGHMORE,110.0,IE,-9.2178772,54.1918026,True,0,True,1,19.2,1,52.3,0.0
5251,TAWN_B,110.0,IE,-9.1879038,54.1232614,False,0,False,0,0.0,1,52.3,0.0
5261,TRIEN,110.0,IE,-9.426115,52.4245772,True,0,True,7,26.5,1,4.0,25.25
5271,CAUTEEN,110.0,IE,-8.1938573,52.5375573,True,0,True,3,59.08,0,0.0,0.0
5274,CAUTEEN,110.0,IE,-8.1938573,52.5375573,True,0,True,3,115.08,0,0.0,0.0
5281,TRALEE,110.0,IE,-9.6740021,52.2890467,True,0,True,6,47.56,2,13.9,57.56
5291,TULLABEG,110.0,IE,-6.3827622,52.6126135,True,0,False,0,0.0,2,155.0,0.0
5301,THURLES,110.0,IE,-7.7642805,52.6919962,True,0,True,5,41.8,0,0.0,30.05
5321,THORNSBERRY,110.0,IE,-7.4696537,53.2949583,True,0,False,0,0.0,4,23.8,38.21
5331,YELLOWMEADOW,110.0,IE,-6.392208800000001,53.331876,False,0,False,0,0.0,0,0.0,27.72
5341,TONROE,110.0,IE,-8.5725217,53.9098451,True,0,True,3,12.040000000000001,1,4.99,18.48
5351,TIMONEY,110.0,IE,-7.9045615,53.09481715,False,0,False,0,0.0,2,156.56,0.0
5361,TRILLICK,110.0,IE,-7.4186417,55.1127756,True,0,True,6,44.69,0,0.0,22.55
5381,TIPPERARY,110.0,IE,-8.0672001,52.4722096,True,0,True,2,4.6,1,4.0,23.73
5441,WATERFORD,110.0,IE,-7.1249367,52.2633036,True,0,True,3,18.53,2,9.99,65.18
5451,ROSSPILE,110.0,IE,-6.7423279,52.3018955,True,0,False,0,0.0,1,95.0,0.0
5462,WOODLAND,220.0,IE,-6.5697981,53.4746308,True,0,False,0,0.0,0,0.0,0.0
5464,WOODLAND,380.0,IE,-6.5697981,53.4746308,True,0,False,0,0.0,0,0.0,0.0
5481,WHITEGATE,110.0,IE,-8.2389996,51.8186651,True,0,False,0,0.0,0,0.0,9.0
5501,WEXFORD,110.0,IE,-6.5394499,52.3403641,True,0,True,3,38.9,2,12.93,63.85
5521,WOLFE TONE,110.0,IE,-6.2679779,53.349714,True,0,False,0,0.0,0,0.0,30.49
6201,COOMATAGGART,110.0,IE,-9.3145611,51.8735614,True,0,True,2,156.84,0,0.0,0.0
6371,WHITEBANK,110.0,IE,-6.1996317,53.3398123,True,0,False,0,0.0,0,0.0,0.0
6931,WOODHOUSE,110.0,IE,-7.7706666,52.0822332,True,0,True,1,20.0,0,0.0,0.0
10210,ARDNACRUSHA,110.0,IE,-8.6163685,52.7049873,True,0,False,0,0.0,0,0.0,0.0
10261,ARDNA_CAP,110.0,IE,-8.6163685,52.7049873,True,0,False,0,0.0,0,0.0,0.0
10422,LONGPOINT,220.0,IE,-8.2332664,51.8338841,True,0,False,0,0.0,1,456.69,0.0
10619,ARIGNA_T,110.0,IE,-8.127331133333334,54.076914566666666,False,0,False,0,0.0,0,0.0,0.0
11260,GLENART,220.0,IE,-6.147732,52.8151839,False,0,False,0,0.0,0,0.0,0.0
11261,W_ARKLOW_OFF,220.0,IE,-6.147732,52.8151839,False,0,True,1,800.0,0,0.0,0.0
11310,TOBERTOREEN,110.0,IE,-9.3004089,52.43755,True,0,True,1,23.15,0,0.0,0.0
11461,ATH_CAP,110.0,IE,-7.9745082,53.4230436,True,0,False,0,0.0,0,0.0,0.0
12111,BALLYVOUSKIL,110.0,IE,-9.0797175,52.0059847,True,0,False,0,0.0,0,0.0,0.0
13219,BLAKE T,110.0,IE,-6.8812414,53.2886399,True,0,False,0,0.0,0,0.0,0.0
13810,BARNAHELYB,110.0,IE,-8.3442652,51.8284805,True,0,False,0,0.0,0,0.0,5.37
14010,BELLACORICK,110.0,IE,-9.5787377,54.1205007,True,0,True,1,33.9,0,0.0,0.0
14013,SRAHNAKILLY,110.0,IE,-9.5787377,54.1205007,False,0,True,2,172.0,0,0.0,0.0
14016,CROAGHAUN,110.0,IE,-9.5787377,54.1205007,False,0,True,1,50.0,0,0.0,0.0
14461,BAN_CAP,110.0,IE,-8.733195,51.7739278,True,0,False,0,0.0,0,0.0,0.0
14619,BARRYM T,110.0,IE,-8.157525999999999,52.14235423333333,False,0,False,0,0.0,0,0.0,0.0
14720,NISA BELCAMP,220.0,IE,-6.2025287,53.409766,False,0,True,1,500.0,0,0.0,0.0
15010,BRINNY,110.0,IE,-8.7045456,51.7851436,True,0,False,0,0.0,0,0.0,0.0
15220,BRACETOWN,220.0,IE,-6.4457133,53.4222695,True,0,False,0,0.0,0,0.0,0.0
16011,CLASHAVOON,110.0,IE,-8.9141082,51.938191,True,0,False,0,0.0,0,0.0,0.0
16110,CLONKEEN,110.0,IE,-9.2997624,51.9841297,True,0,False,0,0.0,0,0.0,0.0
16410,BALLYMONEEN,110.0,IE,-8.8534296,53.3081124,False,0,False,0,0.0,1,100.0,0.0
16411,CASHLA,110.0,IE,-8.8534296,53.3081124,True,0,False,0,0.0,0,0.0,0.0
16461,CASH_CAP,110.0,IE,-8.8534296,53.3081124,True,0,False,0,0.0,0,0.0,0.0
16661,CBAR_CAP,110.0,IE,-9.2692746,53.8665266,True,0,False,0,0.0,0,0.0,0.0
16662,CBAR_SVC,110.0,IE,-9.2692746,53.8665266,True,0,False,0,0.0,0,0.0,0.0
17010,CATH FALL,110.0,IE,-8.1769822,54.4987533,True,0,True,2,55.0,1,23.0,19.14
17061,CATH_CAP,110.0,IE,-8.1769822,54.4987533,True,0,False,0,0.0,0,0.0,0.0
17261,CAHR_CAP,110.0,IE,-7.8984212,52.3769959,True,0,False,0,0.0,0,0.0,0.0
17411,CKM_COUNTRY,110.0,IE,-6.1967385,53.2562454,True,0,False,0,0.0,0,0.0,0.0
17420,DUBLIN ARRAY,220.0,IE,-6.1967385,53.2562454,False,0,True,1,824.0,0,0.0,0.0
17431,CKMN_PST,220.0,IE,-6.1967385,53.2562454,True,0,False,0,0.0,0,0.0,0.0
17462,CKM_SR,220.0,IE,-6.1967385,53.2562454,True,0,False,0,0.0,0,0.0,0.0
17810,CASTLEFARM,110.0,IE,-9.0544843,52.6298482,True,0,False,0,0.0,0,0.0,0.0
18010,COOKSTOWN A,110.0,IE,-6.4171604,53.2829452,False,0,False,0,0.0,0,0.0,68.19
18810,BALLYNADRIDE,110.0,IE,-8.6941349,52.3301844,False,0,False,0,0.0,1,120.0,0.0
20411,CORDUFF,110.0,IE,-6.3649353,53.4193712,True,0,False,0,0.0,0,0.0,0.0
20416,CORDUFF HOT,110.0,IE,-6.3649353,53.4193712,True,0,False,0,0.0,0,0.0,0.0
20900,BUFFY,110.0,IE,-9.2937884,53.3580797,True,0,True,2,109.2,0,0.0,0.0
21210,COOLSHAMROGE,110.0,IE,-8.8986235,52.7920967,False,0,False,0,0.0,1,60.0,0.0
21261,DRU_CAP,110.0,IE,-8.8613742,52.7239924,True,0,False,0,0.0,0,0.0,0.0
21661,DOON_CAP,110.0,IE,-7.6676498,52.3836007,True,0,False,0,0.0,0,0.0,0.0
22044,DUNSERIESCAP,380.0,IE,-6.6881005,53.1543743,True,0,False,0,0.0,0,0.0,0.0
22261,DUNM_CAP,110.0,IE,-9.0897487,51.7232312,True,0,False,0,0.0,0,0.0,0.0
22419,DALLOW T,110.0,IE,-7.928076,53.1259869,True,0,False,0,0.0,0,0.0,0.0
22610,DERRYIRON,110.0,IE,-7.2138473,53.3581344,True,0,False,0,0.0,0,0.0,0.0
22612,DERRYIRON,110.0,IE,-7.2138473,53.3581344,True,0,False,0,0.0,0,0.0,0.0
22613,DERRYIRON,110.0,IE,-7.2138473,53.3581344,True,0,False,0,0.0,0,0.0,0.0
22614,DERRYIRON,110.0,IE,-7.2138473,53.3581344,True,0,False,0,0.0,0,0.0,0.0
22811,DALTON_A2,110.0,IE,-9.0613521,53.5873195,False,0,True,1,2.55,0,0.0,32.74
22861,DALT_CAP,110.0,IE,-9.2692746,53.8665266,False,0,False,0,0.0,0,0.0,0.0
23019,DUNFIR_T,110.0,IE,-6.831073033333333,53.39121293333333,False,0,False,0,0.0,0,0.0,0.0
23610,SLIEVECALLAN,110.0,IE,-9.2836999,52.8288117,True,0,True,2,72.39,0,0.0,0.0
24819,FASSAROE_T,110.0,IE,-6.1967385,53.2562454,False,0,False,0,0.0,0,0.0,0.0
25610,NEWBARN,110.0,IE,-6.3257744,53.4124627,True,0,False,0,0.0,2,93.27,0.0
25674,TEG HUNTSTOW,110.0,IE,-6.3257744,53.4124627,True,0,False,0,0.0,0,0.0,0.0
27219,GRFRAT T,110.0,IE,-6.6100934,53.3284733,False,0,False,0,0.0,0,0.0,0.0
27281,GRIFFINRATH,110.0,IE,-6.5644585,53.3435573,True,0,False,0,0.0,0,0.0,0.0
27460,GI_OFFSHORE,220.0,IE,-6.99172,52.2815845,False,0,False,0,0.0,0,0.0,0.0
28019,GOLAGH T,110.0,IE,-7.9351078,54.6871253,True,0,False,0,0.0,0,0.0,0.0
28261,GWE_CAP,110.0,IE,-7.5811846,54.1291946,True,0,False,0,0.0,0,0.0,0.0
28411,GORMAN ESS,110.0,IE,-6.6442071,53.7009328,True,0,False,0,0.0,0,0.0,0.0
28710,CLOGHER,110.0,IE,-7.9951038,54.6870462,True,0,False,0,0.0,0,0.0,0.0
28712,CLOGHER,110.0,IE,-7.9951038,54.6870462,True,0,False,0,0.0,0,0.0,0.0
28810,GLENLARA,110.0,IE,-9.023808,52.2053487,True,0,True,3,40.8,1,4.95,0.0
30820,INCHICORE,220.0,IE,-6.3391212,53.3337774,True,0,False,0,0.0,0,0.0,0.0
31019,IKERIN T,110.0,IE,-7.7713595,52.91857,True,0,False,0,0.0,0,0.0,0.0
31911,KNOCKANURE B,110.0,IE,-9.3733302,52.4345623,True,0,False,0,0.0,0,0.0,0.0
31920,KNOCKANURE,220.0,IE,-9.3733302,52.4345623,True,0,False,0,0.0,0,0.0,0.0
32060,KNOCKRAHA OF,220.0,IE,-8.3194761,51.9541985,False,0,True,1,450.0,0,0.0,0.0
32210,KILNAP,110.0,IE,-8.4775343,51.9222902,True,0,False,0,0.0,0,0.0,5.43
32461,KILTEEL_CAP,110.0,IE,-6.5400403,53.2465815,True,0,False,0,0.0,0,0.0,0.0
32661,KKY_CAP,110.0,IE,-7.1718695,52.6405514,True,0,False,0,0.0,0,0.0,0.0
32810,KILLONAN2,110.0,IE,-8.5454912,52.6401871,True,0,False,0,0.0,0,0.0,0.0
33410,BENDINSTOWN,110.0,IE,-6.8163185,52.7887081,False,0,False,0,0.0,1,81.0,0.0
34620,KILPADDOGE,220.0,IE,-9.3963977,52.5801792,True,0,False,0,0.0,0,0.0,0.0
35011,LANESBORO_A2,110.0,IE,-8.16825665,53.640239425000004,False,0,False,0,0.0,0,0.0,0.0
35211,LOUTHB,110.0,IE,-6.5657571,53.9674714,True,0,False,0,0.0,0,0.0,0.0
35231,LOUTH,275.0,IE,-6.5657571,53.9674714,True,0,False,0,0.0,0,0.0,0.0
35232,LOUTH,275.0,IE,-6.5657571,53.9674714,True,0,False,0,0.0,0,0.0,0.0
35261,LOU_CAP,110.0,IE,-6.5657571,53.9674714,True,0,False,0,0.0,0,0.0,0.0
35611,LISDRUMDOAGH,110.0,IE,-6.9122464,54.2443142,True,0,False,0,0.0,0,0.0,0.0
35661,LISD_CAP,110.0,IE,-6.9102424,54.2447228,True,0,False,0,0.0,0,0.0,0.0
35861,LKY_CAP,110.0,IE,-7.6977545,54.9241287,True,0,False,0,0.0,0,0.0,0.0
35862,LKY_SVC,110.0,IE,-7.6977545,54.9241287,True,0,False,0,0.0,0,0.0,0.0
36210,LISHEEN,110.0,IE,-7.6819128,52.7513555,True,0,True,2,59.0,0,0.0,0.0
36411,CRORY,110.0,IE,-6.5358105,52.579165,True,0,True,9,60.162,0,0.0,0.0
36671,GREENLINK,150.0,IE,-6.9856001,52.2816555,True,0,False,0,0.0,1,504.0,0.0
39420,W_SKERD ROCK,220.0,IE,-9.4216875,52.6103965,False,0,True,1,450.0,0,0.0,0.0
39444,MPTSERIESCAP,380.0,IE,-8.054894,52.882385400000004,False,0,False,0,0.0,0,0.0,0.0
39610,MARINA,110.0,IE,-8.4461681,51.8991554,True,0,False,0,0.0,0,0.0,0.0
40061,MUL_CAP,110.0,IE,-7.3716668,53.5383686,True,0,False,0,0.0,0,0.0,0.0
40461,MOY_CAP,110.0,IE,-9.1879038,54.1232614,True,0,False,0,0.0,0,0.0,0.0
40462,MOYCAP2,110.0,IE,-9.1879038,54.1232614,True,0,False,0,0.0,0,0.0,0.0
43619,OUTAGH T,110.0,IE,-9.601840399999999,52.16737896666667,False,0,False,0,0.0,0,0.0,0.0
43844,OLDSERIESCAP,380.0,IE,-7.4193413999999995,53.3044784,False,0,False,0,0.0,0,0.0,0.0
44661,PBEG REACTOR,220.0,IE,-6.211276,53.3498314,False,0,False,0,0.0,0,0.0,0.0
44662,PBEG REACTOR,220.0,IE,-6.249045233333334,53.31328473333334,False,0,False,0,0.0,0,0.0,0.0
44731,CODLING 1,220.0,IE,-6.211276,53.3498314,False,0,True,1,483.0,0,0.0,0.0
44732,CODLING 2,220.0,IE,-6.249045233333334,53.31328473333334,False,0,True,1,483.0,0,0.0,0.0
44733,CODLING 3,220.0,IE,-6.249045233333334,53.31328473333334,False,0,True,1,483.0,0,0.0,0.0
47210,RAFFEENB,110.0,IE,-8.3695668,51.8268181,True,0,False,0,0.0,0,0.0,0.0
47261,RAFF_CAP,110.0,IE,-8.3695668,51.8268181,True,0,False,0,0.0,0,0.0,0.0
49662,MOB_CAP,110.0,IE,-7.2988808,53.9987866,True,0,False,0,0.0,0,0.0,0.0
49861,SLIG_CAP,110.0,IE,-8.4672217,54.2412252,True,0,False,0,0.0,0,0.0,0.0
50019,SOMRST T,110.0,IE,-8.3739112,53.28193216666667,False,0,False,0,0.0,0,0.0,0.0
50619,STRATF T,110.0,IE,-6.6949557,52.982473766666665,False,0,False,0,0.0,0,0.0,0.0
51319,CENTRAL PARK,110.0,IE,-6.2060635,53.2702392,True,0,False,0,0.0,0,0.0,0.0
51410,TARBERT,110.0,IE,-9.3662608,52.5885022,True,0,False,0,0.0,0,0.0,0.0
51911,CROAGHONAGH,110.0,IE,-7.9951038,54.6870462,False,0,True,2,139.2,0,0.0,0.0
52219,TULBRK T,110.0,IE,-9.3804276,52.686356499999995,False,0,False,0,0.0,0,0.0,0.0
52610,TRIEN,110.0,IE,-9.426115,52.4245772,True,0,True,3,46.3,0,0.0,0.0
52661,TRIE_CAP,110.0,IE,-9.426115,52.4245772,True,0,False,0,0.0,0,0.0,0.0
52861,TRAL_CAP,110.0,IE,-9.6740021,52.2890467,True,0,False,0,0.0,0,0.0,0.0
53061,THUR_CAP,110.0,IE,-7.7642805,52.6919962,True,0,False,0,0.0,0,0.0,0.0
54622,WOODLAND,220.0,IE,-6.5697981,53.4746308,True,0,False,0,0.0,0,0.0,0.0
54630,EASTWEST,260.0,IE,-6.5675597,53.4712157,True,0,False,0,0.0,1,500.0,0.0
54640,PORTAN,380.0,IE,-6.5675597,53.4712157,True,0,False,0,0.0,0,0.0,0.0
55061,WEXF_CAP,110.0,IE,-6.5394499,52.3403641,True,0,False,0,0.0,0,0.0,0.0
66094,SLIABH BAWN,110.0,IE,-8.0518963,53.7511805,True,0,True,1,58.0,0,0.0,0.0
66096,UPPERCHURCH,110.0,IE,-8.36335075,52.75063045,False,0,True,1,84.0,0,0.0,0.0
66121,ORIEL,220.0,IE,-6.567777599999999,53.7210511,False,0,False,0,0.0,0,0.0,0.0
66122,ORIEL LANDIN,220.0,IE,-6.567777599999999,53.7210511,False,0,False,0,0.0,0,0.0,0.0
66123,ORIEL OFFSHO,220.0,IE,-6.567777599999999,53.7210511,False,0,True,2,370.0,0,0.0,0.0
68090,KNOCKNAMONA,110.0,IE,-7.7706666,52.0822332,False,0,True,1,34.0,0,0.0,0.0
70010,AGHYOULE,110.0,NI,-7.5851248,54.1627134,True,0,True,4,82.5,0,0.0,22.0
70111,AIRP,110.0,NI,-5.8678235,54.5759299,False,0,False,0,0.0,0,0.0,30.77
70112,AIRP1B,110.0,NI,-5.8678235,54.5759299,False,0,False,0,0.0,0,0.0,0.0
70311,ANTR1A,110.0,NI,-6.2208116,54.7277414,True,0,False,0,0.0,5,61.372,51.45
70312,ANTR1B,110.0,NI,-6.2208116,54.7277414,True,0,False,0,0.0,0,0.0,0.0
70510,BAFD1-,110.0,NI,-5.7822124,54.8423899,True,0,False,0,0.0,3,207.0,3.21
70520,BAFD2-,275.0,NI,-5.7840555,54.8451971,True,0,False,0,0.0,3,487.0,9.629999999999999
71011,BAME1A,110.0,NI,-6.2853537,54.8512107,True,0,True,3,50.15,3,15.2,32.68
71012,BAME1B,110.0,NI,-6.2853537,54.8512107,True,0,False,0,0.0,0,0.0,32.37
71511,BANB1A,110.0,NI,-6.2458547,54.3439696,True,0,False,0,0.0,0,0.0,47.08
71512,BANB1B,110.0,NI,-6.2458547,54.3439696,True,0,False,0,0.0,0,0.0,0.0
72010,BAVA1-,110.0,NI,-5.8612268,54.7841741,True,0,False,0,0.0,0,0.0,0.0
72021,TBESS,110.0,NI,-5.8612268,54.7841741,False,0,False,0,0.0,0,0.0,0.0
72511,BNCH1A,110.0,NI,-5.8782828,54.3907852,True,0,False,0,0.0,0,0.0,0.0
72512,BNCH1B,110.0,NI,-5.8782828,54.3907852,True,0,False,0,0.0,0,0.0,67.81
73011,BELN1A,110.0,NI,-5.9247406,54.6048411,True,0,False,0,0.0,0,0.0,0.0
73012,BELN1B,110.0,NI,-5.9247406,54.6048411,True,0,False,0,0.0,0,0.0,52.75
73500,BROCK1,110.0,NI,-6.7382085,54.9371278,True,0,True,1,47.5,0,0.0,0.0
73510,GARVAGH NI,110.0,NI,-6.7382085,54.9371278,False,0,False,0,0.0,4,137.3,0.0
74011,CARN1A,110.0,NI,-5.9538319,54.6869153,True,0,True,1,13.8,0,0.0,42.32
74012,CARN1B,110.0,NI,-5.9538319,54.6869153,True,0,False,0,0.0,0,0.0,0.0
74511,CAST1A,110.0,NI,-5.8784287,54.5629404,True,0,False,0,0.0,0,0.0,0.0
74512,CAST1B,110.0,NI,-5.8784287,54.5629404,True,0,False,0,0.0,0,0.0,0.0
74520,CAST2-,275.0,NI,-5.8784287,54.5629404,True,0,False,0,0.0,0,0.0,0.0
74711,CENT1A,110.0,NI,-5.9247406,54.6048411,True,0,False,0,0.0,0,0.0,0.0
74712,CENT1B,110.0,NI,-5.9247406,54.6048411,True,0,False,0,0.0,0,0.0,50.17
75010,COLE1-,110.0,NI,-6.6873926,55.1094142,True,0,True,4,103.0,0,0.0,45.86
75012,COL_HISC,110.0,NI,-6.6873926,55.1094142,True,0,False,0,0.0,0,0.0,0.0
75510,COOL1-,110.0,NI,-7.2472407,55.0424072,True,0,False,0,0.0,2,177.0,63.39
75511,COOL1,110.0,NI,-7.2472407,55.0424072,True,0,False,0,0.0,0,0.0,0.0
75514,COOL_CAP,110.0,NI,-7.2472407,55.0424072,True,0,False,0,0.0,0,0.0,0.0
75520,COOLKEER,275.0,NI,-7.2472407,55.0424072,True,0,False,0,0.0,1,253.0,3.21
75521,COOL2A,275.0,NI,-7.2472407,55.0424072,True,0,False,0,0.0,0,0.0,0.0
75522,COOL2B,275.0,NI,-7.2472407,55.0424072,True,0,False,0,0.0,0,0.0,0.0
75523,SKRAFT_SC,275.0,NI,-7.2472407,55.0424072,True,0,False,0,0.0,0,0.0,0.0
75610,AUGHT,110.0,NI,-7.2472407,55.0424072,False,0,False,0,0.0,1,37.2,0.0
75611,CULMORE_RD,110.0,NI,-7.2472407,55.0424072,False,0,False,0,0.0,0,0.0,0.0
75710,CORP ST,110.0,NI,-5.9247406,54.6048411,True,0,False,0,0.0,0,0.0,0.0
75810,CREAGH,110.0,NI,-6.4927469,54.7612165,True,0,False,0,0.0,1,4.98,71.59
76011,CREG1A,110.0,NI,-5.8958778,54.5825064,True,0,False,0,0.0,0,0.0,72.46
76012,CREG1B,110.0,NI,-5.8958778,54.5825064,True,0,False,0,0.0,0,0.0,0.0
76511,DONE1C,110.0,NI,-5.9247406,54.6048411,True,0,False,0,0.0,0,0.0,43.69
76512,DONE1B,110.0,NI,-5.9540897,54.5909011,True,0,False,0,0.0,0,0.0,0.0
76513,DONE1D,110.0,NI,-5.9944128,54.5699203,False,0,False,0,0.0,0,0.0,51.37
76514,DONE1A,110.0,NI,-5.9540897,54.5909011,True,0,False,0,0.0,0,0.0,0.0
76810,DROMORE,110.0,NI,-7.3879666,54.5291488,True,0,False,0,0.0,0,0.0,0.0
77010,DRUM1-,110.0,NI,-6.55344755,54.44102015,False,0,False,0,0.0,1,2.6,94.62
77210,DRUMQUIN,110.0,NI,-7.4862623,54.575301,True,0,True,3,67.9,0,0.0,0.0
77211,CURR_WF,110.0,NI,-7.4862623,54.575301,False,0,False,0,0.0,1,42.0,0.0
77212,WIND_PT,110.0,NI,-7.4862623,54.575301,False,0,True,1,51.6,0,0.0,0.0
77511,DUNG1-,110.0,NI,-6.7496081,54.5330816,True,0,True,1,17.5,0,0.0,105.92
77512,DUNG1B,110.0,NI,-6.7496081,54.5330816,True,0,False,0,0.0,0,0.0,0.0
78511,EDEN1A,110.0,NI,-5.7827614,54.7377509,True,0,False,0,0.0,1,2.3,40.61
78512,EDEN1B,110.0,NI,-5.7827614,54.7377509,True,0,False,0,0.0,0,0.0,0.0
79010,ENNISKIL,110.0,NI,-7.6326094,54.3671413,True,0,True,1,16.9,1,15.0,64.41
79015,ENNK_PST,110.0,NI,-7.6326094,54.3671413,True,0,False,0,0.0,0,0.0,0.0
79016,ENNK_PST,110.0,NI,-7.6326094,54.3671413,True,0,False,0,0.0,0,0.0,0.0
79017,ENNISKILLEN,110.0,NI,-7.6326094,54.3671413,True,0,False,0,0.0,0,0.0,0.0
79510,CAM,110.0,NI,-6.9501605,55.0586856,False,0,False,0,0.0,3,81.1,0.0
80011,FINY1A,110.0,NI,-5.9944128,54.5699203,True,0,False,0,0.0,0,0.0,34.17
80012,FINY1B,110.0,NI,-5.9944128,54.5699203,True,0,False,0,0.0,0,0.0,0.0
80511,GLEN1A,110.0,NI,-6.1653631,54.8036875,False,0,False,0,0.0,0,0.0,20.92
80512,GLEN1B,110.0,NI,-6.1653631,54.8036875,False,0,False,0,0.0,0,0.0,0.0
80710,GORT,110.0,NI,-7.1171035,54.4851717,True,0,True,5,67.5,1,21.6,0.0
80711,GORT SC,110.0,NI,-7.1171035,54.4851717,True,0,False,0,0.0,0,0.0,0.0
81010,HANA1A,110.0,NI,-6.0273784,54.5747551,True,0,False,0,0.0,0,0.0,0.0
81011,HANA1B,110.0,NI,-6.0273784,54.5747551,True,0,False,0,0.0,0,0.0,0.0
81020,HANA2A,275.0,NI,-6.0273784,54.5747551,True,0,False,0,0.0,0,0.0,0.0
81031,COLINGLEN_BE,110.0,NI,-6.0273784,54.5747551,False,0,False,0,0.0,0,0.0,0.0
81510,KELS1-,110.0,NI,-6.1653631,54.8036875,True,0,False,0,0.0,1,23.1,0.0
81511,KELL_WIND1,110.0,NI,-6.1653631,54.8036875,True,0,False,0,0.0,0,0.0,0.0
81512,KELL_WIND2,110.0,NI,-6.1653631,54.8036875,False,0,False,0,0.0,0,0.0,0.0
81520,KELS2-,275.0,NI,-6.167332,54.8014668,True,0,False,0,0.0,0,0.0,0.0
81810,KILL1-CL,110.0,NI,-7.3389711,54.9474449,False,0,True,3,73.7,1,15.0,0.0
82020,KILR2-,275.0,NI,-5.7679308,54.727135,True,0,False,0,0.0,4,784.0,25.7
82511,KNCK1A,110.0,NI,-5.8560999,54.5941754,True,0,False,0,0.0,0,0.0,47.8
82512,KNCK1B,110.0,NI,-5.8560999,54.5941754,True,0,False,0,0.0,0,0.0,0.0
83011,LARN1A,110.0,NI,-5.8553653,54.847707,True,0,True,2,15.0,1,16.1,52.12
83012,LARN1B,110.0,NI,-5.8553653,54.847707,True,0,False,0,0.0,0,0.0,0.0
83510,LIMA1-,110.0,NI,-6.9158482,55.0242354,True,0,True,2,37.7,0,0.0,25.5
84011,LISB1A,110.0,NI,-6.0904031,54.5211635,True,0,False,0,0.0,3,58.849999999999994,76.66
84012,LISB1B,110.0,NI,-6.0904031,54.5211635,True,0,False,0,0.0,0,0.0,0.0
84411,LSMR1A,110.0,NI,-7.3049906,54.9806374,True,0,False,0,0.0,0,0.0,0.0
84412,LSMR1B,110.0,NI,-7.3049906,54.9806374,True,0,True,1,15.0,0,0.0,41.64
84511,LOGE1A,110.0,NI,-6.6561595,55.1478388,True,0,False,0,0.0,1,9.2,44.62
84512,LOGE1B,110.0,NI,-6.6561595,55.1478388,True,0,False,0,0.0,0,0.0,0.0
85020,MAGF2-,275.0,NI,-6.6158563,54.73025,True,0,False,0,0.0,0,0.0,0.0
85510,MAKL1-CL,110.0,NI,-7.2810517,54.5779193,False,0,True,3,70.6,4,67.4,0.0
86220,BALLYCRO,275.0,NI,-5.7704674,54.8432016,True,0,False,0,0.0,0,0.0,0.0
86221,SCOTLAND,275.0,NI,0.0,0.0,False,1,False,0,0.0,2,1000.0,0.0
86280,MOYL_DUM,110.0,NI,-5.7704674,54.8432016,True,0,False,0,0.0,0,0.0,0.0
86311,NARD1A,110.0,NI,-5.6775437,54.602727,True,0,False,0,0.0,0,0.0,0.0
86312,NARD1B,110.0,NI,-5.6775437,54.602727,True,0,False,0,0.0,1,4.99,47.71
86511,NEWY1A,110.0,NI,-6.3198565,54.1790704,True,0,False,0,0.0,0,0.0,0.0
86512,NEWY1B,110.0,NI,-6.3198565,54.1790704,True,0,False,0,0.0,1,16.0,83.17
87510,OMAH1-,110.0,NI,-7.2810517,54.5779193,True,0,True,7,95.7,0,0.0,65.86
87900,RASHARK1,110.0,NI,-6.530321399999999,54.9500765,False,0,True,4,76.3,2,35.019,0.0
87901,T_GOWANGIS,110.0,NI,-6.3961438,54.83832683333333,False,0,False,0,0.0,0,0.0,0.0
88011,RATH1A,110.0,NI,-5.6724001,54.6465345,True,0,False,0,0.0,0,0.0,0.0
88012,RATH1B,110.0,NI,-5.6724001,54.6465345,True,0,False,0,0.0,0,0.0,61.34
88511,ROSE1A,110.0,NI,-5.8678235,54.5759299,True,0,False,0,0.0,0,0.0,0.0
88512,ROSE1B,110.0,NI,-5.8678235,54.5759299,True,0,False,0,0.0,0,0.0,40.94
89210,SKRK1-,110.0,NI,-7.3389711,54.9474449,False,0,True,1,27.6,2,46.0,0.0
89311,SPRN1A,110.0,NI,-7.3333798,55.0198941,True,0,False,0,0.0,0,0.0,36.9
89312,SPRN1B,110.0,NI,-7.3333798,55.0198941,True,0,False,0,0.0,0,0.0,0.0
89510,STRABANE,110.0,NI,-7.4307015,54.8524826,True,0,True,4,28.1,0,0.0,46.78
89515,STRA_PST,110.0,NI,-7.4307015,54.8524826,True,0,False,0,0.0,0,0.0,0.0
89516,STRA_PST,110.0,NI,-7.4307015,54.8524826,True,0,False,0,0.0,0,0.0,0.0
89517,STRABANE ZER,110.0,NI,-7.4307015,54.8524826,True,0,False,0,0.0,0,0.0,0.0
90011,TAND1A,110.0,NI,-6.425216,54.3700948,True,0,False,0,0.0,0,0.0,0.0
90012,TAND1B,110.0,NI,-6.425216,54.3700948,True,0,False,0,0.0,0,0.0,0.0
90020,TANDRAGEE,275.0,NI,-6.425216,54.3700948,True,0,False,0,0.0,0,0.0,0.0
90210,TREM,110.0,NI,-6.9813654,54.5449324,False,0,True,7,90.0,0,0.0,0.0
90310,TAMNAMOR,110.0,NI,-6.6816791,54.5119455,True,0,False,0,0.0,0,0.0,0.0
90320,TAMNAMOR,275.0,NI,-6.6816791,54.5119455,True,0,False,0,0.0,0,0.0,0.0
90331,HERON_BES,110.0,NI,-6.6816791,54.5119455,True,0,False,0,0.0,0,0.0,0.0
90420,TURLEENA,275.0,NI,-6.425216,54.3700948,True,0,False,0,0.0,0,0.0,0.0
90440,TURLEENA,380.0,NI,-6.425216,54.3700948,True,0,False,0,0.0,0,0.0,0.0
90511,WARN1A,110.0,NI,-6.3078693,54.450423,True,0,False,0,0.0,1,9.0,73.75
90512,WARN1B,110.0,NI,-6.3078693,54.450423,True,0,False,0,0.0,0,0.0,0.0
90710,YORK ST,110.0,NI,-5.9247406,54.6048411,True,0,False,0,0.0,0,0.0,0.0
star:1072-1041-10421-2,star of 1072-1041-10421-2,220.0,--,-8.227215,51.8356384,False,0,False,0,0.0,0,0.0,0.0
star:1122-1121-11221-1,star of 1122-1121-11221-1,220.0,--,-6.147732,52.8151839,False,0,False,0,0.0,0,0.0,0.0
star:1122-1121-11222-2,star of 1122-1121-11222-2,220.0,--,-6.147732,52.8151839,False,0,False,0,0.0,0,0.0,0.0
star:1212-1211-12121-1,star of 1212-1211-12121-1,220.0,--,-9.0797175,52.0059847,False,0,False,0,0.0,0,0.0,0.0
star:1212-12111-12122-2,star of 1212-12111-12122-2,220.0,--,-9.0797175,52.0059847,False,0,False,0,0.0,0,0.0,0.0
star:1244-1243-12402-1,star of 1244-1243-12402-1,380.0,--,-8.3194761,51.9541985,False,0,False,0,0.0,0,0.0,0.0
star:1472-1471-14721-1,star of 1472-1471-14721-1,220.0,--,-6.2025287,53.409766,False,0,False,0,0.0,0,0.0,0.0
star:1472-1471-14722-2,star of 1472-1471-14722-2,220.0,--,-6.2025287,53.409766,False,0,False,0,0.0,0,0.0,0.0
star:1474-1472-14723-1,star of 1474-1472-14723-1,380.0,--,-6.2025287,53.409766,False,0,False,0,0.0,0,0.0,0.0
star:1602-1601-16022-1,star of 1602-1601-16022-1,220.0,--,-8.9141082,51.938191,False,0,False,0,0.0,0,0.0,0.0
star:1602-16011-16021-1,star of 1602-16011-16021-1,220.0,--,-8.9141082,51.938191,False,0,False,0,0.0,0,0.0,0.0
star:1642-1641-16421-1,star of 1642-1641-16421-1,220.0,--,-8.8534296,53.3081124,False,0,False,0,0.0,0,0.0,0.0
star:1642-1641-16422-2,star of 1642-1641-16422-2,220.0,--,-8.8534296,53.3081124,False,0,False,0,0.0,0,0.0,0.0
star:1642-16411-16424-4,star of 1642-16411-16424-4,220.0,--,-8.8534296,53.3081124,False,0,False,0,0.0,0,0.0,0.0
star:1742-1741-17421-1,star of 1742-1741-17421-1,220.0,--,-6.1967385,53.2562454,False,0,False,0,0.0,0,0.0,0.0
star:1742-1741-17422-2,star of 1742-1741-17422-2,220.0,--,-6.1967385,53.2562454,False,0,False,0,0.0,0,0.0,0.0
star:1742-17411-17423-3,star of 1742-17411-17423-3,220.0,--,-6.1967385,53.2562454,False,0,False,0,0.0,0,0.0,0.0
star:1742-17411-17424-4,star of 1742-17411-17424-4,220.0,--,-6.1967385,53.2562454,False,0,False,0,0.0,0,0.0,0.0
star:2002-2001-20021-1,star of 2002-2001-20021-1,220.0,--,-7.2796709,52.2493148,False,0,False,0,0.0,0,0.0,0.0
star:2042-2041-20421-1,star of 2042-2041-20421-1,220.0,--,-6.3649353,53.4193712,False,0,False,0,0.0,0,0.0,0.0
star:2042-20416-20424-4,star of 2042-20416-20424-4,220.0,--,-6.3649353,53.4193712,False,0,False,0,0.0,0,0.0,0.0
star:2052-2041-20422-2,star of 2052-2041-20422-2,220.0,--,-6.3649353,53.4193712,False,0,False,0,0.0,0,0.0,0.0
star:2204-2202-22021-1,star of 2204-2202-22021-1,380.0,--,-6.6881005,53.1543743,False,0,False,0,0.0,0,0.0,0.0
star:2204-2202-22022-2,star of 2204-2202-22022-2,380.0,--,-6.6881005,53.1543743,False,0,False,0,0.0,0,0.0,0.0
star:2204-2212-22023-3,star of 2204-2212-22023-3,380.0,--,-6.6881005,53.1543743,False,0,False,0,0.0,0,0.0,0.0
star:2522-2521-25221-1,star of 2522-2521-25221-1,220.0,--,-8.1238358,53.9116793,False,0,False,0,0.0,0,0.0,0.0
star:2522-2521-25222-2,star of 2522-2521-25222-2,220.0,--,-8.1238358,53.9116793,False,0,False,0,0.0,0,0.0,0.0
star:2562-2561-25621-1,star of 2562-2561-25621-1,220.0,--,-6.32034925,53.408982800000004,False,0,False,0,0.0,0,0.0,0.0
star:2562-2571-25622-2,star of 2562-2571-25622-2,220.0,--,-6.3149241,53.4055029,False,0,False,0,0.0,0,0.0,0.0
star:2563-2561-25624-4,star of 2563-2561-25624-4,220.0,--,-6.32034925,53.408982800000004,False,0,False,0,0.0,0,0.0,0.0
star:2563-2571-25625-5,star of 2563-2571-25625-5,220.0,--,-6.3149241,53.4055029,False,0,False,0,0.0,0,0.0,0.0
star:2742-2741-27421-1,star of 2742-2741-27421-1,220.0,--,-6.99172,52.2815845,False,0,False,0,0.0,0,0.0,0.0
star:2742-2741-27422-2,star of 2742-2741-27422-2,220.0,--,-6.99172,52.2815845,False,0,False,0,0.0,0,0.0,0.0
star:2842-2841-28421-1,star of 2842-2841-28421-1,220.0,--,-6.6442071,53.7009328,False,0,False,0,0.0,0,0.0,0.0
star:3082-3081-30822-2,star of 3082-3081-30822-2,220.0,--,-6.3391212,53.3337774,False,0,False,0,0.0,0,0.0,0.0
star:3082-3091-30824-4,star of 3082-3091-30824-4,220.0,--,-6.3391212,53.3337774,False,0,False,0,0.0,0,0.0,0.0
star:3192-3191-31922-1,star of 3192-3191-31922-1,220.0,--,-9.3733302,52.4345623,False,0,False,0,0.0,0,0.0,0.0
star:3192-31911-31927-2,star of 3192-31911-31927-2,220.0,--,-9.3733302,52.4345623,False,0,False,0,0.0,0,0.0,0.0
star:3202-3201-32021-1,star of 3202-3201-32021-1,220.0,--,-8.3194761,51.9541985,False,0,False,0,0.0,0,0.0,0.0
star:3203-3209-32022-2,star of 3203-3209-32022-2,220.0,--,-8.3194761,51.9541985,False,0,False,0,0.0,0,0.0,0.0
star:3204-3202-32081-1,star of 3204-3202-32081-1,380.0,--,-8.3194761,51.9541985,False,0,False,0,0.0,0,0.0,0.0
star:3282-3281-32823-3,star of 3282-3281-32823-3,220.0,--,-8.5454912,52.6401871,False,0,False,0,0.0,0,0.0,0.0
star:3282-32810-32824-4,star of 3282-32810-32824-4,220.0,--,-8.5454912,52.6401871,False,0,False,0,0.0,0,0.0,0.0
star:3332-3331-33321-1,star of 3332-3331-33321-1,220.0,--,-9.2611456,52.1738656,False,0,False,0,0.0,0,0.0,0.0
star:3332-3331-33323-3,star of 3332-3331-33323-3,220.0,--,-9.2611456,52.1738656,False,0,False,0,0.0,0,0.0,0.0
star:3342-3341-33421-1,star of 3342-3341-33421-1,220.0,--,-6.8163185,52.7887081,False,0,False,0,0.0,0,0.0,0.0
star:3342-3341-33422-2,star of 3342-3341-33422-2,220.0,--,-6.8163185,52.7887081,False,0,False,0,0.0,0,0.0,0.0
star:3462-3461-34621-1,star of 3462-3461-34621-1,220.0,--,-9.3963977,52.5801792,False,0,False,0,0.0,0,0.0,0.0
star:3462-3461-34622-2,star of 3462-3461-34622-2,220.0,--,-9.3963977,52.5801792,False,0,False,0,0.0,0,0.0,0.0
star:3464-3462-34641-1,star of 3464-3462-34641-1,380.0,--,-9.3963977,52.5801792,False,0,False,0,0.0,0,0.0,0.0
star:3472-3471-34721-1,star of 3472-3471-34721-1,220.0,--,-6.4497194,53.3166943,False,0,False,0,0.0,0,0.0,0.0
star:3472-3471-34722-2,star of 3472-3471-34722-2,220.0,--,-6.4497194,53.3166943,False,0,False,0,0.0,0,0.0,0.0
star:3472-3471-34723-3,star of 3472-3471-34723-3,220.0,--,-6.4497194,53.3166943,False,0,False,0,0.0,0,0.0,0.0
star:3472-3471-34724-4,star of 3472-3471-34724-4,220.0,--,-6.4497194,53.3166943,False,0,False,0,0.0,0,0.0,0.0
star:3522-3521-35221-1,star of 3522-3521-35221-1,220.0,--,-6.5657571,53.9674714,False,0,False,0,0.0,0,0.0,0.0
star:3522-3521-35223-3,star of 3522-3521-35223-3,220.0,--,-6.5657571,53.9674714,False,0,False,0,0.0,0,0.0,0.0
star:3522-35211-35222-2,star of 3522-35211-35222-2,220.0,--,-6.5657571,53.9674714,False,0,False,0,0.0,0,0.0,0.0
star:3522-35211-35224-4,star of 3522-35211-35224-4,220.0,--,-6.5657571,53.9674714,False,0,False,0,0.0,0,0.0,0.0
star:3522-35231-35236-1,star of 3522-35231-35236-1,220.0,--,-6.5657571,53.9674714,False,0,False,0,0.0,0,0.0,0.0
star:3522-35231-35238-3,star of 3522-35231-35238-3,220.0,--,-6.5657571,53.9674714,False,0,False,0,0.0,0,0.0,0.0
star:3522-35232-35237-2,star of 3522-35232-35237-2,220.0,--,-6.5657571,53.9674714,False,0,False,0,0.0,0,0.0,0.0
star:3554-3550-35542-2,star of 3554-3550-35542-2,380.0,--,-6.6881005,53.1543743,False,0,False,0,0.0,0,0.0,0.0
star:3554-3551-35541-1,star of 3554-3551-35541-1,380.0,--,-6.929588799999999,53.02525445,False,0,False,0,0.0,0,0.0,0.0
star:3642-3641-36421-1,star of 3642-3641-36421-1,220.0,--,-6.5375093,52.579161,False,0,False,0,0.0,0,0.0,0.0
star:3842-3851-38423-3,star of 3842-3851-38423-3,220.0,--,-6.693711583333334,53.32671682916667,False,0,False,0,0.0,0,0.0,0.0
star:3842-3851-38424-4,star of 3842-3851-38424-4,220.0,--,-6.693711583333334,53.32671682916667,False,0,False,0,0.0,0,0.0,0.0
star:3852-3841-38421-1,star of 3852-3841-38421-1,220.0,--,-6.601385537500001,53.3086886375,False,0,False,0,0.0,0,0.0,0.0
star:3852-3841-38422-2,star of 3852-3841-38422-2,220.0,--,-6.601385537500001,53.3086886375,False,0,False,0,0.0,0,0.0,0.0
star:3934-3942-39402-1,star of 3934-3942-39402-1,380.0,--,-9.4216875,52.6103965,False,0,False,0,0.0,0,0.0,0.0
star:3940-3941-39423-1,star of 3940-3941-39423-1,220.0,--,-9.4216875,52.6103965,False,0,False,0,0.0,0,0.0,0.0
star:3954-3942-39421-2,star of 3954-3942-39421-2,380.0,--,-9.4216875,52.6103965,False,0,False,0,0.0,0,0.0,0.0
star:4384-4382-43821-1,star of 4384-4382-43821-1,380.0,--,-8.2688847,53.134326,False,0,False,0,0.0,0,0.0,0.0
star:4472-4461-44623-3,star of 4472-4461-44623-3,220.0,--,-6.227860016666667,53.326504266666674,False,0,False,0,0.0,0,0.0,0.0
star:4472-4471-44624-4,star of 4472-4471-44624-4,220.0,--,-6.227860016666667,53.326504266666674,False,0,False,0,0.0,0,0.0,0.0
star:4664-4662-46621-1,star of 4664-4662-46621-1,380.0,--,-6.5697981,53.4746308,False,0,False,0,0.0,0,0.0,0.0
star:4664-4662-46622-2,star of 4664-4662-46622-2,380.0,--,-6.5697981,53.4746308,False,0,False,0,0.0,0,0.0,0.0
star:4722-4721-47221-1,star of 4722-4721-47221-1,220.0,--,-8.3695668,51.8268181,False,0,False,0,0.0,0,0.0,0.0
star:4722-47210-47222-2,star of 4722-47210-47222-2,220.0,--,-8.3695668,51.8268181,False,0,False,0,0.0,0,0.0,0.0
star:4942-4941-49422-2,star of 4942-4941-49422-2,220.0,--,-8.0377635,53.2710643,False,0,False,0,0.0,0,0.0,0.0
star:4943-4941-49421-1,star of 4943-4941-49421-1,220.0,--,-8.0377635,53.2710643,False,0,False,0,0.0,0,0.0,0.0
star:5042-5041-50421-1,star of 5042-5041-50421-1,220.0,--,-8.383984,54.1777596,False,0,False,0,0.0,0,0.0,0.0
star:5142-51410-51422-2,star of 5142-51410-51422-2,220.0,--,-9.3662608,52.5885022,False,0,False,0,0.0,0,0.0,0.0
star:5464-5462-54621-1,star of 5464-5462-54621-1,380.0,--,-6.5697981,53.4746308,False,0,False,0,0.0,0,0.0,0.0
star:5464-5462-54624-4,star of 5464-5462-54624-4,380.0,--,-6.5697981,53.4746308,False,0,False,0,0.0,0,0.0,0.0
star:5464-54622-54623-2,star of 5464-54622-54623-2,380.0,--,-6.5697981,53.4746308,False,0,False,0,0.0,0,0.0,0.0
star:30820-3081-30821-1,star of 30820-3081-30821-1,220.0,--,-6.3391212,53.3337774,False,0,False,0,0.0,0,0.0,0.0
star:30820-3091-30826-3,star of 30820-3091-30826-3,220.0,--,-6.3391212,53.3337774,False,0,False,0,0.0,0,0.0,0.0
star:70510-70520-70561-1,star of 70510-70520-70561-1,110.0,--,-5.78313395,54.843793500000004,False,0,False,0,0.0,0,0.0,0.0
star:70510-70520-70562-1,star of 70510-70520-70562-1,110.0,--,-5.78313395,54.843793500000004,False,0,False,0,0.0,0,0.0,0.0
star:74511-74520-74562-1,star of 74511-74520-74562-1,110.0,--,-5.8784287,54.5629404,False,0,False,0,0.0,0,0.0,0.0
star:74511-74520-74564-1,star of 74511-74520-74564-1,110.0,--,-5.8784287,54.5629404,False,0,False,0,0.0,0,0.0,0.0
star:74512-74520-74563-1,star of 74512-74520-74563-1,110.0,--,-5.8784287,54.5629404,False,0,False,0,0.0,0,0.0,0.0
star:75510-75520-75561-1,star of 75510-75520-75561-1,110.0,--,-7.2472407,55.0424072,False,0,False,0,0.0,0,0.0,0.0
star:75511-75520-75562-1,star of 75511-75520-75562-1,110.0,--,-7.2472407,55.0424072,False,0,False,0,0.0,0,0.0,0.0
star:81010-81020-81061-1,star of 81010-81020-81061-1,110.0,--,-6.0273784,54.5747551,False,0,False,0,0.0,0,0.0,0.0
star:81010-81020-81062-1,star of 81010-81020-81062-1,110.0,--,-6.0273784,54.5747551,False,0,False,0,0.0,0,0.0,0.0
star:81011-81020-81063-1,star of 81011-81020-81063-1,110.0,--,-6.0273784,54.5747551,False,0,False,0,0.0,0,0.0,0.0
star:81510-81520-81561-1,star of 81510-81520-81561-1,110.0,--,-6.16634755,54.802577150000005,False,0,False,0,0.0,0,0.0,0.0
star:81510-81520-81562-1,star of 81510-81520-81562-1,110.0,--,-6.16634755,54.802577150000005,False,0,False,0,0.0,0,0.0,0.0
star:90011-90020-90061-1,star of 90011-90020-90061-1,110.0,--,-6.425216,54.3700948,False,0,False,0,0.0,0,0.0,0.0
star:90011-90020-90062-1,star of 90011-90020-90062-1,110.0,--,-6.425216,54.3700948,False,0,False,0,0.0,0,0.0,0.0
star:90012-90020-90063-1,star of 90012-90020-90063-1,110.0,--,-6.425216,54.3700948,False,0,False,0,0.0,0,0.0,0.0
star:90310-90320-90361-1,star of 90310-90320-90361-1,110.0,--,-6.6816791,54.5119455,False,0,False,0,0.0,0,0.0,0.0
star:90310-90320-90362-1,star of 90310-90320-90362-1,110.0,--,-6.6816791,54.5119455,False,0,False,0,0.0,0,0.0,0.0
star:90420-90440-90461-1,star of 90420-90440-90461-1,275.0,--,-6.425216,54.3700948,False,0,False,0,0.0,0,0.0,0.0
star:90420-90440-90462-1,star of 90420-90440-90462-1,275.0,--,-6.425216,54.3700948,False,0,False,0,0.0,0,0.0,0.0
star:90420-90440-90463-1,star of 90420-90440-90463-1,275.0,--,-6.425216,54.3700948,False,0,False,0,0.0,0,0.0,0.0
GB_EWIC,EWIC far terminal,260.0,XX,0.0,0.0,False,2,False,0,0.0,2,1060.0,0.0
GB_GREENLINK,Greenlink far terminal,150.0,XX,0.0,0.0,False,3,False,0,0.0,2,1060.0,0.0
