outage,hour,n_over,worst_pct,nothing_lost,nothing_rounds,nothing_cut,nothing_islanded,nothing_runaway,eir_lost,eir_rounds,eir_cut,eir_islanded,eir_runaway,veto_lost,veto_rounds,veto_cut,veto_islanded,veto_runaway,lp_lost,lp_rounds,lp_cut,lp_islanded,lp_runaway
5211-22613-1,156,3,100.51,3,1,0.0,1,0,2,1,4.1,1,0,0,1,5.3,0,0,0,1,2.6,0,0
3554-39444-1,142,5,115.02,5,1,0.0,1,0,0,1,459.7,0,0,0,1,474.0,0,0,0,1,336.3,0,0
3209-6931-1,158,3,101.44,3,1,0.0,1,0,0,1,47.3,0,0,0,1,67.9,0,0,0,1,32.5,0,0
1981-79016-1,23,3,108.05,3,1,0.0,1,0,1,2,72.8,0,0,1,2,20.6,0,0,0,1,24.4,0,0
T79010-79015-1,1,3,108.46,3,1,0.0,1,0,1,2,72.1,0,0,1,2,20.6,0,0,0,1,21.7,0,0
28710-28712-1,3,3,106.74,3,1,0.0,1,0,1,2,59.1,0,0,0,1,14.7,0,0,0,1,14.7,0,0
T1742-17431-1,101,1,106.43,4,2,0.0,1,0,0,1,192.6,0,0,0,1,106.0,0,0,0,1,72.2,0,0
4242-4462-1,26,1,158.85,2,2,0.0,0,0,4,1,884.6,1,0,1,2,23.7,0,0,0,1,403.1,0,0
T4384-4382-43821-1-w1,104,3,107.78,3,1,0.0,1,0,1,2,62.7,0,0,0,1,18.3,0,0,0,1,18.3,0,0
3934-3944-1,156,5,139.32,5,1,0.0,1,0,1,2,1207.1,0,0,2,1,951.4,1,0,0,1,739.1,0,0
1251-2361-1,103,3,101.6,3,1,0.0,1,0,1,2,85.4,0,0,0,1,86.9,0,0,0,1,36.0,0,0
3934-3944-1,141,3,102.84,3,1,0.0,1,0,2,1,76.3,1,0,0,1,107.1,0,0,0,1,52.5,0,0
2522-3522-1,158,6,114.3,6,1,0.0,1,0,0,1,155.8,0,0,3,1,386.0,1,0,0,1,95.9,0,0
3554-39444-1,141,5,110.48,5,1,0.0,1,0,0,1,322.3,0,0,0,1,330.2,0,0,0,1,239.1,0,0
4121-23019-1,156,3,100.61,3,1,0.0,1,0,2,1,5.4,1,0,0,1,7.0,0,0,0,1,3.5,0,0
4472-30820-2,29,1,113.52,9,3,0.0,1,0,2,2,223.5,0,0,8,3,20.6,1,0,0,1,112.9,0,0
3571-4481-1,103,5,102.08,5,1,0.0,1,0,0,1,74.7,0,0,0,1,193.1,0,0,0,1,52.0,0,0
T1212-1211-12121-1-w2,155,1,136.82,1,1,0.0,1,0,2,2,130.0,1,0,1,1,20.6,1,0,1,1,92.2,1,0
T3954-3942-39421-2-w1,103,5,131.8,5,1,0.0,1,0,2,2,1994.9,0,0,3,1,572.0,1,0,0,1,603.5,0,0
2870-2871-1,28,2,130.92,2,1,0.0,1,0,1,2,198.9,0,0,2,1,20.6,1,0,0,1,116.4,0,0
4472-30820-1,23,1,119.4,9,3,0.0,1,0,2,2,306.3,0,0,10,3,20.6,1,0,0,1,162.1,0,0
T4384-4382-43821-1-w1,23,3,107.1,3,1,0.0,1,0,1,2,68.9,0,0,1,2,20.6,0,0,0,1,22.5,0,0
T3464-3462-34641-1-w1,156,4,142.44,4,1,0.0,1,0,0,1,1084.9,0,0,3,1,731.6,1,0,1,2,1415.6,0,0
4242-4462-1,29,1,156.1,2,2,0.0,0,0,4,1,820.8,1,0,1,2,20.9,0,0,0,1,386.4,0,0
4664-43844-1,142,3,107.65,3,1,0.0,1,0,1,2,67.7,0,0,1,1,20.6,0,0,0,1,21.0,0,0
1591-3381-1,156,3,100.42,3,1,0.0,1,0,2,1,2.1,1,0,0,1,3.4,0,0,0,1,1.2,0,0
35231-90020-1,103,5,103.24,5,1,0.0,1,0,0,1,20.6,0,0,0,1,184.9,0,0,0,1,9.5,0,0
4471-4651-4,75,2,107.18,2,1,0.0,1,0,2,1,0.0,1,0,1,1,417.9,1,0,0,1,539.7,0,0
2002-3203-1,107,4,104.8,4,1,0.0,1,0,2,1,154.3,1,0,0,1,371.1,0,0,0,1,112.3,0,0
4242-4462-1,4,1,151.49,2,2,0.0,0,0,4,1,745.0,1,0,2,2,20.6,0,0,0,1,354.2,0,0
2563-4242-1,136,1,105.52,1,1,0.0,0,0,3,2,121.6,1,0,1,2,23.0,0,0,0,1,37.1,0,0
2870-2871-1,156,4,132.88,4,1,0.0,1,0,1,2,234.7,0,0,2,1,20.6,1,0,1,2,122.9,0,0
T1212-1211-12121-1-w1,107,2,142.51,2,1,0.0,1,0,2,1,106.0,1,0,1,1,20.6,1,0,0,1,106.6,0,0
4382-5172-1,120,3,106.67,3,1,0.0,1,0,1,2,36.8,0,0,0,1,20.5,0,0,0,1,20.5,0,0
3554-39444-1,158,5,143.0,5,1,0.0,1,0,0,1,1382.3,0,0,0,1,1495.4,0,0,0,1,992.7,0,0
1701-1981-1,138,3,106.46,3,1,0.0,1,0,1,2,63.0,0,0,0,1,16.2,0,0,0,1,16.2,0,0
1981-79016-1,1,3,108.46,3,1,0.0,1,0,1,2,72.1,0,0,1,2,20.6,0,0,0,1,21.7,0,0
4242-4462-1,6,1,169.31,6,4,0.0,0,0,2,2,1214.8,0,0,0,1,495.2,0,0,0,1,475.6,0,0
1341-1701-1,142,3,107.58,3,1,0.0,1,0,1,2,63.3,0,0,0,1,16.9,0,0,0,1,16.9,0,0
3462-3942-2,103,2,101.42,2,1,0.0,1,0,0,1,45.8,0,0,0,1,65.0,0,0,0,1,31.2,0,0
4472-30820-2,23,1,118.95,9,3,0.0,1,0,2,2,301.1,0,0,10,3,20.6,1,0,0,1,158.9,0,0
28710-28712-1,2,3,108.9,3,1,0.0,1,0,1,2,62.7,0,0,0,1,19.5,0,0,0,1,19.5,0,0
3501-4971-1,156,5,103.75,5,1,0.0,1,0,2,1,54.2,1,0,1,1,186.2,0,0,0,1,35.3,0,0
T3954-3942-39421-2-w1,158,4,131.81,4,1,0.0,1,0,0,1,876.3,0,0,3,1,776.9,1,0,1,2,1514.9,0,0
T3464-3462-34641-1-w2,103,5,142.39,5,1,0.0,1,0,1,2,1867.8,0,0,3,1,418.1,1,0,0,1,740.0,0,0
1742-17420-2,30,1,130.04,1,1,0.0,1,0,1,1,170.7,0,0,1,1,46.7,1,0,0,1,171.3,0,0
T3464-3462-34641-1-w1,106,4,126.21,4,1,0.0,1,0,0,1,648.9,0,0,1,2,1331.1,0,0,0,1,444.4,0,0
1212-1602-1,155,3,103.86,3,1,0.0,1,0,0,1,134.0,0,0,0,1,274.1,0,0,0,1,84.7,0,0
1742-17420-2,0,1,129.35,1,1,0.0,1,0,3,2,180.5,1,0,1,1,20.6,1,0,0,1,168.2,0,0
1701-1981-1,120,3,107.34,3,1,0.0,1,0,1,2,34.3,0,0,0,1,19.1,0,0,0,1,19.1,0,0
1392-3842-1,103,7,107.32,7,1,0.0,1,0,0,1,249.0,0,0,2,1,742.6,1,0,0,1,179.4,0,0
3944-39444-1,157,5,144.98,5,1,0.0,1,0,0,1,1466.1,0,0,0,1,1569.9,0,0,0,1,1076.3,0,0
4041-5341-1,155,3,101.23,3,1,0.0,1,0,0,1,11.6,0,0,1,2,39.9,0,0,0,1,7.3,0,0
4942-4943-1,156,5,122.28,5,1,0.0,1,0,0,1,321.6,0,0,1,2,574.3,0,0,0,1,269.2,0,0
T3464-3462-34641-1-w2,106,4,126.21,4,1,0.0,1,0,0,1,648.9,0,0,1,2,1223.1,0,0,0,1,444.4,0,0
4382-5172-1,118,3,108.45,3,1,0.0,1,0,1,2,75.4,0,0,1,1,20.6,0,0,0,1,24.8,0,0
1742-17420-1,7,1,129.61,1,1,0.0,1,0,1,1,168.2,0,0,1,1,46.7,1,0,0,1,168.8,0,0
1472-2562-1,29,2,130.12,2,1,0.0,1,0,3,2,570.7,1,0,2,1,20.6,1,0,0,1,255.7,0,0
3940-3942-1,157,2,101.73,2,1,0.0,1,0,0,1,58.6,0,0,0,1,94.2,0,0,0,1,39.8,0,0
3571-5081-1,103,4,101.72,4,1,0.0,1,0,0,1,60.9,0,0,0,1,160.0,0,0,0,1,42.4,0,0
T4472-4461-44623-3-w1,109,2,105.04,2,1,0.0,1,0,2,1,0.0,1,0,1,1,136.1,1,0,0,1,376.5,0,0
3462-3942-2,157,2,101.35,2,1,0.0,1,0,0,1,45.2,0,0,0,1,57.4,0,0,0,1,29.8,0,0
1331-4001-1,103,3,101.09,3,1,0.0,1,0,0,1,15.6,0,0,1,2,101.7,0,0,0,1,9.3,0,0
1642-4522-1,157,3,103.51,3,1,0.0,1,0,1,2,142.5,0,0,3,1,20.6,1,0,0,1,76.0,0,0
2522-3522-1,1,3,104.35,3,1,0.0,1,0,1,2,59.9,0,0,0,1,10.6,0,0,0,1,10.6,0,0
5464-90440-1,107,3,115.42,3,1,0.0,1,0,1,2,99.2,0,0,0,1,347.9,0,0,0,1,39.9,0,0
T1212-12111-12122-2-w2,158,1,141.17,1,1,0.0,1,0,1,2,141.8,0,0,1,1,20.6,1,0,0,1,103.2,0,0
4941-22419-1,103,4,100.56,4,1,0.0,1,0,0,1,17.1,0,0,0,1,53.9,0,0,0,1,11.9,0,0
4242-4462-1,21,1,154.33,8,4,0.0,0,0,3,1,786.1,1,0,3,3,289.9,0,0,0,1,372.1,0,0
4242-4462-1,19,1,137.8,2,2,0.0,0,0,3,2,567.9,1,0,2,2,20.6,0,0,1,2,260.2,0,0
4461-4651-3,35,2,105.82,2,1,0.0,1,0,2,1,0.0,1,0,1,1,199.7,1,0,0,1,435.7,0,0
T90310-90320-90362-1-w1,108,1,100.61,3,2,0.0,1,0,0,1,2.8,0,0,0,1,8.2,0,0,0,1,1.3,0,0
T4472-4461-44623-3-w2,36,2,105.82,2,1,0.0,1,0,2,1,0.0,1,0,1,1,269.1,1,0,0,1,435.7,0,0
2563-4242-1,17,1,147.52,2,2,0.0,0,0,3,1,693.5,1,0,1,2,24.3,0,0,1,2,324.9,0,0
4472-30820-1,26,1,113.89,9,3,0.0,1,0,1,1,189.7,0,0,6,3,211.0,1,0,0,1,115.0,0,0
T90310-90320-90362-1-w2,108,1,100.61,3,2,0.0,1,0,0,1,2.8,0,0,0,1,8.2,0,0,0,1,1.3,0,0
4382-5172-1,158,6,113.06,6,1,0.0,1,0,0,1,490.0,0,0,0,1,598.1,0,0,0,1,349.8,0,0
T4384-4382-43821-1-w1,118,3,108.45,3,1,0.0,1,0,1,2,75.4,0,0,1,2,20.6,0,0,0,1,24.8,0,0
1591-3381-1,103,3,100.59,3,1,0.0,1,0,0,1,5.3,0,0,0,1,6.5,0,0,0,1,2.8,0,0
2002-3203-1,103,6,110.89,6,1,0.0,1,0,0,1,349.3,0,0,3,1,742.6,1,0,0,1,257.3,0,0
74520-90020-1,103,1,101.19,3,2,0.0,1,0,0,1,6.8,0,0,0,1,4.3,0,0,0,1,2.6,0,0
T1212-12111-12122-2-w1,158,1,141.17,1,1,0.0,1,0,1,2,141.8,0,0,1,1,20.6,1,0,0,1,103.2,0,0
T4384-4382-43821-1-w2,156,6,113.05,6,1,0.0,1,0,0,1,487.2,0,0,0,1,597.8,0,0,0,1,350.5,0,0
1361-2161-1,157,3,101.74,3,1,0.0,1,0,2,1,60.1,1,0,0,1,97.2,0,0,0,1,42.0,0,0
2002-3203-1,157,6,112.5,6,1,0.0,1,0,0,1,411.1,0,0,4,1,758.6,1,0,0,1,339.5,0,0
2870-2871-1,3,2,130.03,2,1,0.0,1,0,1,2,172.3,0,0,2,1,20.6,1,0,0,1,113.0,0,0
T79010-79015-1,50,3,108.96,3,1,0.0,1,0,2,3,753.4,0,0,1,2,22.7,0,0,0,1,21.2,0,0
T3464-3462-34641-1-w2,158,4,142.43,4,1,0.0,1,0,0,1,1082.1,0,0,3,1,622.6,1,0,1,2,1406.3,0,0
2870-2871-1,5,2,132.11,2,1,0.0,1,0,1,2,181.0,0,0,2,1,20.6,1,0,0,1,120.8,0,0
1981-79016-1,119,3,107.16,3,1,0.0,1,0,1,2,39.0,0,0,0,1,20.2,0,0,0,1,20.2,0,0
4472-30820-1,17,1,117.36,7,3,0.0,1,0,1,1,237.5,0,0,1,2,134.5,0,0,0,1,144.0,0,0
1602-3202-1,155,3,102.02,3,1,0.0,1,0,0,1,68.6,0,0,0,1,121.0,0,0,0,1,45.6,0,0
T3934-3942-39402-1-w2,103,6,142.85,6,1,0.0,1,0,0,1,1059.8,0,0,4,1,603.7,1,0,0,1,759.5,0,0
4384-43844-1,158,3,109.39,3,1,0.0,1,0,1,2,86.9,0,0,0,1,137.8,0,0,0,1,27.7,0,0
3934-3944-1,106,3,123.11,3,1,0.0,1,0,0,1,610.8,0,0,2,1,868.8,1,0,0,1,415.7,0,0
3082-3472-2,23,1,106.86,3,2,0.0,1,0,4,3,141.5,1,0,8,3,20.6,1,0,0,1,80.6,0,0
T90310-90320-90361-1-w1,108,1,100.61,3,2,0.0,1,0,0,1,2.8,0,0,0,1,8.2,0,0,0,1,1.3,0,0
2522-3522-1,156,6,114.14,6,1,0.0,1,0,0,1,147.8,0,0,3,1,358.6,1,0,0,1,90.9,0,0
1122-1742-1,103,4,101.81,4,1,0.0,1,0,0,1,58.8,0,0,0,1,179.3,0,0,0,1,41.8,0,0
T4384-4382-43821-1-w2,142,3,109.85,3,1,0.0,1,0,1,2,77.6,0,0,1,1,49.9,0,0,0,1,27.5,0,0
1361-2001-1,155,3,101.6,3,1,0.0,1,0,2,1,54.4,1,0,0,1,83.3,0,0,0,1,37.5,0,0
T79010-79015-1,119,3,107.16,3,1,0.0,1,0,1,2,39.0,0,0,0,1,20.2,0,0,0,1,20.2,0,0
4242-4462-1,110,1,117.57,1,1,0.0,0,0,2,1,282.4,0,0,1,2,26.0,0,0,0,1,119.5,0,0
2742-3342-1,103,3,100.91,3,1,0.0,1,0,0,1,27.7,0,0,0,1,19.6,0,0,0,1,19.6,0,0
4664-43844-1,140,3,106.22,3,1,0.0,1,0,1,2,64.2,0,0,0,1,18.3,0,0,0,1,18.3,0,0
1701-1981-1,55,3,108.62,3,1,0.0,1,0,2,3,680.7,0,0,0,1,18.5,0,0,0,1,18.5,0,0
1331-2041-1,54,3,100.26,3,1,0.0,1,0,0,1,5.6,0,0,0,1,4.0,0,0,0,1,4.0,0,0
2563-4242-1,105,1,110.77,1,1,0.0,0,0,3,2,232.9,1,0,1,2,23.3,0,0,0,1,73.3,0,0
1981-79016-1,118,3,105.74,3,1,0.0,1,0,1,2,63.4,0,0,0,1,16.1,0,0,0,1,16.1,0,0
T4384-4382-43821-1-w2,5,3,107.62,3,1,0.0,1,0,1,2,67.8,0,0,1,2,20.6,0,0,0,1,22.3,0,0
2870-2871-1,121,2,110.98,2,1,0.0,1,0,2,2,87.4,1,0,2,1,20.6,1,0,0,1,41.0,0,0
2870-2871-1,122,2,117.18,2,1,0.0,1,0,1,2,137.8,0,0,2,1,20.6,1,0,0,1,64.4,0,0
1472-2562-1,7,2,127.32,2,1,0.0,1,0,1,2,474.9,0,0,2,1,38.6,1,0,0,1,230.2,0,0
3571-5081-1,156,3,101.64,3,1,0.0,1,0,2,1,58.5,1,0,0,1,83.6,0,0,0,1,39.6,0,0
5081-22419-1,156,3,100.17,3,1,0.0,1,0,0,1,2.4,0,0,0,1,1.6,0,0,0,1,1.6,0,0
1742-17420-2,22,1,130.0,1,1,0.0,1,0,1,1,170.4,0,0,1,1,46.7,1,0,0,1,171.2,0,0
1472-2562-1,26,2,132.45,2,1,0.0,1,0,1,2,585.4,0,0,2,1,85.4,1,0,0,1,274.0,0,0
4242-4462-1,9,1,149.75,6,4,0.0,0,0,4,1,827.6,1,0,3,3,288.1,0,0,0,1,340.7,0,0
1742-17420-1,23,1,129.86,1,1,0.0,1,0,3,2,209.6,1,0,1,1,20.6,1,0,0,1,171.4,0,0
2563-4242-1,23,1,157.02,11,4,0.0,0,0,4,1,851.0,1,0,7,3,20.6,1,0,0,1,393.1,0,0
1742-2202-1,99,1,106.07,3,2,0.0,1,0,0,1,125.2,0,0,0,1,60.2,0,0,0,1,59.0,0,0
3554-22044-1,107,5,122.58,5,1,0.0,1,0,0,1,766.9,0,0,0,1,717.9,0,0,0,1,570.2,0,0
T4472-4471-44624-4-w1,108,2,108.46,2,1,0.0,1,0,2,1,0.0,1,0,1,1,555.4,1,0,0,1,637.2,0,0
4382-5172-1,119,3,106.55,3,1,0.0,1,0,1,2,38.1,0,0,0,1,19.1,0,0,0,1,19.1,0,0
5274-5381-1,103,4,101.45,4,1,0.0,1,0,0,1,46.9,0,0,0,1,141.9,0,0,0,1,32.8,0,0
1122-1742-1,99,2,182.98,2,1,0.0,1,0,0,1,617.4,0,0,0,1,453.4,0,0,0,1,453.4,0,0
1122-1742-1,53,5,181.88,5,1,0.0,1,0,0,1,706.2,0,0,0,1,555.3,0,0,0,1,551.9,0,0
1122-1742-1,100,2,181.55,2,1,0.0,1,0,0,1,618.0,0,0,0,1,444.7,0,0,0,1,444.7,0,0
1122-1742-1,54,6,181.09,6,1,0.0,1,0,0,1,704.5,0,0,0,1,580.0,0,0,1,2,1304.3,0,0
1122-1742-1,40,2,180.27,2,1,0.0,1,0,0,1,597.1,0,0,0,1,443.3,0,0,0,1,443.3,0,0
1122-1742-1,55,3,180.27,3,1,0.0,1,0,1,2,630.7,0,0,1,2,462.7,0,0,0,1,447.7,0,0
1122-1742-1,52,5,180.26,5,1,0.0,1,0,0,1,693.0,0,0,0,1,544.8,0,0,0,1,541.3,0,0
1122-1742-1,51,5,179.36,5,1,0.0,1,0,0,1,682.6,0,0,0,1,540.3,0,0,0,1,536.8,0,0
1122-1742-1,50,6,179.31,6,1,0.0,1,0,3,2,699.7,1,0,0,1,495.0,0,0,2,3,1879.1,0,0
1122-1742-1,38,2,177.67,2,1,0.0,1,0,0,1,575.8,0,0,0,1,423.5,0,0,0,1,423.5,0,0
1122-1742-1,63,3,177.27,3,1,0.0,1,0,1,2,601.5,0,0,1,2,445.4,0,0,0,1,429.3,0,0
1122-1742-1,98,2,177.12,2,1,0.0,1,0,0,1,564.2,0,0,0,1,421.2,0,0,0,1,421.2,0,0
1122-1742-1,39,2,176.0,2,1,0.0,1,0,0,1,563.8,0,0,0,1,419.1,0,0,0,1,419.1,0,0
1122-1742-1,37,3,174.59,3,1,0.0,1,0,1,2,558.6,0,0,1,2,430.0,0,0,0,1,409.4,0,0
1122-1742-1,97,3,174.12,3,1,0.0,1,0,1,2,553.3,0,0,1,2,427.3,0,0,0,1,407.4,0,0
2563-4242-1,6,1,169.31,6,4,0.0,0,0,2,2,1215.1,1,0,0,1,495.2,0,0,0,1,475.6,0,0
1122-1742-1,101,5,166.63,5,1,0.0,1,0,0,1,525.0,0,0,0,1,456.2,0,0,0,1,452.9,0,0
2712-34620-1,83,1,165.93,3,2,0.0,1,0,3,2,208.8,1,0,3,2,208.8,1,0,3,2,451.1,1,0
1122-1742-1,65,3,165.01,3,1,0.0,1,0,1,2,507.9,0,0,1,2,374.9,0,0,0,1,359.0,0,0
1122-1742-1,56,5,164.99,5,1,0.0,1,0,1,2,534.3,0,0,1,2,374.8,0,0,0,1,362.9,0,0
2712-34620-1,81,1,164.07,3,2,0.0,1,0,3,2,301.4,1,0,3,2,301.4,1,0,3,2,628.1,1,0
1122-1742-1,96,3,163.41,3,1,0.0,1,0,1,2,470.7,0,0,1,2,365.7,0,0,0,1,347.0,0,0
2712-34620-1,84,1,161.9,3,2,0.0,1,0,3,2,197.6,1,0,3,2,197.6,1,0,3,2,431.9,1,0
2563-4242-1,114,1,161.1,8,4,0.0,0,0,4,1,884.1,1,0,7,3,20.6,1,0,0,1,421.5,0,0
4242-4462-1,114,1,161.1,8,4,0.0,0,0,4,1,884.1,1,0,7,3,20.6,1,0,0,1,421.5,0,0
1122-1742-1,108,7,160.32,7,1,0.0,1,0,0,1,566.4,0,0,1,2,474.8,0,0,1,2,1199.8,0,0
2563-4242-1,3,1,159.58,6,4,0.0,0,0,4,1,960.9,1,0,6,3,20.6,1,0,0,1,411.2,0,0
4242-4462-1,3,1,159.58,6,4,0.0,0,0,4,1,960.9,1,0,8,4,20.6,0,0,1,2,411.4,0,0
2712-34620-1,78,1,158.86,3,2,0.0,1,0,3,2,530.4,1,0,3,2,530.4,1,0,3,2,1025.6,1,0
2563-4242-1,26,1,158.85,2,2,0.0,0,0,3,1,884.6,1,0,1,2,23.7,0,0,0,1,403.1,0,0
2563-4242-1,31,1,157.08,5,4,0.0,0,0,1,2,913.4,0,0,0,1,387.6,0,0,0,1,387.6,0,0
4242-4462-1,31,1,157.08,5,4,0.0,0,0,1,2,913.4,0,0,0,1,387.6,0,0,0,1,387.6,0,0
4242-4462-1,23,1,157.02,11,4,0.0,0,0,5,1,851.0,1,0,10,4,20.6,0,0,0,1,393.1,0,0
1122-1742-1,36,2,156.99,2,1,0.0,1,0,0,1,437.1,0,0,0,1,313.2,0,0,0,1,313.2,0,0
2563-4242-1,27,1,156.61,2,2,0.0,0,0,4,1,843.6,1,0,1,2,25.3,0,0,1,2,390.1,0,0
4242-4462-1,27,1,156.61,2,2,0.0,0,0,5,1,843.6,1,0,2,2,20.6,0,0,0,1,390.0,0,0
2563-4242-1,1,1,156.13,2,2,0.0,0,0,4,1,821.3,1,0,1,2,25.3,0,0,0,1,386.2,0,0
4242-4462-1,1,1,156.13,2,2,0.0,0,0,4,1,821.3,1,0,1,2,25.3,0,0,1,2,386.3,0,0
2563-4242-1,29,1,156.1,2,2,0.0,0,0,4,1,820.8,1,0,1,2,20.9,0,0,0,1,386.4,0,0
2563-4242-1,24,1,154.87,2,2,0.0,0,0,5,1,794.0,1,0,1,2,25.2,0,0,0,1,378.0,0,0
4242-4462-1,24,1,154.87,2,2,0.0,0,0,5,1,794.0,1,0,2,2,20.6,0,0,1,2,378.2,0,0
1122-1742-1,41,2,154.7,2,1,0.0,1,0,0,1,398.8,0,0,0,1,298.7,0,0,0,1,298.7,0,0
2563-4242-1,22,1,154.64,8,4,0.0,0,0,3,1,796.9,1,0,3,3,295.0,0,0,0,1,374.2,0,0
4242-4462-1,22,1,154.64,8,4,0.0,0,0,4,1,796.9,1,0,3,3,295.0,0,0,0,1,374.2,0,0
2563-4242-1,21,1,154.33,8,4,0.0,0,0,3,1,786.1,1,0,3,3,289.9,0,0,1,2,372.3,0,0
2563-4242-1,16,1,153.87,5,4,0.0,0,0,1,1,920.2,0,0,0,1,365.8,0,0,1,1,365.8,0,0
4242-4462-1,16,1,153.87,5,4,0.0,0,0,1,1,920.2,0,0,0,1,365.8,0,0,0,1,365.8,0,0
2563-4242-1,28,1,153.65,2,2,0.0,0,0,5,1,776.3,1,0,1,2,24.9,0,0,0,1,369.6,0,0
4242-4462-1,28,1,153.65,2,2,0.0,0,0,4,1,776.3,1,0,2,2,20.6,0,0,1,2,369.7,0,0
2563-4242-1,7,1,152.89,2,2,0.0,0,0,3,1,765.6,1,0,1,2,24.1,0,0,1,2,361.7,0,0
4242-4462-1,7,1,152.89,2,2,0.0,0,0,4,1,765.6,1,0,1,2,24.1,0,0,0,1,361.6,0,0
1122-1742-1,64,3,151.72,3,1,0.0,1,0,1,2,414.7,0,0,1,2,298.5,0,0,0,1,284.7,0,0
2563-4242-1,4,1,151.49,2,2,0.0,0,0,4,1,745.0,1,0,1,2,25.1,0,0,0,1,354.2,0,0
2563-4242-1,0,1,151.27,2,2,0.0,0,0,5,1,741.7,1,0,1,2,25.1,0,0,0,1,352.5,0,0
4242-4462-1,0,1,151.27,2,2,0.0,0,0,5,1,741.7,1,0,2,2,20.6,0,0,0,1,352.5,0,0
2563-4242-1,2,1,151.21,2,2,0.0,0,0,5,1,769.9,1,0,1,2,25.1,0,0,0,1,352.1,0,0
4242-4462-1,2,1,151.21,2,2,0.0,0,0,5,1,769.9,1,0,1,2,25.1,0,0,0,1,352.1,0,0
2563-4242-1,10,1,150.97,6,4,0.0,0,0,4,1,855.9,1,0,1,2,23.8,0,0,0,1,348.5,0,0
4242-4462-1,10,1,150.97,6,4,0.0,0,0,4,1,855.9,1,0,1,2,23.8,0,0,0,1,348.5,0,0
2563-4242-1,25,1,150.95,2,2,0.0,0,0,3,1,737.1,1,0,1,2,24.2,0,0,1,2,348.4,0,0
4242-4462-1,25,1,150.95,2,2,0.0,0,0,3,1,737.1,1,0,1,2,24.2,0,0,0,1,348.3,0,0
2563-4242-1,5,1,150.39,2,2,0.0,0,0,5,1,729.0,1,0,1,2,25.0,0,0,0,1,347.0,0,0
3554-39444-1,101,3,139.6,3,1,0.0,1,0,0,1,1235.9,0,0,0,1,922.3,0,0,0,1,922.3,0,0
1941-4201-1,103,1,100.19,3,2,0.0,1,0,0,1,0.6,0,0,0,1,0.2,0,0,0,1,0.2,0,0
T75511-75520-75562-1-w1,65,1,100.74,1,1,0.0,0,0,0,1,5.2,0,0,0,1,1.7,0,0,0,1,1.7,0,0
T3464-3462-34641-1-w2,56,4,134.8,4,1,0.0,1,0,0,1,902.5,0,0,0,1,611.1,0,0,0,1,611.1,0,0
76810-87510-1,149,1,100.55,3,2,0.0,1,0,0,1,2.5,0,0,0,1,1.4,0,0,0,1,1.4,0,0
T79010-79015-1,112,1,100.15,1,1,0.0,0,0,0,1,0.2,0,0,0,1,0.1,0,0,0,1,0.1,0,0
T3522-35232-35237-2-w2,57,1,100.71,1,1,0.0,0,0,0,1,3.6,0,0,0,1,1.5,0,0,0,1,1.5,0,0
3934-4384-1,96,1,100.58,1,1,0.0,0,0,0,1,2.3,0,0,0,1,1.2,0,0,0,1,1.2,0,0
T90012-90020-90063-1-w1,113,1,100.27,1,1,0.0,0,0,0,1,0.6,0,0,0,1,0.4,0,0,0,1,0.4,0,0
4941-22419-1,133,1,100.52,1,1,0.0,0,0,0,1,1.8,0,0,0,1,1.1,0,0,0,1,1.1,0,0
T81510-81520-81562-1-w1,142,1,100.12,1,1,0.0,0,0,0,1,0.1,0,0,0,1,0.1,0,0,0,1,0.1,0,0
1181-1861-1,98,1,101.08,1,1,0.0,0,0,0,1,5.8,0,0,0,1,2.4,0,0,0,1,2.4,0,0
1201-2561-1,86,1,128.91,5,2,0.0,1,0,5,2,0.0,1,0,5,2,1555.0,1,0,5,2,1555.0,1,0
1181-4961-2,142,1,100.33,1,1,0.0,0,0,0,1,0.8,0,0,0,1,0.6,0,0,0,1,0.6,0,0
5081-22419-1,111,1,100.14,1,1,0.0,0,0,0,1,0.2,0,0,0,1,0.1,0,0,0,1,0.1,0,0
3491-4961-1,121,1,100.18,1,1,0.0,0,0,0,1,0.3,0,0,0,1,0.2,0,0,0,1,0.2,0,0
3261-3341-1,51,1,100.23,6,2,0.0,1,0,0,1,3.2,0,0,0,1,1.2,0,0,0,1,1.2,0,0
4942-4943-1,137,1,100.23,1,1,0.0,0,0,0,1,0.5,0,0,0,1,0.4,0,0,0,1,0.4,0,0
2522-3522-1,122,3,106.92,3,1,0.0,1,0,1,2,71.4,0,0,0,1,19.9,0,0,0,1,19.9,0,0
4041-5341-1,54,3,100.46,3,1,0.0,1,0,0,1,8.5,0,0,0,1,7.7,0,0,0,1,5.3,0,0
T90011-90020-90062-1-w2,158,1,100.33,3,2,0.0,1,0,0,1,1.2,0,0,0,1,0.7,0,0,0,1,0.7,0,0
76810-87510-2,37,1,100.4,4,4,0.0,0,0,0,1,1.4,0,0,0,1,0.7,0,0,0,1,0.7,0,0
3571-4481-1,91,1,101.13,1,1,0.0,0,0,0,1,5.5,0,0,0,1,2.5,0,0,0,1,2.5,0,0
3944-3954-1,12,4,111.06,4,1,0.0,1,0,0,1,294.0,0,0,0,1,213.4,0,0,0,1,206.6,0,0
1401-1661-1,25,1,100.67,1,1,0.0,0,0,0,1,1.9,0,0,0,1,1.4,0,0,0,1,1.4,0,0
1941-2401-1,120,1,100.38,1,1,0.0,0,0,0,1,1.0,0,0,0,1,0.8,0,0,0,1,0.8,0,0
T90012-90020-90063-1-w2,57,1,100.33,1,1,0.0,0,0,0,1,1.4,0,0,0,1,0.5,0,0,0,1,0.5,0,0
4664-5464-1,18,3,103.71,3,1,0.0,1,0,0,1,12.8,0,0,0,1,10.8,0,0,0,1,10.8,0,0
T3462-3461-34621-1-w1,100,2,100.25,5,2,0.0,1,0,0,1,3.7,0,0,0,1,1.4,0,0,0,1,1.4,0,0
T3522-35232-35237-2-w1,7,3,103.28,3,1,0.0,1,0,0,1,10.1,0,0,0,1,7.6,0,0,0,1,7.6,0,0
T30820-3091-30826-3-w1,85,1,132.21,1,1,0.0,1,0,1,1,0.0,1,0,1,1,0.0,1,0,1,1,1359.4,1,0
2651-3551-1,52,3,101.81,3,1,0.0,1,0,0,1,42.9,0,0,0,1,107.9,0,0,0,1,28.6,0,0
1721-2391-1,56,1,100.49,1,1,0.0,0,0,0,1,2.8,0,0,0,1,1.0,0,0,0,1,1.0,0,0
T2204-2202-22022-2-w2,99,1,100.43,3,2,0.0,1,0,0,1,7.7,0,0,0,1,3.0,0,0,0,1,3.0,0,0
T3934-3942-39402-1-w2,5,1,100.45,1,1,0.0,0,0,0,1,1.2,0,0,0,1,1.0,0,0,0,1,1.0,0,0
5081-22419-1,166,1,100.43,1,1,0.0,0,0,0,1,1.3,0,0,0,1,0.8,0,0,0,1,0.8,0,0
T3082-3091-30824-4-w1,126,1,106.24,1,1,0.0,1,0,1,1,0.0,1,0,1,1,0.0,1,0,0,1,408.2,0,0
4021-32210-1,5,1,100.11,1,1,0.0,0,0,0,1,0.0,0,0,0,1,0.0,0,0,0,1,0.0,0,0
1602-3202-1,52,2,100.96,2,1,0.0,1,0,0,1,29.7,0,0,0,1,20.4,0,0,0,1,20.4,0,0
1181-1861-1,22,1,100.69,1,1,0.0,0,0,0,1,2.3,0,0,0,1,1.8,0,0,0,1,1.8,0,0
3501-35011-1,167,1,100.39,1,1,0.0,0,0,0,1,1.1,0,0,0,1,0.7,0,0,0,1,0.7,0,0
T3082-3091-30824-4-w2,98,1,116.64,1,1,0.0,1,0,1,1,0.0,1,0,1,1,0.0,1,0,0,1,1098.9,0,0
1201-2561-1,7,1,109.55,5,2,0.0,1,0,5,2,0.0,1,0,3,2,1329.6,1,0,0,1,641.7,0,0
T4943-4941-49421-1-w1,145,1,100.49,1,1,0.0,0,0,0,1,1.8,0,0,0,1,0.9,0,0,0,1,0.9,0,0
T3554-3551-35541-1-w2,95,1,100.11,7,4,0.0,0,0,0,1,0.4,0,0,0,1,0.2,0,0,0,1,0.2,0,0
T81510-81520-81561-1-w1,137,1,100.36,1,1,0.0,0,0,0,1,1.1,0,0,0,1,0.8,0,0,0,1,0.8,0,0
2521-66094-1,62,1,101.06,1,1,0.0,0,0,0,1,5.6,0,0,0,1,2.3,0,0,0,1,2.3,0,0
35232-90020-2,102,3,102.72,3,1,0.0,1,0,0,1,7.8,0,0,0,1,6.3,0,0,0,1,6.3,0,0
4121-23019-1,103,3,100.62,3,1,0.0,1,0,0,1,6.3,0,0,0,1,8.4,0,0,0,1,3.5,0,0
T4384-4382-43821-1-w2,120,3,106.67,3,1,0.0,1,0,1,2,36.8,0,0,0,1,20.5,0,0,0,1,20.5,0,0
T90012-90020-90063-1-w1,142,1,100.18,1,1,0.0,0,0,0,1,0.3,0,0,0,1,0.2,0,0,0,1,0.2,0,0
2281-22811-1,103,2,109.79,8,2,0.0,1,0,1,2,71.0,0,0,1,2,160.4,0,0,0,1,29.5,0,0
2001-4791-1,66,1,100.11,1,1,0.0,0,0,0,1,0.0,0,0,0,1,0.0,0,0,0,1,0.0,0,0
3462-3940-1,157,2,101.17,2,1,0.0,1,0,0,1,38.9,0,0,0,1,40.5,0,0,0,1,25.4,0,0
T90011-90020-90061-1-w2,122,1,100.34,1,1,0.0,0,0,0,1,1.0,0,0,0,1,0.7,0,0,0,1,0.7,0,0
2002-2742-1,115,1,100.36,1,1,0.0,0,0,0,1,1.1,0,0,0,1,0.8,0,0,0,1,0.8,0,0
T4384-4382-43821-1-w1,46,3,109.13,3,1,0.0,1,0,0,1,50.3,0,0,0,1,21.6,0,0,0,1,21.6,0,0
1641-50019-1,136,1,100.16,1,1,0.0,0,0,0,1,0.3,0,0,0,1,0.2,0,0,0,1,0.2,0,0
2361-21210-1,30,1,100.19,1,1,0.0,0,0,0,1,0.3,0,0,0,1,0.2,0,0,0,1,0.2,0,0
4382-5172-1,146,6,114.48,6,1,0.0,1,0,0,1,556.1,0,0,0,1,417.5,0,0,0,1,397.7,0,0
35231-90020-1,107,3,103.35,3,1,0.0,1,0,0,1,12.9,0,0,0,1,7.8,0,0,0,1,7.8,0,0
1721-2391-1,129,1,100.55,1,1,0.0,0,0,0,1,1.6,0,0,0,1,1.1,0,0,0,1,1.1,0,0
T81510-81520-81561-1-w1,149,1,100.16,3,2,0.0,1,0,0,1,0.3,0,0,0,1,0.2,0,0,0,1,0.2,0,0
