arm,outage,hour,broken,kind,s_nom,loading_pct,over_MW
eir,1031-1181-1,159,T3464-3462-34641-1-w1,Transformer,500.0,100.11,0.56
eir,1031-1181-1,159,T3464-3462-34641-1-w2,Transformer,500.0,100.11,0.55
ovl,1031-1181-1,159,T3464-3462-34641-1-w1,Transformer,500.0,100.11,0.54
ovl,1031-1181-1,159,T3464-3462-34641-1-w2,Transformer,500.0,100.11,0.53
eir,1031-4221-1,159,T3464-3462-34641-1-w1,Transformer,500.0,100.11,0.56
eir,1031-4221-1,159,T3464-3462-34641-1-w2,Transformer,500.0,100.11,0.55
ovl,1031-4221-1,159,T3464-3462-34641-1-w1,Transformer,500.0,100.11,0.54
ovl,1031-4221-1,159,T3464-3462-34641-1-w2,Transformer,500.0,100.11,0.53
ovl,1042-10422-1,72,T89510-89515-1,Transformer,125.0,100.9,1.12
ovl,1042-10422-1,108,T89510-89515-1,Transformer,125.0,100.89,1.11
eir,1121-1301-1,159,3581-89516-1,Line,123.0,100.11,0.13
ovl,1121-1301-1,159,3581-89516-1,Line,123.0,100.1,0.12
eir,1122-1742-1,50,T89510-89515-1,Transformer,125.0,100.83,1.04
ovl,1122-1742-1,50,T89510-89515-1,Transformer,125.0,100.46,0.57
eir,1122-1742-1,65,T89510-89515-1,Transformer,125.0,100.28,0.35
eir,1122-1742-1,108,T89510-89515-1,Transformer,125.0,100.72,0.9
eir,1122-11260-1,50,T3464-3462-34641-1-w1,Transformer,500.0,100.12,0.58
eir,1212-1602-1,108,3581-89516-1,Line,123.0,100.3,0.37
ovl,1212-1602-1,108,3581-89516-1,Line,123.0,100.24,0.29
eir,1212-1602-1,159,3581-89516-1,Line,123.0,100.48,0.58
ovl,1212-1602-1,159,3581-89516-1,Line,123.0,100.38,0.47
eir,1212-3332-1,50,3581-89516-1,Line,123.0,100.69,0.85
ovl,1212-3332-1,50,3581-89516-1,Line,123.0,100.43,0.53
eir,1301-17411-1,108,3581-89516-1,Line,123.0,100.45,0.55
ovl,1301-17411-1,108,3581-89516-1,Line,123.0,100.36,0.44
ovl,1331-2041-1,108,3691-4041-1,Line,192.0,100.15,0.28
eir,1331-4001-1,50,3082-3122-1,Line,634.0,100.1,0.64
ovl,1331-4001-1,108,3691-4041-1,Line,192.0,100.14,0.26
eir,1351-4081-1,50,3581-89516-1,Line,123.0,100.11,0.14
ovl,1351-4081-1,50,3581-89516-1,Line,123.0,100.1,0.13
eir,1351-4201-1,50,3581-89516-1,Line,123.0,100.13,0.16
ovl,1351-4201-1,50,3581-89516-1,Line,123.0,100.12,0.14
eir,1392-3842-1,101,1122-11260-1,Line,513.0,100.14,0.71
eir,1392-3842-1,108,1122-11260-1,Line,513.0,100.14,0.74
ovl,1392-3842-1,108,1122-11260-1,Line,513.0,100.12,0.64
eir,1392-4943-1,101,1122-11260-1,Line,513.0,100.14,0.71
eir,1392-4943-1,108,1122-11260-1,Line,513.0,100.14,0.74
ovl,1392-4943-1,108,1122-11260-1,Line,513.0,100.12,0.63
eir,1472-2562-1,0,2781-4951-1,Line,106.0,102.6,2.76
eir,1472-2562-1,0,3581-89516-1,Line,123.0,104.22,5.19
eir,1472-2562-1,0,T89510-89515-1,Transformer,125.0,104.04,5.05
eir,1472-2562-1,0,T89515-89516-1,Transformer,125.0,103.04,3.81
ovl,1472-2562-1,0,2781-4951-1,Line,106.0,101.24,1.31
ovl,1472-2562-1,0,3581-89516-1,Line,123.0,102.11,2.59
ovl,1472-2562-1,0,T89510-89515-1,Transformer,125.0,101.18,1.48
ovl,1472-2562-1,0,T89515-89516-1,Transformer,125.0,100.71,0.89
eir,1472-2562-1,7,3581-89516-1,Line,123.0,104.42,5.43
eir,1472-2562-1,7,T89510-89515-1,Transformer,125.0,104.31,5.38
eir,1472-2562-1,7,T89515-89516-1,Transformer,125.0,103.27,4.08
ovl,1472-2562-1,7,3581-89516-1,Line,123.0,102.21,2.71
ovl,1472-2562-1,7,T89510-89515-1,Transformer,125.0,101.31,1.64
ovl,1472-2562-1,7,T89515-89516-1,Transformer,125.0,100.82,1.02
eir,1472-2562-1,21,3581-89516-1,Line,123.0,104.65,5.71
eir,1472-2562-1,21,T89510-89515-1,Transformer,125.0,104.61,5.77
eir,1472-2562-1,21,T89515-89516-1,Transformer,125.0,103.52,4.4
ovl,1472-2562-1,21,3581-89516-1,Line,123.0,102.32,2.86
ovl,1472-2562-1,21,T89510-89515-1,Transformer,125.0,101.47,1.83
ovl,1472-2562-1,21,T89515-89516-1,Transformer,125.0,100.95,1.18
eir,1472-2562-1,29,2781-4951-1,Line,106.0,103.04,3.22
eir,1472-2562-1,29,3581-89516-1,Line,123.0,104.91,6.04
eir,1472-2562-1,29,T89510-89515-1,Transformer,125.0,104.97,6.21
eir,1472-2562-1,29,T89515-89516-1,Transformer,125.0,103.81,4.76
ovl,1472-2562-1,29,2781-4951-1,Line,106.0,101.43,1.51
ovl,1472-2562-1,29,3581-89516-1,Line,123.0,102.43,2.99
ovl,1472-2562-1,29,T89510-89515-1,Transformer,125.0,101.61,2.02
ovl,1472-2562-1,29,T89515-89516-1,Transformer,125.0,101.07,1.34
eir,1472-14720-1,108,1122-11260-1,Line,513.0,100.15,0.76
ovl,1472-14720-1,108,1122-11260-1,Line,513.0,100.15,0.76
ovl,1521-2401-1,108,3691-4041-1,Line,192.0,100.18,0.35
eir,1602-3202-1,108,3581-89516-1,Line,123.0,100.18,0.22
ovl,1602-3202-1,108,3581-89516-1,Line,123.0,100.15,0.18
eir,1602-3202-1,159,3581-89516-1,Line,123.0,100.26,0.32
ovl,1602-3202-1,159,3581-89516-1,Line,123.0,100.22,0.27
eir,1642-2522-1,108,1122-11260-1,Line,513.0,100.12,0.6
ovl,1642-4522-1,50,3581-89516-1,Line,123.0,102.07,2.54
ovl,1642-4522-1,50,T89510-89515-1,Transformer,125.0,102.59,3.23
ovl,1642-4522-1,50,T89515-89516-1,Transformer,125.0,101.15,1.44
eir,1642-4522-1,101,1122-11260-1,Line,513.0,100.1,0.54
eir,1642-4522-1,108,1122-11260-1,Line,513.0,100.12,0.6
eir,1642-5172-1,50,1122-1742-1,Line,513.0,100.11,0.54
ovl,1671-1941-1,108,3691-4041-1,Line,192.0,100.31,0.59
eir,1701-1981-1,29,2781-4951-1,Line,106.0,100.12,0.13
eir,1701-1981-1,50,1122-1742-1,Line,513.0,100.24,1.25
eir,1701-1981-1,50,3082-3122-1,Line,634.0,100.22,1.41
ovl,1701-1981-1,50,1122-1742-1,Line,513.0,100.14,0.7
ovl,1701-1981-1,50,3082-3122-1,Line,634.0,100.12,0.78
eir,1701-1981-1,108,T3464-3462-34641-1-w1,Transformer,500.0,100.13,0.64
eir,1701-1981-1,108,T3464-3462-34641-1-w2,Transformer,500.0,100.12,0.61
ovl,1701-1981-1,108,T3464-3462-34641-1-w1,Transformer,500.0,100.14,0.7
ovl,1701-1981-1,108,T3464-3462-34641-1-w2,Transformer,500.0,100.14,0.69
eir,1721-5381-1,108,3581-89516-1,Line,123.0,100.11,0.13
eir,1721-5381-1,159,3581-89516-1,Line,123.0,100.24,0.29
ovl,1721-5381-1,159,3581-89516-1,Line,123.0,100.21,0.26
eir,1741-1851-1,50,3581-89516-1,Line,123.0,100.11,0.14
ovl,1742-3122-1,108,1122-11260-1,Line,513.0,100.1,0.53
eir,1742-17420-1,0,2781-4951-1,Line,106.0,100.93,0.99
eir,1742-17420-1,0,3581-89516-1,Line,123.0,101.45,1.79
eir,1742-17420-1,0,T89510-89515-1,Transformer,125.0,100.36,0.45
ovl,1742-17420-1,0,2781-4951-1,Line,106.0,100.93,0.99
ovl,1742-17420-1,0,3581-89516-1,Line,123.0,101.45,1.79
ovl,1742-17420-1,0,T89510-89515-1,Transformer,125.0,100.36,0.45
eir,1742-17420-1,7,3581-89516-1,Line,123.0,101.47,1.8
eir,1742-17420-1,7,T89510-89515-1,Transformer,125.0,100.38,0.48
ovl,1742-17420-1,7,3581-89516-1,Line,123.0,101.47,1.8
ovl,1742-17420-1,7,T89510-89515-1,Transformer,125.0,100.38,0.48
eir,1742-17420-1,21,3581-89516-1,Line,123.0,101.47,1.81
eir,1742-17420-1,21,T89510-89515-1,Transformer,125.0,100.39,0.48
ovl,1742-17420-1,21,3581-89516-1,Line,123.0,101.47,1.81
ovl,1742-17420-1,21,T89510-89515-1,Transformer,125.0,100.39,0.48
eir,1742-17420-1,29,2781-4951-1,Line,106.0,100.96,1.01
eir,1742-17420-1,29,3581-89516-1,Line,123.0,101.49,1.83
eir,1742-17420-1,29,T89510-89515-1,Transformer,125.0,100.41,0.52
ovl,1742-17420-1,29,2781-4951-1,Line,106.0,100.96,1.01
ovl,1742-17420-1,29,3581-89516-1,Line,123.0,101.49,1.83
ovl,1742-17420-1,29,T89510-89515-1,Transformer,125.0,100.41,0.52
eir,1742-17420-1,116,3581-89516-1,Line,123.0,101.49,1.83
eir,1742-17420-1,116,T89510-89515-1,Transformer,125.0,100.41,0.52
ovl,1742-17420-1,116,3581-89516-1,Line,123.0,101.49,1.83
ovl,1742-17420-1,116,T89510-89515-1,Transformer,125.0,100.41,0.52
eir,1742-17420-2,0,2781-4951-1,Line,106.0,100.93,0.99
eir,1742-17420-2,0,3581-89516-1,Line,123.0,101.45,1.79
eir,1742-17420-2,0,T89510-89515-1,Transformer,125.0,100.36,0.45
ovl,1742-17420-2,0,2781-4951-1,Line,106.0,100.93,0.99
ovl,1742-17420-2,0,3581-89516-1,Line,123.0,101.45,1.79
ovl,1742-17420-2,0,T89510-89515-1,Transformer,125.0,100.36,0.45
eir,1742-17420-2,7,3581-89516-1,Line,123.0,101.47,1.8
eir,1742-17420-2,7,T89510-89515-1,Transformer,125.0,100.38,0.48
ovl,1742-17420-2,7,3581-89516-1,Line,123.0,101.47,1.8
ovl,1742-17420-2,7,T89510-89515-1,Transformer,125.0,100.38,0.48
eir,1742-17420-2,21,3581-89516-1,Line,123.0,101.47,1.81
eir,1742-17420-2,21,T89510-89515-1,Transformer,125.0,100.39,0.48
ovl,1742-17420-2,21,3581-89516-1,Line,123.0,101.47,1.81
ovl,1742-17420-2,21,T89510-89515-1,Transformer,125.0,100.39,0.48
eir,1742-17420-2,29,2781-4951-1,Line,106.0,100.96,1.01
eir,1742-17420-2,29,3581-89516-1,Line,123.0,101.49,1.83
eir,1742-17420-2,29,T89510-89515-1,Transformer,125.0,100.41,0.52
ovl,1742-17420-2,29,2781-4951-1,Line,106.0,100.96,1.01
ovl,1742-17420-2,29,3581-89516-1,Line,123.0,101.49,1.83
ovl,1742-17420-2,29,T89510-89515-1,Transformer,125.0,100.41,0.52
eir,1742-17420-2,116,3581-89516-1,Line,123.0,101.49,1.83
eir,1742-17420-2,116,T89510-89515-1,Transformer,125.0,100.41,0.52
ovl,1742-17420-2,116,3581-89516-1,Line,123.0,101.49,1.83
ovl,1742-17420-2,116,T89510-89515-1,Transformer,125.0,100.41,0.52
eir,1791-4201-1,50,3581-89516-1,Line,123.0,100.2,0.25
ovl,1791-4201-1,50,3581-89516-1,Line,123.0,100.17,0.2
eir,1791-4481-1,50,3581-89516-1,Line,123.0,100.2,0.25
ovl,1791-4481-1,50,3581-89516-1,Line,123.0,100.17,0.2
ovl,1821-35011-1,50,1122-1742-1,Line,513.0,100.1,0.54
eir,1861-2521-1,29,2781-4951-1,Line,106.0,100.19,0.2
ovl,1861-2521-1,29,2781-4951-1,Line,106.0,100.12,0.13
eir,1861-2521-1,108,1122-11260-1,Line,513.0,100.12,0.61
ovl,1861-2521-1,108,1122-11260-1,Line,513.0,100.1,0.51
eir,1861-2521-2,29,2781-4951-1,Line,106.0,100.18,0.19
ovl,1861-2521-2,29,2781-4951-1,Line,106.0,100.11,0.12
eir,1861-2521-2,108,1122-11260-1,Line,513.0,100.12,0.61
ovl,1941-4201-1,108,3691-4041-1,Line,192.0,100.22,0.42
eir,1981-79016-1,29,2781-4951-1,Line,106.0,100.23,0.24
ovl,1981-79016-1,29,2781-4951-1,Line,106.0,100.17,0.18
eir,1981-79016-1,50,1122-1742-1,Line,513.0,100.32,1.63
eir,1981-79016-1,50,3082-3122-1,Line,634.0,100.26,1.67
ovl,1981-79016-1,50,1122-1742-1,Line,513.0,100.17,0.89
ovl,1981-79016-1,50,3082-3122-1,Line,634.0,100.13,0.81
eir,1981-79016-1,137,2781-4951-1,Line,106.0,100.23,0.25
ovl,1981-79016-1,137,2781-4951-1,Line,106.0,100.16,0.17
ovl,2001-4791-1,108,3691-4041-1,Line,192.0,100.2,0.38
eir,2001-5441-1,159,3581-89516-1,Line,123.0,100.12,0.15
ovl,2001-5441-1,159,3581-89516-1,Line,123.0,100.11,0.14
eir,2002-2742-1,101,1122-11260-1,Line,513.0,100.12,0.64
ovl,2002-2742-1,101,1122-11260-1,Line,513.0,100.13,0.64
eir,2002-2742-1,145,T89510-89515-1,Transformer,125.0,100.6,0.76
eir,2002-2742-1,159,T89510-89515-1,Transformer,125.0,100.38,0.47
eir,2002-3203-1,101,1122-11260-1,Line,513.0,100.18,0.94
ovl,2002-3203-1,101,1122-11260-1,Line,513.0,100.14,0.72
eir,2002-3203-1,108,1122-11260-1,Line,513.0,100.15,0.77
ovl,2002-3203-1,108,1122-11260-1,Line,513.0,100.13,0.67
ovl,2141-4791-1,108,3691-4041-1,Line,192.0,100.2,0.38
ovl,2202-3342-1,108,T89510-89515-1,Transformer,125.0,100.46,0.57
eir,2202-3842-1,50,3581-89516-1,Line,123.0,100.56,0.69
ovl,2202-3842-1,50,3581-89516-1,Line,123.0,100.39,0.48
eir,2202-3852-2,50,3581-89516-1,Line,123.0,101.05,1.29
ovl,2202-3852-2,50,3581-89516-1,Line,123.0,100.77,0.94
eir,2202-5202-1,50,3581-89516-1,Line,123.0,101.12,1.38
ovl,2202-5202-1,50,3581-89516-1,Line,123.0,100.82,1.0
ovl,2204-5464-1,108,1122-11260-1,Line,513.0,100.25,1.26
eir,2204-22044-1,72,1122-11260-1,Line,513.0,100.16,0.83
ovl,2204-22044-1,72,1122-11260-1,Line,513.0,100.11,0.58
eir,2204-22044-1,101,1122-11260-1,Line,513.0,100.71,3.66
ovl,2204-22044-1,101,1122-11260-1,Line,513.0,100.53,2.72
ovl,2204-22044-1,101,T89510-89515-1,Transformer,125.0,101.76,2.2
eir,2204-22044-1,108,1122-11260-1,Line,513.0,100.73,3.76
ovl,2204-22044-1,108,1122-11260-1,Line,513.0,100.56,2.86
ovl,2261-3311-1,108,3691-4041-1,Line,192.0,100.22,0.41
eir,2481-24819-1,50,3581-89516-1,Line,123.0,100.32,0.39
eir,2522-3522-1,29,2781-4951-1,Line,106.0,100.18,0.19
ovl,2522-3522-1,29,2781-4951-1,Line,106.0,100.12,0.12
eir,2522-3522-1,137,2781-4951-1,Line,106.0,100.18,0.19
ovl,2522-3522-1,137,2781-4951-1,Line,106.0,100.11,0.12
eir,2563-4242-1,0,2781-4951-1,Line,106.0,104.26,4.52
eir,2563-4242-1,0,3581-89516-1,Line,123.0,106.94,8.54
eir,2563-4242-1,0,T89510-89515-1,Transformer,125.0,107.67,9.59
eir,2563-4242-1,0,T89515-89516-1,Transformer,125.0,106.05,7.56
ovl,2563-4242-1,0,2781-4951-1,Line,106.0,101.97,2.09
ovl,2563-4242-1,0,3581-89516-1,Line,123.0,103.42,4.2
ovl,2563-4242-1,0,T89510-89515-1,Transformer,125.0,102.89,3.61
ovl,2563-4242-1,0,T89515-89516-1,Transformer,125.0,102.14,2.67
eir,2563-4242-1,7,3581-89516-1,Line,123.0,107.17,8.81
eir,2563-4242-1,7,T89510-89515-1,Transformer,125.0,107.97,9.96
eir,2563-4242-1,7,T89515-89516-1,Transformer,125.0,106.29,7.86
ovl,2563-4242-1,7,3581-89516-1,Line,123.0,103.52,4.33
ovl,2563-4242-1,7,T89510-89515-1,Transformer,125.0,103.03,3.79
ovl,2563-4242-1,7,T89515-89516-1,Transformer,125.0,102.25,2.82
eir,2563-4242-1,21,3581-89516-1,Line,123.0,107.36,9.05
eir,2563-4242-1,21,T89510-89515-1,Transformer,125.0,108.23,10.28
eir,2563-4242-1,21,T89515-89516-1,Transformer,125.0,106.5,8.13
ovl,2563-4242-1,21,3581-89516-1,Line,123.0,103.62,4.45
ovl,2563-4242-1,21,T89510-89515-1,Transformer,125.0,103.16,3.95
ovl,2563-4242-1,21,T89515-89516-1,Transformer,125.0,102.36,2.95
eir,2563-4242-1,29,2781-4951-1,Line,106.0,104.72,5.0
eir,2563-4242-1,29,3581-89516-1,Line,123.0,107.66,9.42
eir,2563-4242-1,29,T89510-89515-1,Transformer,125.0,108.64,10.8
eir,2563-4242-1,29,T89515-89516-1,Transformer,125.0,106.84,8.55
ovl,2563-4242-1,29,2781-4951-1,Line,106.0,102.15,2.28
ovl,2563-4242-1,29,3581-89516-1,Line,123.0,103.74,4.59
ovl,2563-4242-1,29,T89510-89515-1,Transformer,125.0,103.31,4.14
ovl,2563-4242-1,29,T89515-89516-1,Transformer,125.0,102.49,3.11
eir,2563-4242-1,116,3581-89516-1,Line,123.0,102.24,2.76
eir,2563-4242-1,116,T89510-89515-1,Transformer,125.0,101.4,1.75
eir,2563-4242-1,116,T89515-89516-1,Transformer,125.0,100.87,1.09
ovl,2563-4242-1,116,3581-89516-1,Line,123.0,100.98,1.2
eir,2563-4242-1,123,3581-89516-1,Line,123.0,100.15,0.19
eir,2651-3551-1,50,3581-89516-1,Line,123.0,100.18,0.22
eir,2741-3441-1,50,3581-89516-1,Line,123.0,100.42,0.52
ovl,2741-3441-1,50,3581-89516-1,Line,123.0,100.28,0.34
eir,2741-3441-1,108,3581-89516-1,Line,123.0,100.21,0.26
ovl,2741-3441-1,108,3581-89516-1,Line,123.0,100.19,0.23
ovl,2742-3342-1,108,T89510-89515-1,Transformer,125.0,100.61,0.77
eir,2742-3642-1,108,3581-89516-1,Line,123.0,100.15,0.18
ovl,2742-3642-1,108,3581-89516-1,Line,123.0,100.14,0.17
eir,2801-2871-1,50,1122-1742-1,Line,513.0,100.25,1.26
eir,2801-2871-1,50,3082-3122-1,Line,634.0,100.23,1.43
eir,2870-2871-1,29,2781-4951-1,Line,106.0,100.98,1.03
ovl,2870-2871-1,29,2781-4951-1,Line,106.0,100.77,0.81
eir,2870-2871-1,50,1122-1742-1,Line,513.0,101.21,6.21
eir,2870-2871-1,50,3082-3122-1,Line,634.0,101.08,6.86
ovl,2870-2871-1,50,1122-1742-1,Line,513.0,101.01,5.2
ovl,2870-2871-1,50,3082-3122-1,Line,634.0,100.9,5.71
eir,2870-2871-1,72,1122-11260-1,Line,513.0,100.12,0.64
eir,2870-2871-1,101,T3464-3462-34641-1-w1,Transformer,500.0,100.19,0.97
eir,2870-2871-1,101,T3464-3462-34641-1-w2,Transformer,500.0,100.19,0.94
ovl,2870-2871-1,101,T3464-3462-34641-1-w1,Transformer,500.0,100.16,0.79
ovl,2870-2871-1,101,T3464-3462-34641-1-w2,Transformer,500.0,100.16,0.78
eir,2870-2871-1,108,3691-4041-1,Line,192.0,100.5,0.96
eir,2870-2871-1,137,2781-4951-1,Line,106.0,100.67,0.71
ovl,2870-2871-1,137,2781-4951-1,Line,106.0,100.46,0.49
eir,2871-28019-1,29,2781-4951-1,Line,106.0,100.15,0.16
ovl,2871-28019-1,29,2781-4951-1,Line,106.0,100.12,0.13
eir,2921-3381-1,159,T3464-3462-34641-1-w1,Transformer,500.0,100.1,0.52
eir,2921-3381-1,159,T3464-3462-34641-1-w2,Transformer,500.0,100.1,0.52
ovl,2921-3381-1,159,T3464-3462-34641-1-w1,Transformer,500.0,100.1,0.51
ovl,2921-3381-1,159,T3464-3462-34641-1-w2,Transformer,500.0,100.1,0.51
eir,2921-4121-1,159,T3464-3462-34641-1-w1,Transformer,500.0,100.1,0.52
eir,2921-4121-1,159,T3464-3462-34641-1-w2,Transformer,500.0,100.1,0.52
ovl,2921-4121-1,159,T3464-3462-34641-1-w1,Transformer,500.0,100.1,0.51
ovl,2921-4121-1,159,T3464-3462-34641-1-w2,Transformer,500.0,100.1,0.51
ovl,2931-23019-1,108,3691-4041-1,Line,192.0,100.14,0.27
eir,2962-4012-1,101,1122-11260-1,Line,513.0,100.13,0.68
ovl,2962-4012-1,101,1122-11260-1,Line,513.0,100.12,0.62
eir,2962-4012-1,108,1122-11260-1,Line,513.0,100.14,0.72
ovl,2962-4012-1,108,1122-11260-1,Line,513.0,100.15,0.76
ovl,3082-3122-1,36,1122-11260-1,Line,513.0,100.21,1.06
eir,3082-3122-1,50,T89510-89515-1,Transformer,125.0,100.78,0.97
ovl,3082-3122-1,50,T3464-3462-34641-1-w1,Transformer,500.0,100.79,3.95
ovl,3082-3122-1,50,T3464-3462-34641-1-w2,Transformer,500.0,100.66,3.29
ovl,3082-3122-1,72,1122-11260-1,Line,513.0,100.12,0.62
ovl,3082-3122-1,101,1122-11260-1,Line,513.0,100.19,1.0
eir,3082-3122-1,108,T89510-89515-1,Transformer,125.0,100.66,0.82
eir,3082-3472-2,21,3581-89516-1,Line,123.0,100.34,0.41
ovl,3082-3472-2,21,3581-89516-1,Line,123.0,100.25,0.3
eir,3192-3462-2,50,3581-89516-1,Line,123.0,100.14,0.17
eir,3209-6931-1,108,3581-89516-1,Line,123.0,100.21,0.26
ovl,3209-6931-1,108,3581-89516-1,Line,123.0,100.2,0.24
eir,3261-3441-1,50,3581-89516-1,Line,123.0,100.42,0.52
ovl,3261-3441-1,50,3581-89516-1,Line,123.0,100.28,0.34
eir,3261-3441-1,108,3581-89516-1,Line,123.0,100.21,0.26
ovl,3261-3441-1,108,3581-89516-1,Line,123.0,100.19,0.23
eir,3282-4942-1,50,3581-89516-1,Line,123.0,100.33,0.41
ovl,3282-4942-1,50,3581-89516-1,Line,123.0,104.31,5.3
ovl,3282-4942-1,50,T89510-89515-1,Transformer,125.0,104.83,6.04
ovl,3282-4942-1,50,T89515-89516-1,Transformer,125.0,103.37,4.22
eir,3282-4942-1,101,1122-11260-1,Line,513.0,100.12,0.6
eir,3282-4942-1,108,1122-11260-1,Line,513.0,100.12,0.62
eir,3282-4942-1,108,3581-89516-1,Line,123.0,100.42,0.52
ovl,3282-4942-1,108,3581-89516-1,Line,123.0,100.28,0.34
eir,3282-4942-1,159,3581-89516-1,Line,123.0,100.39,0.49
ovl,3282-4942-1,159,3581-89516-1,Line,123.0,100.28,0.34
ovl,3352-3842-1,108,3691-4041-1,Line,192.0,100.23,0.44
eir,3462-3940-1,108,3581-89516-1,Line,123.0,100.21,0.25
ovl,3462-3940-1,108,3581-89516-1,Line,123.0,100.17,0.21
eir,3462-3940-1,159,3581-89516-1,Line,123.0,100.19,0.23
ovl,3462-3940-1,159,3581-89516-1,Line,123.0,100.16,0.19
eir,3462-3942-2,108,3581-89516-1,Line,123.0,100.24,0.29
ovl,3462-3942-2,108,3581-89516-1,Line,123.0,100.19,0.24
eir,3462-3942-2,159,3581-89516-1,Line,123.0,100.21,0.26
ovl,3462-3942-2,159,3581-89516-1,Line,123.0,100.18,0.22
eir,3464-3934-1,36,1122-11260-1,Line,513.0,100.18,0.91
ovl,3464-3934-1,36,1122-11260-1,Line,513.0,100.12,0.62
eir,3464-3934-1,50,T89510-89515-1,Transformer,125.0,101.88,2.36
eir,3464-3934-1,65,T89510-89515-1,Transformer,125.0,100.29,0.36
eir,3464-3934-1,72,1122-11260-1,Line,513.0,100.14,0.71
eir,3464-3934-1,101,1122-11260-1,Line,513.0,100.59,3.02
eir,3464-3934-1,101,T89510-89515-1,Transformer,125.0,100.46,0.57
ovl,3464-3934-1,101,1122-11260-1,Line,513.0,100.43,2.22
eir,3464-3934-1,108,1122-11260-1,Line,513.0,100.61,3.15
eir,3464-3934-1,108,T89510-89515-1,Transformer,125.0,102.27,2.84
ovl,3464-3934-1,108,1122-11260-1,Line,513.0,100.44,2.27
eir,3464-3934-1,145,T89510-89515-1,Transformer,125.0,101.6,2.0
eir,3464-3934-1,159,T89510-89515-1,Transformer,125.0,102.15,2.69
ovl,3464-3934-1,159,T89510-89515-1,Transformer,125.0,101.09,1.36
eir,3554-22044-1,72,1122-11260-1,Line,513.0,100.16,0.83
ovl,3554-22044-1,72,1122-11260-1,Line,513.0,100.11,0.58
eir,3554-22044-1,101,1122-11260-1,Line,513.0,100.71,3.64
ovl,3554-22044-1,101,1122-11260-1,Line,513.0,100.53,2.71
ovl,3554-22044-1,101,T89510-89515-1,Transformer,125.0,101.75,2.18
eir,3554-22044-1,108,1122-11260-1,Line,513.0,100.73,3.74
ovl,3554-22044-1,108,1122-11260-1,Line,513.0,100.56,2.85
eir,3554-39444-1,36,1122-11260-1,Line,513.0,100.18,0.92
ovl,3554-39444-1,36,1122-11260-1,Line,513.0,100.12,0.6
eir,3554-39444-1,50,1122-11260-1,Line,513.0,100.13,0.64
eir,3554-39444-1,72,1122-11260-1,Line,513.0,100.29,1.48
ovl,3554-39444-1,72,1122-11260-1,Line,513.0,100.2,1.01
eir,3554-39444-1,101,1122-11260-1,Line,513.0,100.8,4.09
ovl,3554-39444-1,101,1122-11260-1,Line,513.0,100.58,2.99
ovl,3554-39444-1,101,T89510-89515-1,Transformer,125.0,102.09,2.61
eir,3554-39444-1,108,1122-11260-1,Line,513.0,100.8,4.11
ovl,3554-39444-1,108,1122-11260-1,Line,513.0,100.6,3.07
eir,3581-5361-1,50,1122-1742-1,Line,513.0,100.12,0.63
eir,3581-5361-1,50,3082-3122-1,Line,634.0,100.11,0.71
eir,3581-28019-1,29,2781-4951-1,Line,106.0,100.14,0.15
ovl,3581-28019-1,29,2781-4951-1,Line,106.0,100.12,0.13
ovl,3641-36411-1,108,3691-4041-1,Line,192.0,100.14,0.27
ovl,3841-5211-1,108,3691-4041-1,Line,192.0,100.16,0.31
eir,3934-3944-1,50,T89510-89515-1,Transformer,125.0,101.69,2.12
ovl,3934-3944-1,50,T89510-89515-1,Transformer,125.0,102.87,3.59
eir,3934-3944-1,65,T89510-89515-1,Transformer,125.0,100.1,0.13
eir,3934-3944-1,101,1122-11260-1,Line,513.0,100.58,2.97
ovl,3934-3944-1,101,1122-11260-1,Line,513.0,100.39,1.99
eir,3934-3944-1,108,1122-11260-1,Line,513.0,100.59,3.0
eir,3934-3944-1,108,T89510-89515-1,Transformer,125.0,102.1,2.63
ovl,3934-3944-1,108,1122-11260-1,Line,513.0,100.4,2.07
ovl,3934-3944-1,108,T89510-89515-1,Transformer,125.0,100.45,0.56
eir,3934-3944-1,145,T89510-89515-1,Transformer,125.0,101.71,2.14
ovl,3934-3944-1,145,T89510-89515-1,Transformer,125.0,100.81,1.02
eir,3934-3944-1,159,T89510-89515-1,Transformer,125.0,102.22,2.77
eir,3940-3942-1,108,3581-89516-1,Line,123.0,100.28,0.34
ovl,3940-3942-1,108,3581-89516-1,Line,123.0,100.23,0.29
eir,3940-3942-1,159,3581-89516-1,Line,123.0,100.28,0.34
ovl,3940-3942-1,159,3581-89516-1,Line,123.0,100.24,0.29
eir,3944-3954-1,50,T89510-89515-1,Transformer,125.0,101.18,1.48
ovl,3944-3954-1,50,T89510-89515-1,Transformer,125.0,102.45,3.06
eir,3944-3954-1,101,1122-11260-1,Line,513.0,100.48,2.47
ovl,3944-3954-1,101,1122-11260-1,Line,513.0,100.35,1.79
eir,3944-3954-1,108,1122-11260-1,Line,513.0,100.5,2.55
eir,3944-3954-1,108,T89510-89515-1,Transformer,125.0,101.56,1.96
ovl,3944-3954-1,108,1122-11260-1,Line,513.0,100.37,1.91
ovl,3944-3954-1,108,T89510-89515-1,Transformer,125.0,100.79,0.99
eir,3944-3954-1,145,T89510-89515-1,Transformer,125.0,100.92,1.15
eir,3944-3954-1,159,T89510-89515-1,Transformer,125.0,101.46,1.83
ovl,3944-3954-1,159,T89510-89515-1,Transformer,125.0,100.81,1.02
eir,3944-39444-1,36,1122-11260-1,Line,513.0,100.18,0.92
ovl,3944-39444-1,36,1122-11260-1,Line,513.0,100.12,0.6
eir,3944-39444-1,50,1122-11260-1,Line,513.0,100.12,0.63
eir,3944-39444-1,72,1122-11260-1,Line,513.0,100.29,1.47
ovl,3944-39444-1,72,1122-11260-1,Line,513.0,100.2,1.01
eir,3944-39444-1,101,1122-11260-1,Line,513.0,100.79,4.07
ovl,3944-39444-1,101,1122-11260-1,Line,513.0,100.58,2.98
ovl,3944-39444-1,101,T89510-89515-1,Transformer,125.0,102.08,2.59
eir,3944-39444-1,108,1122-11260-1,Line,513.0,100.8,4.09
ovl,3944-39444-1,108,1122-11260-1,Line,513.0,100.6,3.06
eir,4041-5341-1,50,1122-1742-1,Line,513.0,100.11,0.57
eir,4041-5341-1,50,3082-3122-1,Line,634.0,100.12,0.75
ovl,4121-23019-1,108,3691-4041-1,Line,192.0,100.13,0.24
eir,4242-4462-1,0,2781-4951-1,Line,106.0,104.25,4.5
eir,4242-4462-1,0,3581-89516-1,Line,123.0,106.92,8.51
eir,4242-4462-1,0,T89510-89515-1,Transformer,125.0,107.64,9.54
eir,4242-4462-1,0,T89515-89516-1,Transformer,125.0,106.01,7.52
ovl,4242-4462-1,0,2781-4951-1,Line,106.0,101.96,2.08
ovl,4242-4462-1,0,3581-89516-1,Line,123.0,103.41,4.19
ovl,4242-4462-1,0,T89510-89515-1,Transformer,125.0,102.88,3.6
ovl,4242-4462-1,0,T89515-89516-1,Transformer,125.0,102.13,2.66
eir,4242-4462-1,7,3581-89516-1,Line,123.0,107.14,8.78
eir,4242-4462-1,7,T89510-89515-1,Transformer,125.0,107.93,9.92
eir,4242-4462-1,7,T89515-89516-1,Transformer,125.0,106.26,7.82
ovl,4242-4462-1,7,3581-89516-1,Line,123.0,103.52,4.32
ovl,4242-4462-1,7,T89510-89515-1,Transformer,125.0,103.02,3.78
ovl,4242-4462-1,7,T89515-89516-1,Transformer,125.0,102.25,2.81
eir,4242-4462-1,21,3581-89516-1,Line,123.0,107.33,9.01
eir,4242-4462-1,21,T89510-89515-1,Transformer,125.0,108.19,10.24
eir,4242-4462-1,21,T89515-89516-1,Transformer,125.0,106.47,8.09
ovl,4242-4462-1,21,3581-89516-1,Line,123.0,103.61,4.44
ovl,4242-4462-1,21,T89510-89515-1,Transformer,125.0,103.15,3.93
ovl,4242-4462-1,21,T89515-89516-1,Transformer,125.0,102.35,2.94
eir,4242-4462-1,29,2781-4951-1,Line,106.0,104.7,4.98
eir,4242-4462-1,29,3581-89516-1,Line,123.0,107.63,9.38
eir,4242-4462-1,29,T89510-89515-1,Transformer,125.0,108.6,10.75
eir,4242-4462-1,29,T89515-89516-1,Transformer,125.0,106.8,8.5
ovl,4242-4462-1,29,2781-4951-1,Line,106.0,102.15,2.28
ovl,4242-4462-1,29,3581-89516-1,Line,123.0,103.73,4.59
ovl,4242-4462-1,29,T89510-89515-1,Transformer,125.0,103.3,4.13
ovl,4242-4462-1,29,T89515-89516-1,Transformer,125.0,102.48,3.1
eir,4242-4462-1,116,3581-89516-1,Line,123.0,102.23,2.74
eir,4242-4462-1,116,T89510-89515-1,Transformer,125.0,101.38,1.73
eir,4242-4462-1,116,T89515-89516-1,Transformer,125.0,100.86,1.07
ovl,4242-4462-1,116,3581-89516-1,Line,123.0,100.97,1.2
eir,4242-4462-1,123,3581-89516-1,Line,123.0,100.15,0.19
eir,4382-5172-1,29,2781-4951-1,Line,106.0,100.19,0.2
ovl,4382-5172-1,29,2781-4951-1,Line,106.0,100.14,0.15
eir,4382-5172-1,101,1122-11260-1,Line,513.0,100.25,1.3
ovl,4382-5172-1,101,1122-11260-1,Line,513.0,100.17,0.89
eir,4382-5172-1,108,1122-11260-1,Line,513.0,100.27,1.37
ovl,4382-5172-1,108,1122-11260-1,Line,513.0,100.2,1.04
eir,4382-5172-1,137,2781-4951-1,Line,106.0,100.2,0.21
ovl,4382-5172-1,137,2781-4951-1,Line,106.0,100.14,0.15
eir,4384-43844-1,29,2781-4951-1,Line,106.0,100.13,0.14
eir,4384-43844-1,137,2781-4951-1,Line,106.0,100.13,0.13
eir,4462-4472-1,50,3581-89516-1,Line,123.0,100.18,0.22
ovl,4462-4472-1,50,3581-89516-1,Line,123.0,100.13,0.16
ovl,4462-4922-1,50,1122-1742-1,Line,513.0,100.12,0.6
eir,4462-44731-1,108,1122-11260-1,Line,513.0,100.14,0.73
ovl,4462-44731-1,108,1122-11260-1,Line,513.0,100.15,0.76
ovl,4472-17431-1,36,1122-11260-1,Line,513.0,100.11,0.54
eir,4472-17431-1,50,3581-89516-1,Line,123.0,103.13,3.86
eir,4472-17431-1,50,T89510-89515-1,Transformer,125.0,103.06,3.83
eir,4472-17431-1,50,T89515-89516-1,Transformer,125.0,102.01,2.51
ovl,4472-17431-1,50,3581-89516-1,Line,123.0,102.0,2.46
ovl,4472-17431-1,50,T89510-89515-1,Transformer,125.0,101.16,1.45
ovl,4472-17431-1,50,T89515-89516-1,Transformer,125.0,100.63,0.79
eir,4472-17431-1,72,3581-89516-1,Line,123.0,100.38,0.47
ovl,4472-17431-1,72,3581-89516-1,Line,123.0,100.25,0.31
eir,4472-17431-1,94,3581-89516-1,Line,123.0,100.21,0.26
ovl,4472-17431-1,94,3581-89516-1,Line,123.0,100.15,0.19
ovl,4472-17431-1,101,T3464-3462-34641-1-w1,Transformer,500.0,100.71,3.54
ovl,4472-17431-1,101,T3464-3462-34641-1-w2,Transformer,500.0,100.69,3.45
eir,4472-17431-1,108,3581-89516-1,Line,123.0,102.07,2.54
eir,4472-17431-1,108,T89510-89515-1,Transformer,125.0,101.44,1.8
eir,4472-17431-1,108,T89515-89516-1,Transformer,125.0,100.77,0.96
ovl,4472-17431-1,108,3581-89516-1,Line,123.0,101.27,1.56
ovl,4472-17431-1,108,T89510-89515-1,Transformer,125.0,100.11,0.14
ovl,4472-17431-1,108,T3464-3462-34641-1-w1,Transformer,500.0,101.54,7.68
ovl,4472-17431-1,108,T3464-3462-34641-1-w2,Transformer,500.0,101.5,7.49
eir,4472-30820-1,0,2781-4951-1,Line,106.0,101.39,1.47
eir,4472-30820-1,0,3581-89516-1,Line,123.0,102.29,2.81
eir,4472-30820-1,0,T89510-89515-1,Transformer,125.0,101.45,1.81
eir,4472-30820-1,0,T89515-89516-1,Transformer,125.0,100.92,1.15
ovl,4472-30820-1,0,2781-4951-1,Line,106.0,100.84,0.89
ovl,4472-30820-1,0,3581-89516-1,Line,123.0,101.32,1.63
ovl,4472-30820-1,0,T89510-89515-1,Transformer,125.0,100.18,0.23
eir,4472-30820-1,7,3581-89516-1,Line,123.0,101.96,2.41
eir,4472-30820-1,7,T89510-89515-1,Transformer,125.0,101.01,1.26
eir,4472-30820-1,7,T89515-89516-1,Transformer,125.0,100.55,0.69
ovl,4472-30820-1,7,3581-89516-1,Line,123.0,101.13,1.39
eir,4472-30820-1,21,3581-89516-1,Line,123.0,102.43,2.99
eir,4472-30820-1,21,T89510-89515-1,Transformer,125.0,101.64,2.05
eir,4472-30820-1,21,T89515-89516-1,Transformer,125.0,101.08,1.35
ovl,4472-30820-1,21,3581-89516-1,Line,123.0,101.41,1.73
ovl,4472-30820-1,21,T89510-89515-1,Transformer,125.0,100.3,0.37
eir,4472-30820-1,29,2781-4951-1,Line,106.0,101.06,1.12
eir,4472-30820-1,29,3581-89516-1,Line,123.0,101.74,2.14
eir,4472-30820-1,29,T89510-89515-1,Transformer,125.0,100.72,0.9
eir,4472-30820-1,29,T89515-89516-1,Transformer,125.0,100.31,0.39
ovl,4472-30820-1,29,2781-4951-1,Line,106.0,100.64,0.68
ovl,4472-30820-1,29,3581-89516-1,Line,123.0,101.01,1.24
eir,4472-30820-1,116,3581-89516-1,Line,123.0,101.16,1.43
ovl,4472-30820-1,116,3581-89516-1,Line,123.0,100.76,0.93
eir,4472-30820-2,0,2781-4951-1,Line,106.0,101.36,1.44
eir,4472-30820-2,0,3581-89516-1,Line,123.0,102.24,2.75
eir,4472-30820-2,0,T89510-89515-1,Transformer,125.0,101.38,1.73
eir,4472-30820-2,0,T89515-89516-1,Transformer,125.0,100.86,1.08
ovl,4472-30820-2,0,2781-4951-1,Line,106.0,100.82,0.87
ovl,4472-30820-2,0,3581-89516-1,Line,123.0,101.3,1.59
ovl,4472-30820-2,0,T89510-89515-1,Transformer,125.0,100.15,0.18
eir,4472-30820-2,7,3581-89516-1,Line,123.0,101.91,2.35
eir,4472-30820-2,7,T89510-89515-1,Transformer,125.0,100.94,1.18
eir,4472-30820-2,7,T89515-89516-1,Transformer,125.0,100.5,0.63
ovl,4472-30820-2,7,3581-89516-1,Line,123.0,101.1,1.36
eir,4472-30820-2,21,3581-89516-1,Line,123.0,102.39,2.94
eir,4472-30820-2,21,T89510-89515-1,Transformer,125.0,101.58,1.97
eir,4472-30820-2,21,T89515-89516-1,Transformer,125.0,101.02,1.28
ovl,4472-30820-2,21,3581-89516-1,Line,123.0,101.38,1.7
ovl,4472-30820-2,21,T89510-89515-1,Transformer,125.0,100.26,0.33
eir,4472-30820-2,29,2781-4951-1,Line,106.0,101.03,1.09
eir,4472-30820-2,29,3581-89516-1,Line,123.0,101.69,2.08
eir,4472-30820-2,29,T89510-89515-1,Transformer,125.0,100.65,0.82
eir,4472-30820-2,29,T89515-89516-1,Transformer,125.0,100.26,0.33
ovl,4472-30820-2,29,2781-4951-1,Line,106.0,100.62,0.66
ovl,4472-30820-2,29,3581-89516-1,Line,123.0,100.98,1.2
eir,4472-30820-2,116,3581-89516-1,Line,123.0,101.12,1.38
ovl,4472-30820-2,116,3581-89516-1,Line,123.0,100.73,0.9
eir,4472-44732-1,108,1122-11260-1,Line,513.0,100.14,0.7
ovl,4472-44732-1,108,1122-11260-1,Line,513.0,100.14,0.72
eir,4472-44733-1,108,1122-11260-1,Line,513.0,100.14,0.7
ovl,4472-44733-1,108,1122-11260-1,Line,513.0,100.14,0.74
eir,4664-5464-1,29,2781-4951-1,Line,106.0,100.13,0.14
eir,4664-5464-1,137,2781-4951-1,Line,106.0,100.13,0.13
eir,4664-43844-1,29,2781-4951-1,Line,106.0,100.13,0.14
eir,4664-43844-1,137,2781-4951-1,Line,106.0,100.13,0.13
ovl,5211-22613-1,108,3691-4041-1,Line,192.0,100.16,0.31
eir,5274-5381-1,108,3581-89516-1,Line,123.0,100.16,0.2
eir,5274-5381-1,159,3581-89516-1,Line,123.0,100.28,0.34
ovl,5274-5381-1,159,3581-89516-1,Line,123.0,100.25,0.31
eir,5464-90440-1,29,2781-4951-1,Line,106.0,100.33,0.35
ovl,5464-90440-1,29,2781-4951-1,Line,106.0,100.25,0.27
eir,5464-90440-1,137,2781-4951-1,Line,106.0,100.18,0.19
ovl,5464-90440-1,137,2781-4951-1,Line,106.0,100.13,0.13
eir,17411-24819-1,50,3581-89516-1,Line,123.0,100.32,0.39
eir,35231-90020-1,29,2781-4951-1,Line,106.0,100.12,0.12
ovl,35231-90020-1,108,3691-4041-1,Line,192.0,100.31,0.6
eir,35232-90020-2,29,2781-4951-1,Line,106.0,100.12,0.12
ovl,35232-90020-2,108,3691-4041-1,Line,192.0,100.31,0.6
eir,66121-66122-1,101,1122-11260-1,Line,513.0,100.13,0.64
ovl,66121-66122-1,101,1122-11260-1,Line,513.0,100.11,0.59
eir,66121-66122-1,108,1122-11260-1,Line,513.0,100.11,0.56
ovl,66121-66122-1,108,1122-11260-1,Line,513.0,100.12,0.61
eir,66122-66123-1,101,1122-11260-1,Line,513.0,100.13,0.64
ovl,66122-66123-1,101,1122-11260-1,Line,513.0,100.11,0.59
eir,66122-66123-1,108,1122-11260-1,Line,513.0,100.11,0.56
ovl,66122-66123-1,108,1122-11260-1,Line,513.0,100.11,0.59
ovl,74520-90020-1,108,3691-4041-1,Line,192.0,100.14,0.26
ovl,75510-75511-1,108,3691-4041-1,Line,192.0,100.11,0.2
ovl,T1742-17431-1,36,1122-11260-1,Line,513.0,100.11,0.54
eir,T1742-17431-1,50,3581-89516-1,Line,123.0,103.12,3.84
eir,T1742-17431-1,50,T89510-89515-1,Transformer,125.0,103.04,3.8
eir,T1742-17431-1,50,T89515-89516-1,Transformer,125.0,101.99,2.49
ovl,T1742-17431-1,50,3581-89516-1,Line,123.0,102.0,2.46
ovl,T1742-17431-1,50,T89510-89515-1,Transformer,125.0,101.15,1.44
ovl,T1742-17431-1,50,T89515-89516-1,Transformer,125.0,100.63,0.79
eir,T1742-17431-1,72,3581-89516-1,Line,123.0,100.38,0.46
ovl,T1742-17431-1,72,3581-89516-1,Line,123.0,100.25,0.31
eir,T1742-17431-1,94,3581-89516-1,Line,123.0,100.21,0.26
ovl,T1742-17431-1,94,3581-89516-1,Line,123.0,100.15,0.19
ovl,T1742-17431-1,101,T3464-3462-34641-1-w1,Transformer,500.0,100.71,3.53
ovl,T1742-17431-1,101,T3464-3462-34641-1-w2,Transformer,500.0,100.69,3.44
eir,T1742-17431-1,108,3581-89516-1,Line,123.0,102.06,2.53
eir,T1742-17431-1,108,T89510-89515-1,Transformer,125.0,101.43,1.78
eir,T1742-17431-1,108,T89515-89516-1,Transformer,125.0,100.76,0.95
ovl,T1742-17431-1,108,3581-89516-1,Line,123.0,101.27,1.56
ovl,T1742-17431-1,108,T89510-89515-1,Transformer,125.0,100.11,0.13
ovl,T1742-17431-1,108,T3464-3462-34641-1-w1,Transformer,500.0,101.53,7.67
ovl,T1742-17431-1,108,T3464-3462-34641-1-w2,Transformer,500.0,101.5,7.48
eir,T79010-79015-1,29,2781-4951-1,Line,106.0,100.23,0.24
ovl,T79010-79015-1,29,2781-4951-1,Line,106.0,100.17,0.18
eir,T79010-79015-1,50,1122-1742-1,Line,513.0,100.32,1.64
eir,T79010-79015-1,50,3082-3122-1,Line,634.0,100.26,1.68
ovl,T79010-79015-1,50,1122-1742-1,Line,513.0,100.17,0.89
ovl,T79010-79015-1,50,3082-3122-1,Line,634.0,100.13,0.81
eir,T79010-79015-1,137,2781-4951-1,Line,106.0,100.24,0.25
ovl,T79010-79015-1,137,2781-4951-1,Line,106.0,100.16,0.17
eir,T79015-79016-1,29,2781-4951-1,Line,106.0,100.23,0.24
ovl,T79015-79016-1,29,2781-4951-1,Line,106.0,100.17,0.18
eir,T79015-79016-1,50,1122-1742-1,Line,513.0,100.32,1.64
eir,T79015-79016-1,50,3082-3122-1,Line,634.0,100.26,1.67
ovl,T79015-79016-1,50,1122-1742-1,Line,513.0,100.17,0.89
ovl,T79015-79016-1,50,3082-3122-1,Line,634.0,100.13,0.81
eir,T79015-79016-1,137,2781-4951-1,Line,106.0,100.23,0.25
ovl,T79015-79016-1,137,2781-4951-1,Line,106.0,100.16,0.17
eir,T1212-1211-12121-1-w1,50,3581-89516-1,Line,123.0,100.18,0.22
ovl,T1212-1211-12121-1-w1,50,3581-89516-1,Line,123.0,100.18,0.22
eir,T1212-1211-12121-1-w1,108,3581-89516-1,Line,123.0,100.48,0.6
ovl,T1212-1211-12121-1-w1,108,3581-89516-1,Line,123.0,100.48,0.6
eir,T1212-1211-12121-1-w1,159,3581-89516-1,Line,123.0,100.39,0.47
ovl,T1212-1211-12121-1-w1,159,3581-89516-1,Line,123.0,100.39,0.47
eir,T1212-1211-12121-1-w2,50,3581-89516-1,Line,123.0,100.18,0.22
ovl,T1212-1211-12121-1-w2,50,3581-89516-1,Line,123.0,100.18,0.22
eir,T1212-1211-12121-1-w2,108,3581-89516-1,Line,123.0,100.48,0.59
ovl,T1212-1211-12121-1-w2,108,3581-89516-1,Line,123.0,100.48,0.59
eir,T1212-1211-12121-1-w2,159,3581-89516-1,Line,123.0,100.39,0.47
ovl,T1212-1211-12121-1-w2,159,3581-89516-1,Line,123.0,100.39,0.47
eir,T1212-12111-12122-2-w1,50,3581-89516-1,Line,123.0,100.18,0.22
ovl,T1212-12111-12122-2-w1,50,3581-89516-1,Line,123.0,100.18,0.22
eir,T1212-12111-12122-2-w1,108,3581-89516-1,Line,123.0,100.48,0.6
ovl,T1212-12111-12122-2-w1,108,3581-89516-1,Line,123.0,100.48,0.6
eir,T1212-12111-12122-2-w1,159,3581-89516-1,Line,123.0,100.39,0.47
ovl,T1212-12111-12122-2-w1,159,3581-89516-1,Line,123.0,100.39,0.47
eir,T1212-12111-12122-2-w2,50,3581-89516-1,Line,123.0,100.18,0.22
ovl,T1212-12111-12122-2-w2,50,3581-89516-1,Line,123.0,100.18,0.22
eir,T1212-12111-12122-2-w2,108,3581-89516-1,Line,123.0,100.48,0.59
ovl,T1212-12111-12122-2-w2,108,3581-89516-1,Line,123.0,100.48,0.59
eir,T1212-12111-12122-2-w2,159,3581-89516-1,Line,123.0,100.39,0.47
ovl,T1212-12111-12122-2-w2,159,3581-89516-1,Line,123.0,100.39,0.47
eir,T3464-3462-34641-1-w1,36,1122-11260-1,Line,513.0,100.18,0.9
ovl,T3464-3462-34641-1-w1,36,1122-11260-1,Line,513.0,100.12,0.62
eir,T3464-3462-34641-1-w1,50,T89510-89515-1,Transformer,125.0,101.87,2.34
eir,T3464-3462-34641-1-w1,65,T89510-89515-1,Transformer,125.0,100.28,0.35
eir,T3464-3462-34641-1-w1,72,1122-11260-1,Line,513.0,100.14,0.71
eir,T3464-3462-34641-1-w1,101,1122-11260-1,Line,513.0,100.59,3.01
eir,T3464-3462-34641-1-w1,101,T89510-89515-1,Transformer,125.0,100.43,0.54
ovl,T3464-3462-34641-1-w1,101,1122-11260-1,Line,513.0,100.43,2.21
eir,T3464-3462-34641-1-w1,108,1122-11260-1,Line,513.0,100.61,3.14
eir,T3464-3462-34641-1-w1,108,T89510-89515-1,Transformer,125.0,102.26,2.83
ovl,T3464-3462-34641-1-w1,108,1122-11260-1,Line,513.0,100.44,2.27
eir,T3464-3462-34641-1-w1,145,T89510-89515-1,Transformer,125.0,101.59,1.99
eir,T3464-3462-34641-1-w1,159,T89510-89515-1,Transformer,125.0,102.14,2.68
eir,T3464-3462-34641-1-w2,36,1122-11260-1,Line,513.0,100.18,0.9
ovl,T3464-3462-34641-1-w2,36,1122-11260-1,Line,513.0,100.12,0.62
eir,T3464-3462-34641-1-w2,50,T89510-89515-1,Transformer,125.0,101.86,2.33
eir,T3464-3462-34641-1-w2,65,T89510-89515-1,Transformer,125.0,100.27,0.34
eir,T3464-3462-34641-1-w2,72,1122-11260-1,Line,513.0,100.14,0.71
eir,T3464-3462-34641-1-w2,101,1122-11260-1,Line,513.0,100.59,3.0
eir,T3464-3462-34641-1-w2,101,T89510-89515-1,Transformer,125.0,100.4,0.5
ovl,T3464-3462-34641-1-w2,101,1122-11260-1,Line,513.0,100.43,2.2
eir,T3464-3462-34641-1-w2,108,1122-11260-1,Line,513.0,100.61,3.13
eir,T3464-3462-34641-1-w2,108,T89510-89515-1,Transformer,125.0,102.25,2.81
ovl,T3464-3462-34641-1-w2,108,1122-11260-1,Line,513.0,100.44,2.26
eir,T3464-3462-34641-1-w2,145,T89510-89515-1,Transformer,125.0,101.58,1.98
eir,T3464-3462-34641-1-w2,159,T89510-89515-1,Transformer,125.0,102.13,2.66
eir,T3522-35232-35237-2-w1,29,2781-4951-1,Line,106.0,100.12,0.12
ovl,T3522-35232-35237-2-w1,108,3691-4041-1,Line,192.0,100.31,0.6
eir,T3522-35232-35237-2-w2,29,2781-4951-1,Line,106.0,100.12,0.12
ovl,T3522-35232-35237-2-w2,108,3691-4041-1,Line,192.0,100.31,0.6
eir,T3934-3942-39402-1-w1,36,1122-11260-1,Line,513.0,100.19,0.96
ovl,T3934-3942-39402-1-w1,36,1122-11260-1,Line,513.0,100.13,0.68
eir,T3934-3942-39402-1-w1,50,T89510-89515-1,Transformer,125.0,101.92,2.4
ovl,T3934-3942-39402-1-w1,50,T89510-89515-1,Transformer,125.0,102.93,3.66
eir,T3934-3942-39402-1-w1,65,T89510-89515-1,Transformer,125.0,100.33,0.41
eir,T3934-3942-39402-1-w1,72,1122-11260-1,Line,513.0,100.14,0.74
ovl,T3934-3942-39402-1-w1,72,1122-11260-1,Line,513.0,100.1,0.52
eir,T3934-3942-39402-1-w1,101,1122-11260-1,Line,513.0,100.6,3.06
eir,T3934-3942-39402-1-w1,101,T89510-89515-1,Transformer,125.0,100.49,0.61
ovl,T3934-3942-39402-1-w1,101,1122-11260-1,Line,513.0,100.44,2.28
eir,T3934-3942-39402-1-w1,108,1122-11260-1,Line,513.0,100.62,3.17
eir,T3934-3942-39402-1-w1,108,T89510-89515-1,Transformer,125.0,102.3,2.88
ovl,T3934-3942-39402-1-w1,108,1122-11260-1,Line,513.0,100.45,2.33
ovl,T3934-3942-39402-1-w1,108,T89510-89515-1,Transformer,125.0,101.29,1.61
eir,T3934-3942-39402-1-w1,145,T89510-89515-1,Transformer,125.0,101.63,2.04
ovl,T3934-3942-39402-1-w1,145,T89510-89515-1,Transformer,125.0,101.0,1.26
eir,T3934-3942-39402-1-w1,159,T89510-89515-1,Transformer,125.0,102.18,2.72
ovl,T3934-3942-39402-1-w1,159,T89510-89515-1,Transformer,125.0,101.26,1.58
eir,T3934-3942-39402-1-w2,36,1122-11260-1,Line,513.0,100.19,0.95
ovl,T3934-3942-39402-1-w2,36,1122-11260-1,Line,513.0,100.13,0.68
eir,T3934-3942-39402-1-w2,50,T89510-89515-1,Transformer,125.0,101.91,2.38
eir,T3934-3942-39402-1-w2,65,T89510-89515-1,Transformer,125.0,100.32,0.4
eir,T3934-3942-39402-1-w2,72,1122-11260-1,Line,513.0,100.14,0.73
ovl,T3934-3942-39402-1-w2,72,1122-11260-1,Line,513.0,100.1,0.52
eir,T3934-3942-39402-1-w2,101,1122-11260-1,Line,513.0,100.59,3.05
eir,T3934-3942-39402-1-w2,101,T89510-89515-1,Transformer,125.0,100.46,0.58
ovl,T3934-3942-39402-1-w2,101,1122-11260-1,Line,513.0,100.44,2.27
eir,T3934-3942-39402-1-w2,108,1122-11260-1,Line,513.0,100.62,3.16
eir,T3934-3942-39402-1-w2,108,T89510-89515-1,Transformer,125.0,102.29,2.86
ovl,T3934-3942-39402-1-w2,108,1122-11260-1,Line,513.0,100.45,2.32
ovl,T3934-3942-39402-1-w2,108,T89510-89515-1,Transformer,125.0,101.28,1.6
eir,T3934-3942-39402-1-w2,145,T89510-89515-1,Transformer,125.0,101.62,2.03
ovl,T3934-3942-39402-1-w2,145,T89510-89515-1,Transformer,125.0,100.9,1.13
eir,T3934-3942-39402-1-w2,159,T89510-89515-1,Transformer,125.0,102.16,2.71
ovl,T3934-3942-39402-1-w2,159,T89510-89515-1,Transformer,125.0,101.26,1.57
eir,T3954-3942-39421-2-w1,50,T89510-89515-1,Transformer,125.0,101.18,1.47
ovl,T3954-3942-39421-2-w1,50,T89510-89515-1,Transformer,125.0,102.45,3.06
eir,T3954-3942-39421-2-w1,101,1122-11260-1,Line,513.0,100.48,2.46
ovl,T3954-3942-39421-2-w1,101,1122-11260-1,Line,513.0,100.35,1.79
eir,T3954-3942-39421-2-w1,108,1122-11260-1,Line,513.0,100.5,2.55
eir,T3954-3942-39421-2-w1,108,T89510-89515-1,Transformer,125.0,101.55,1.94
ovl,T3954-3942-39421-2-w1,108,1122-11260-1,Line,513.0,100.39,2.0
ovl,T3954-3942-39421-2-w1,108,T89510-89515-1,Transformer,125.0,100.9,1.12
eir,T3954-3942-39421-2-w1,145,T89510-89515-1,Transformer,125.0,100.91,1.14
eir,T3954-3942-39421-2-w1,159,T89510-89515-1,Transformer,125.0,101.45,1.82
ovl,T3954-3942-39421-2-w1,159,T89510-89515-1,Transformer,125.0,100.68,0.85
eir,T3954-3942-39421-2-w2,50,T89510-89515-1,Transformer,125.0,101.17,1.46
ovl,T3954-3942-39421-2-w2,50,T89510-89515-1,Transformer,125.0,102.45,3.06
eir,T3954-3942-39421-2-w2,101,1122-11260-1,Line,513.0,100.48,2.45
ovl,T3954-3942-39421-2-w2,101,1122-11260-1,Line,513.0,100.35,1.78
eir,T3954-3942-39421-2-w2,108,1122-11260-1,Line,513.0,100.49,2.54
eir,T3954-3942-39421-2-w2,108,T89510-89515-1,Transformer,125.0,101.55,1.93
ovl,T3954-3942-39421-2-w2,108,1122-11260-1,Line,513.0,100.39,2.0
ovl,T3954-3942-39421-2-w2,108,T89510-89515-1,Transformer,125.0,100.9,1.12
eir,T3954-3942-39421-2-w2,145,T89510-89515-1,Transformer,125.0,100.91,1.13
eir,T3954-3942-39421-2-w2,159,T89510-89515-1,Transformer,125.0,101.45,1.81
ovl,T3954-3942-39421-2-w2,159,T89510-89515-1,Transformer,125.0,100.68,0.85
eir,T4384-4382-43821-1-w1,29,2781-4951-1,Line,106.0,100.19,0.2
ovl,T4384-4382-43821-1-w1,29,2781-4951-1,Line,106.0,100.14,0.15
eir,T4384-4382-43821-1-w1,101,1122-11260-1,Line,513.0,100.25,1.3
ovl,T4384-4382-43821-1-w1,101,1122-11260-1,Line,513.0,100.17,0.89
eir,T4384-4382-43821-1-w1,108,1122-11260-1,Line,513.0,100.27,1.37
ovl,T4384-4382-43821-1-w1,108,1122-11260-1,Line,513.0,100.2,1.04
eir,T4384-4382-43821-1-w1,137,2781-4951-1,Line,106.0,100.2,0.21
ovl,T4384-4382-43821-1-w1,137,2781-4951-1,Line,106.0,100.14,0.15
eir,T4384-4382-43821-1-w2,29,2781-4951-1,Line,106.0,100.19,0.2
ovl,T4384-4382-43821-1-w2,29,2781-4951-1,Line,106.0,100.14,0.15
eir,T4384-4382-43821-1-w2,101,1122-11260-1,Line,513.0,100.25,1.3
ovl,T4384-4382-43821-1-w2,101,1122-11260-1,Line,513.0,100.17,0.89
eir,T4384-4382-43821-1-w2,108,1122-11260-1,Line,513.0,100.27,1.37
ovl,T4384-4382-43821-1-w2,108,1122-11260-1,Line,513.0,100.2,1.04
eir,T4384-4382-43821-1-w2,137,2781-4951-1,Line,106.0,100.2,0.21
ovl,T4384-4382-43821-1-w2,137,2781-4951-1,Line,106.0,100.14,0.15
ovl,T75511-75520-75562-1-w1,108,3691-4041-1,Line,192.0,100.11,0.2
ovl,T75511-75520-75562-1-w2,108,3691-4041-1,Line,192.0,100.11,0.2
ovl,T90310-90320-90361-1-w1,108,3691-4041-1,Line,192.0,100.12,0.23
ovl,T90310-90320-90361-1-w2,108,3691-4041-1,Line,192.0,100.12,0.23
ovl,T90310-90320-90362-1-w1,108,3691-4041-1,Line,192.0,100.12,0.23
ovl,T90310-90320-90362-1-w2,108,3691-4041-1,Line,192.0,100.12,0.23
