node,p_nom_MW,cut_events,cut_total_MW,avail_total_MW,pct_events_cut,pct_MW_offered_kept
3301,13.85,6,52.71,198728.4,0.0297,99.973
1341,89.3,8,75.85,642644.1,0.0396,99.988
4681,32.49,8,79.05,480895.2,0.0396,99.984
77212,51.6,9,49.1,380243.2,0.0445,99.987
77210,67.9,10,72.03,500358.8,0.0495,99.986
85510,70.6,12,89.69,422908.9,0.0594,99.979
2771,74.215,12,791.6,817752.6,0.0594,99.903
1751,54.0,12,524.85,579315.5,0.0594,99.909
70010,82.5,14,123.27,558210.9,0.0693,99.978
79010,16.9,16,27.74,126387.1,0.0792,99.978
89510,28.1,16,48.88,273102.8,0.0792,99.982
87510,95.7,16,166.22,579080.0,0.0792,99.971
73500,47.5,17,79.71,204831.3,0.0841,99.961
75010,103.0,18,162.83,570030.9,0.0891,99.971
80710,67.5,18,130.98,411817.3,0.0891,99.968
89210,27.6,19,54.22,175379.0,0.094,99.969
87900,76.3,20,150.16,319803.2,0.099,99.953
1311,147.6,20,1123.32,1193887.9,0.099,99.906
90210,90.0,20,194.29,635948.3,0.099,99.969
81810,73.7,21,154.44,466633.2,0.1039,99.967
1441,13.6,21,209.29,98175.1,0.1039,99.787
74011,13.8,22,14.16,52592.1,0.1089,99.973
71011,50.15,22,49.91,218319.8,0.1089,99.977
84412,15.0,24,37.34,84233.5,0.1188,99.956
77511,17.5,24,29.02,122578.9,0.1188,99.976
83011,15.0,24,2.0,44755.0,0.1188,99.996
83510,37.7,24,93.68,322756.7,0.1188,99.971
1841,7.49,28,84.64,28337.2,0.1386,99.701
3221,0.85,30,20.09,7722.5,0.1485,99.74
2225,22.95,31,598.68,278434.9,0.1534,99.785
5274,115.08,31,1988.56,1872436.1,0.1534,99.894
3101,35.95,33,728.07,442137.0,0.1633,99.835
1251,154.219,34,802.74,2123928.2,0.1683,99.962
3891,67.89999999999999,35,1963.91,806029.6,0.1732,99.756
5271,59.08,35,1247.04,961275.0,0.1732,99.87
2221,27.17,35,716.61,334554.6,0.1732,99.786
3621,68.4,36,1511.07,862925.2,0.1782,99.825
1231,42.0,37,839.65,208781.7,0.1831,99.598
4091,95.25,37,614.02,768049.7,0.1831,99.92
36210,59.0,37,1262.4,741489.6,0.1831,99.83
3881,24.0,37,685.59,254146.4,0.1831,99.73
1281,65.71000000000001,38,2022.58,754586.4,0.1881,99.732
1551,169.05,40,4993.8,1962196.2,0.198,99.745
2391,36.0,42,805.74,201015.9,0.2079,99.599
1461,32.4,42,1053.02,291325.0,0.2079,99.639
23610,72.39,43,2019.56,1120952.2,0.2128,99.82
3801,1.7,49,64.67,15425.6,0.2425,99.581
28810,40.8,49,895.2,314479.5,0.2425,99.715
1521,56.4,49,368.87,577843.4,0.2425,99.936
1901,55.74,50,739.28,784577.9,0.2475,99.906
2401,79.2,50,532.22,811439.7,0.2475,99.934
1021,8.16,52,226.43,103248.9,0.2574,99.781
4391,50.0,52,367.92,233357.4,0.2574,99.842
3561,33.1,53,201.44,181930.8,0.2623,99.889
1671,75.0,53,563.69,448824.6,0.2623,99.874
5301,41.8,53,1222.43,559582.9,0.2623,99.782
2101,16.6,57,128.43,147041.7,0.2821,99.913
2231,59.5,57,906.06,650721.7,0.2821,99.861
2141,8.98,57,286.38,49018.1,0.2821,99.416
5381,4.6,58,191.82,54969.9,0.2871,99.651
32060,450.0,63,16922.52,3746350.2,0.3118,99.548
4781,78.62,65,808.78,201165.3,0.3217,99.598
1381,2.0,66,112.09,23589.9,0.3267,99.525
6931,20.0,67,1006.56,255037.9,0.3316,99.605
4481,54.20099999999999,70,615.02,555313.7,0.3465,99.889
6201,156.84,70,2414.26,1681060.1,0.3465,99.856
3491,48.9,71,440.58,226683.2,0.3514,99.806
4361,9.0,72,536.18,152641.6,0.3564,99.649
2701,0.5,72,5.41,3531.9,0.3564,99.847
68090,34.0,76,1870.77,436210.3,0.3762,99.571
66096,84.0,78,2417.41,918665.9,0.3861,99.737
1931,34.8,80,609.73,97145.3,0.396,99.372
1481,1.7,94,70.3,10678.2,0.4653,99.342
4961,28.017,94,483.51,226410.4,0.4653,99.786
2181,5.949999999999999,96,120.24,33291.3,0.4752,99.639
66123,370.0,99,7863.21,3207265.2,0.49,99.755
66094,58.0,100,1313.8,460476.6,0.495,99.715
4371,77.3,101,1635.33,273055.8,0.4999,99.401
1881,70.699,105,2394.64,981181.9,0.5197,99.756
3311,110.2,109,3112.99,997848.1,0.5395,99.688
3821,68.698,111,1500.18,532379.4,0.5494,99.718
2671,82.0,111,1967.1,428339.0,0.5494,99.541
44731,483.0,113,8280.0,3633410.5,0.5593,99.772
4991,63.25,116,223.44,93158.6,0.5742,99.76
2821,8.0,118,154.14,71094.3,0.5841,99.783
4261,14.69,118,597.17,160657.2,0.5841,99.628
3511,97.5,120,2994.97,882851.1,0.594,99.661
2601,75.6,122,1771.41,325416.8,0.6039,99.456
1991,41.400000000000006,124,2833.83,280725.2,0.6138,98.991
5441,18.53,131,1166.34,114681.3,0.6484,98.983
2651,49.5,131,2360.19,352416.9,0.6484,99.33
1431,45.0,132,2003.8,220385.7,0.6534,99.091
5341,12.040000000000001,134,594.29,133415.5,0.6633,99.555
17010,55.0,135,3234.42,547155.5,0.6682,99.409
3391,105.0,137,4699.96,788206.3,0.6781,99.404
1141,0.9,138,76.07,6778.5,0.6831,98.878
14010,33.9,139,1024.45,99315.8,0.688,98.968
4121,60.0,140,1971.8,510554.0,0.693,99.614
5221,31.0,145,2216.59,455515.4,0.7177,99.513
3251,83.15,145,7172.42,1375959.0,0.7177,99.479
4041,6.0,147,367.69,35393.8,0.7276,98.961
1121,118.39000000000001,149,4116.45,532147.6,0.7375,99.226
3571,34.0,150,2472.78,356460.8,0.7425,99.306
36411,60.162,158,2294.12,348238.6,0.7821,99.341
5081,105.0,166,8157.66,1119117.5,0.8217,99.271
3501,9.55,170,574.33,91018.8,0.8415,99.369
5001,7.65,171,759.42,78627.4,0.8464,99.034
4671,90.0,172,5280.88,857768.4,0.8514,99.384
4701,4.99,175,305.34,47558.5,0.8662,99.358
2881,26.0,175,1872.61,378824.9,0.8662,99.506
5241,19.2,176,1134.77,110397.4,0.8712,98.972
44733,483.0,179,10427.2,3824868.7,0.886,99.727
14720,500.0,180,12178.59,4040830.2,0.891,99.699
2241,26.03,183,2544.98,326377.2,0.9058,99.22
5501,38.9,187,4004.07,338461.3,0.9256,98.817
5281,47.56,190,6167.12,773917.2,0.9405,99.203
1061,15.6,194,782.74,142366.8,0.9603,99.45
44732,483.0,194,9908.67,3878205.4,0.9603,99.745
1821,9.24,200,1177.67,116455.9,0.99,98.989
14016,50.0,203,3134.92,146483.5,1.0048,97.86
1661,50.44,213,5975.61,448564.2,1.0543,98.668
14013,172.0,213,6204.89,485541.0,1.0543,98.722
22811,2.55,222,322.27,32323.8,1.0988,99.003
2281,40.8,237,5682.94,571787.9,1.1731,99.006
1971,81.0,264,12211.59,873746.1,1.3067,98.602
1651,51.599999999999994,265,9653.81,854500.4,1.3117,98.87
3941,17.25,266,3050.8,262426.8,1.3166,98.837
2111,174.0,273,28972.37,2224089.3,1.3513,98.697
1401,46.88999999999999,278,1814.73,131206.2,1.376,98.617
2742,450.0,291,32692.62,2346718.5,1.4404,98.607
1831,7.99,303,871.6,86208.0,1.4998,98.989
5261,26.5,308,5886.61,420675.4,1.5245,98.601
2731,29.8,310,6962.34,325110.8,1.5344,97.858
1631,79.60300000000001,319,4407.85,393140.3,1.579,98.879
2151,25.2,322,6580.83,361786.9,1.5938,98.181
3481,37.0,374,9606.33,421598.7,1.8512,97.721
3461,18.0,374,4862.33,204343.3,1.8512,97.621
5361,44.69,397,717.86,88097.2,1.9651,99.185
20900,109.2,417,29797.91,1443382.7,2.064,97.936
4071,84.96,462,2013.09,178038.3,2.2868,98.869
4951,46.1,481,13181.62,575119.5,2.3808,97.708
1131,34.35,495,10950.78,318872.8,2.4501,96.566
11310,23.15,512,8530.0,240316.3,2.5343,96.451
2171,33.6,513,11249.95,480154.4,2.5392,97.657
2331,47.3,520,17360.04,633682.3,2.5739,97.26
5191,29.9,552,3264.46,390400.8,2.7323,99.164
17420,824.0,568,28670.46,6642657.7,2.8115,99.568
51911,139.2,594,7875.69,1038263.4,2.9402,99.241
2131,28.5,679,12816.4,287547.9,3.3609,95.543
4981,17.73,716,3484.39,82262.1,3.544,95.764
52610,46.3,870,26740.99,538498.3,4.3063,95.034
11261,800.0,988,37623.16,4806554.5,4.8904,99.217
39420,450.0,1020,230187.8,5571883.5,5.0488,95.869
3591,30.5,1565,3862.5,170239.1,7.7464,97.731
1511,100.549,2655,94492.21,1152768.3,13.1416,91.803
1571,22.94,4137,12100.95,230613.5,20.4772,94.753
3581,60.27,6427,15908.6,260243.9,31.8121,93.887
