,station,wind_MW,reach,helps,hurts,depth,relief,harm,net,net_flat
3581,Letterkenny,60.27,1,1,0,0.50536,0.18437,0.0077,0.17667,0.03097
5361,Trillick,44.69,1,1,0,0.50536,0.18437,0.0077,0.17667,0.03097
4991,Sorne Hill,63.25,1,1,0,0.50536,0.18437,0.0077,0.17667,0.03097
3591,Lenalea,30.5,1,1,0,0.47811,0.17445,0.00758,0.16687,0.02833
4071,Meentycat,84.96,1,1,0,0.47436,0.17309,0.00756,0.16552,0.02796
1571,Ardnagappary,22.94,1,1,0,0.40427,0.14756,0.00726,0.1403,0.02114
5191,Tievebrack,29.9,1,1,0,0.40427,0.14756,0.00726,0.1403,0.02114
51911,Croaghonagh,139.2,1,1,0,0.37228,0.13591,0.00712,0.12879,0.01803
4091,Mulreavy,95.25,1,1,0,0.37216,0.13587,0.00712,0.12875,0.01802
1341,Binbane,89.3,1,1,0,0.35259,0.12874,0.00703,0.12171,0.01612
11261,W_Arklow_Off,800.0,3,3,0,0.99734,0.12154,0.00757,0.11397,0.18255
2171,Knockalough,33.6,1,1,0,0.81044,0.10198,0.00101,0.10097,0.09077
2331,Ferry View,47.3,1,1,0,0.81044,0.10198,0.00101,0.10097,0.09077
20900,Buffy,109.2,1,1,0,0.81044,0.10198,0.00101,0.10097,0.09077
1831,Screeb,7.99,1,1,0,0.81044,0.10198,0.00101,0.10097,0.09077
4951,Salthill,46.1,1,1,0,0.81044,0.10198,0.00101,0.10097,0.09077
17010,Cath Fall,55.0,2,1,1,0.27815,0.10163,0.0067,0.09492,0.00888
4981,Sligo,17.73,2,1,1,0.11978,0.04395,0.00509,0.03885,-0.00701
2671,Garvagh,82.0,2,1,1,0.11117,0.04081,0.00506,0.03576,-0.00644
1631,Corderry,79.603,2,1,1,0.11117,0.04081,0.00506,0.03576,-0.00644
1931,Cunghill,34.8,2,1,1,0.14604,0.03822,0.00497,0.03325,-0.01352
1061,Arigna,15.6,2,1,1,0.09195,0.03381,0.00493,0.02888,-0.00791
4371,Glenree,77.3,2,1,1,0.21898,0.03109,0.00481,0.02628,-0.02161
2601,Firlough,75.6,2,1,1,0.22858,0.03015,0.00479,0.02536,-0.02268
14016,Croaghaun,50.0,2,2,0,0.55335,0.02493,0.00217,0.02276,0.05598
1401,Bellacorick,46.89,2,2,0,0.55335,0.02493,0.00217,0.02276,0.05598
14010,Bellacorick,33.9,2,2,0,0.55335,0.02493,0.00217,0.02276,0.05598
14013,Srahnakilly,172.0,2,2,0,0.55335,0.02493,0.00217,0.02276,0.05598
5241,Tawnaghmore,19.2,2,1,1,0.2648,0.02661,0.00471,0.0219,-0.0267
4041,Moy,6.0,2,1,1,0.2648,0.02661,0.00471,0.0219,-0.0267
5341,Tonroe,12.04,2,1,1,0.1884,0.02527,0.00467,0.0206,-0.02026
1511,Cloghboola,100.549,2,2,0,0.18721,0.02351,0.00299,0.02052,0.03733
52610,Trien,46.3,2,2,0,0.18721,0.02351,0.00299,0.02052,0.03733
2131,Dromada,28.5,2,2,0,0.18721,0.02351,0.00299,0.02052,0.03733
11310,Tobertoreen,23.15,2,2,0,0.18721,0.02351,0.00299,0.02052,0.03733
1131,Athea,34.35,2,2,0,0.18721,0.02351,0.00299,0.02052,0.03733
3461,Kilpaddoge,18.0,2,2,0,0.17217,0.02184,0.0028,0.01904,0.03517
3481,Coolnanoonag,37.0,2,2,0,0.17217,0.02184,0.0028,0.01904,0.03517
2151,Drombeg,25.2,2,2,0,0.17,0.02166,0.00281,0.01886,0.03507
39420,W_Skerd Rock,450.0,2,2,0,0.17525,0.02195,0.00314,0.01881,0.0341
5261,Trien,26.5,2,2,0,0.1689,0.02157,0.00281,0.01876,0.03503
1651,Clahane,51.6,2,2,0,0.1673,0.02144,0.00282,0.01862,0.03496
3251,Reamore,83.15,2,2,0,0.16498,0.02125,0.00282,0.01843,0.03486
5281,Tralee,47.56,2,2,0,0.16498,0.02125,0.00282,0.01843,0.03486
4361,Oughtragh,9.0,2,2,0,0.15937,0.02078,0.00283,0.01795,0.03462
1311,Cordal,147.6,2,2,0,0.1559,0.02072,0.00297,0.01776,0.03532
3391,Knockacummer,105.0,2,2,0,0.1559,0.02072,0.00297,0.01776,0.03532
28810,Glenlara,40.8,2,2,0,0.1559,0.02072,0.00297,0.01776,0.03532
3301,Knockearagh,13.85,2,2,0,0.14815,0.01985,0.00286,0.01699,0.03415
3941,Moneypoint,17.25,2,2,0,0.15402,0.01936,0.00239,0.01697,0.03072
1751,Coomnaclohy,54.0,2,2,0,0.1438,0.01964,0.00296,0.01669,0.03454
6201,Coomataggart,156.84,2,2,0,0.1438,0.01964,0.00296,0.01669,0.03454
1971,Coomagearlah,81.0,2,2,0,0.1438,0.01964,0.00296,0.01669,0.03454
2731,Glanlee,29.8,2,2,0,0.1438,0.01964,0.00296,0.01669,0.03454
2771,Garrow,74.215,2,2,0,0.1438,0.01964,0.00296,0.01669,0.03454
4681,Rathkeale,32.49,2,2,0,0.14484,0.01878,0.00245,0.01634,0.03111
5221,Tullabrack,31.0,2,2,0,0.1458,0.01836,0.00212,0.01624,0.02939
1661,Castlebar,50.44,1,1,0,0.30092,0.01735,0.00197,0.01539,0.03194
2821,Gortawee,8.0,1,1,0,0.0617,0.0228,0.0078,0.015,-0.01339
1551,Boggeragh,169.05,3,3,0,0.12337,0.01779,0.00292,0.01487,0.0331
3881,Macroom,24.0,3,3,0,0.12137,0.01761,0.00292,0.01469,0.03296
1251,Booltiagh,154.219,2,2,0,0.12521,0.01592,0.00149,0.01442,0.02607
1281,Ballylickey,65.71,3,3,0,0.11825,0.01734,0.00292,0.01442,0.03278
3891,Carrigdangan,67.9,3,3,0,0.11825,0.01734,0.00292,0.01442,0.03278
2221,Dunmanway,27.17,3,3,0,0.11825,0.01734,0.00292,0.01442,0.03278
2225,Dunmanway,22.95,3,3,0,0.11825,0.01734,0.00292,0.01442,0.03278
1441,Bandon,13.6,3,3,0,0.1119,0.01678,0.00292,0.01386,0.0324
66096,Upperchurch,84.0,2,2,0,0.11504,0.01551,0.00215,0.01336,0.0269
4261,Nenagh,14.69,2,2,0,0.11504,0.01551,0.00215,0.01336,0.0269
1881,Charleville,70.699,2,2,0,0.11097,0.01578,0.00246,0.01332,0.02897
2881,Glenlara,26.0,2,2,0,0.11097,0.01578,0.00246,0.01332,0.02897
3221,Kilbarry,0.85,3,3,0,0.10488,0.01615,0.0029,0.01325,0.03195
1021,Ardnacrusha,8.16,2,2,0,0.11292,0.01505,0.00181,0.01324,0.02591
1381,Barnahely,2.0,4,4,0,0.1029,0.01599,0.00291,0.01308,0.03189
2281,Dalton_A1,40.8,1,1,0,0.22216,0.01487,0.00188,0.01299,0.02479
22811,Dalton_A2,2.55,1,1,0,0.22208,0.01486,0.00188,0.01299,0.02478
32060,Knockraha Of,450.0,4,4,0,0.10161,0.01592,0.00295,0.01298,0.03197
3801,Midleton,1.7,4,4,0,0.10013,0.01577,0.00292,0.01285,0.0318
1121,Arklow,118.39,2,2,0,0.45162,0.02043,0.00783,0.01259,0.07315
1461,Barrymore,32.4,4,4,0,0.09102,0.01475,0.00277,0.01198,0.03043
23610,Slievecallan,72.39,2,2,0,0.0974,0.0129,0.00094,0.01196,0.02158
5271,Cauteen,59.08,3,3,0,0.09404,0.01407,0.00229,0.01178,0.02713
5274,Cauteen,115.08,3,3,0,0.09402,0.01407,0.00229,0.01178,0.02714
66094,Sliabh Bawn,58.0,0,0,0,0.03947,0.0147,0.00336,0.01134,-0.00621
5381,Tipperary,4.6,3,3,0,0.08456,0.01342,0.00235,0.01107,0.02724
1991,Castledockre,41.4,2,2,0,0.36501,0.01597,0.00532,0.01065,0.05876
36411,Crory,60.162,2,2,0,0.36501,0.01597,0.00532,0.01065,0.05876
1841,Crane,7.49,2,2,0,0.35633,0.01569,0.00526,0.01044,0.05781
1231,Ballywater,42.0,2,2,0,0.35633,0.01569,0.00526,0.01044,0.05781
6931,Woodhouse,20.0,4,4,0,0.1177,0.0136,0.00321,0.01039,0.03277
68090,Knocknamona,34.0,4,4,0,0.1177,0.0136,0.00321,0.01039,0.03277
2141,Dungarvan,8.98,4,4,0,0.12719,0.01315,0.00327,0.00989,0.03298
1821,Cloon,9.24,1,1,0,0.096,0.01146,0.00185,0.0096,0.01169
2391,Kill Hill,36.0,3,3,0,0.06673,0.01116,0.00201,0.00915,0.02398
5501,Wexford,38.9,2,2,0,0.29111,0.01295,0.00405,0.0089,0.04866
4701,Richmond,4.99,0,0,0,0.02994,0.01115,0.00283,0.00832,-0.00462
3501,Lanesboro_A1,9.55,0,0,0,0.02994,0.01114,0.00283,0.00831,-0.00462
4671,Rappareehill,90.0,0,0,0,0.02994,0.01114,0.00283,0.00831,-0.00462
2231,Derrybrien,59.5,2,2,0,0.0657,0.00928,0.00102,0.00826,0.0139
5301,Thurles,41.8,3,3,0,0.05725,0.00954,0.00149,0.00804,0.01996
36210,Lisheen,59.0,3,3,0,0.05725,0.00954,0.00149,0.00804,0.01996
3621,Lisheen,68.4,3,3,0,0.05725,0.00954,0.00149,0.00804,0.01996
1481,Butlerstown,1.7,2,2,0,0.1749,0.01101,0.0036,0.00741,0.03417
5441,Waterford,18.53,2,2,0,0.17833,0.01088,0.00363,0.00725,0.0343
3101,Ikerrin,35.95,0,0,0,0.04786,0.00764,0.00094,0.0067,0.0151
2742,Great Island,450.0,2,2,0,0.20711,0.01052,0.00388,0.00664,0.0365
1141,Athlone,0.9,0,0,0,0.01862,0.00716,0.00164,0.00551,0.00121
5001,Somerset,7.65,0,0,0,0.02889,0.00604,0.00137,0.00467,0.00566
2241,Dallow,26.03,0,0,0,0.01535,0.0029,0.00126,0.00164,0.00203
4961,Shankill,28.017,0,0,0,0.04474,0.00955,0.00807,0.00148,-0.0173
5081,Stonestown,105.0,0,0,0,0.01182,0.00227,0.00125,0.00102,0.00127
3571,Derrycarney,34.0,0,0,0,0.00964,0.00154,0.00124,0.0003,0.00039
3491,Lislea,48.9,0,0,0,0.04582,0.00665,0.00838,-0.00173,-0.01838
4781,Ratrussan,78.62,0,0,0,0.04616,0.00646,0.00842,-0.00196,-0.01849
17420,Dublin Array,824.0,3,1,2,0.47176,0.01052,0.01393,-0.00341,0.02497
3511,Lickny,97.5,0,0,0,0.04707,0.00271,0.00704,-0.00433,-0.01521
1901,Carlow,55.74,2,2,0,0.05976,0.00318,0.00823,-0.00504,0.0036
3561,Lisdrum,33.1,0,0,0,0.0472,0.00298,0.00876,-0.00578,-0.01975
1431,Ballyragget,45.0,0,0,0,0.04696,0.00254,0.00838,-0.00584,0.00036
2651,Garrintaggar,49.5,0,0,0,0.04408,0.00162,0.00921,-0.00759,-0.00469
4481,Portlaoise,54.201,0,0,0,0.04407,0.00034,0.00893,-0.00859,-0.01048
3311,Knockdrin,110.2,1,0,1,0.05009,0.00032,0.00984,-0.00952,-0.01874
2111,Uggool,174.0,1,0,1,0.15812,0.00943,0.01907,-0.00964,-0.00608
1521,Bogtown,56.4,0,0,0,0.04587,0.00032,0.01012,-0.00979,-0.01668
2401,Mount Lucas,79.2,0,0,0,0.04587,0.00032,0.01012,-0.00979,-0.01668
4121,Mulgeeth,60.0,1,0,1,0.05588,0.00032,0.01014,-0.00982,-0.01981
4391,Philipstown,50.0,0,0,0,0.04616,0.00032,0.01018,-0.00986,-0.01568
1671,Kilcumber,75.0,0,0,0,0.04623,0.00032,0.01022,-0.0099,-0.01585
2101,Dundalk,16.6,1,0,1,0.05069,0.00032,0.01288,-0.01256,-0.02209
2181,Drybridge,5.95,3,0,3,0.05707,0.00032,0.0129,-0.01257,-0.02295
3821,Meath Hill,68.698,2,0,2,0.05206,0.00032,0.01316,-0.01284,-0.02243
2701,Glasmore,0.5,3,0,3,0.07003,0.00032,0.0157,-0.01537,-0.02612
14720,Nisa Belcamp,500.0,3,0,3,0.07046,0.00032,0.01573,-0.0154,-0.02619
44731,Codling 1,483.0,4,0,4,0.074,0.00032,0.01577,-0.01544,-0.02657
66123,Oriel Offsho,370.0,2,0,2,0.0551,0.00032,0.01628,-0.01596,-0.0233
44732,Codling 2,483.0,4,0,4,0.16972,0.00032,0.01726,-0.01694,-0.03721
44733,Codling 3,483.0,4,0,4,0.16972,0.00032,0.01726,-0.01694,-0.03721
70010,Aghyoule,82.5,0,0,0,0.04818,0.00032,0.02218,-0.02185,-0.02393
79010,Enniskil,16.9,0,0,0,0.04818,0.00032,0.02218,-0.02185,-0.02393
74011,Carn1A,13.8,3,0,3,0.05668,0.00032,0.02848,-0.02815,-0.02605
83011,Larn1A,15.0,3,0,3,0.05657,0.00032,0.0291,-0.02878,-0.02622
71011,Bame1A,50.15,3,0,3,0.05645,0.00032,0.02987,-0.02955,-0.02642
77511,Dung1-,17.5,3,0,3,0.05645,0.00032,0.03031,-0.02998,-0.02649
77212,Wind_Pt,51.6,2,0,2,0.06896,0.00032,0.03428,-0.03396,-0.02737
77210,Drumquin,67.9,2,0,2,0.06896,0.00032,0.03428,-0.03396,-0.02737
90210,Trem,90.0,3,0,3,0.06881,0.00032,0.03457,-0.03425,-0.02758
73500,Brock1,47.5,3,0,3,0.07021,0.00032,0.03533,-0.035,-0.02788
87900,Rashark1,76.3,3,0,3,0.07021,0.00032,0.03533,-0.035,-0.02788
80710,Gort,67.5,3,0,3,0.07346,0.00032,0.03618,-0.03585,-0.02799
85510,Makl1-Cl,70.6,3,0,3,0.08105,0.00032,0.0388,-0.03847,-0.02865
87510,Omah1-,95.7,3,0,3,0.08105,0.00032,0.0388,-0.03847,-0.02865
75010,Cole1-,103.0,3,0,3,0.08819,0.00032,0.04176,-0.04144,-0.0296
83510,Lima1-,37.7,3,0,3,0.09652,0.00032,0.04475,-0.04442,-0.0304
84412,Lsmr1B,15.0,3,0,3,0.10935,0.00032,0.04934,-0.04902,-0.03163
89210,Skrk1-,27.6,3,0,3,0.13766,0.00032,0.05945,-0.05913,-0.03434
81810,Kill1-Cl,73.7,3,0,3,0.13766,0.00032,0.05945,-0.05913,-0.03434
89510,Strabane,28.1,2,0,2,0.15925,0.00032,0.06717,-0.06684,-0.03641
